index,label,image_path,prediction_path,component_id,area_pixels,area_km2_approx,centroid_x_px,centroid_y_px,longitude,latitude,bbox_x_px,bbox_y_px,bbox_width_px,bbox_height_px,crs
0,Oil,A:\SIH26143_DATA\OFFICIAL_DATASET\PART_III_TEST\Images\Oil\00000.tif,C:\SlickTrace\outputs\part_iii_predictions\prediction_0000.tif,1,1531,0.12459454535688629,1316.9248856956237,958.7067276290006,34.81139471283859,35.53658175439155,1305,920,27,81,EPSG:4326
0,Oil,A:\SIH26143_DATA\OFFICIAL_DATASET\PART_III_TEST\Images\Oil\00000.tif,C:\SlickTrace\outputs\part_iii_predictions\prediction_0000.tif,2,4582,0.37288844338684063,1398.9535137494545,1021.9746835443038,34.8187634698702,35.53089829721218,1343,978,122,86,EPSG:4326
0,Oil,A:\SIH26143_DATA\OFFICIAL_DATASET\PART_III_TEST\Images\Oil\00000.tif,C:\SlickTrace\outputs\part_iii_predictions\prediction_0000.tif,3,555,0.04516653995628471,1155.7063063063063,1005.2378378378378,34.79691220144365,35.532401793642784,1137,996,39,20,EPSG:4326
0,Oil,A:\SIH26143_DATA\OFFICIAL_DATASET\PART_III_TEST\Images\Oil\00000.tif,C:\SlickTrace\outputs\part_iii_predictions\prediction_0000.tif,4,13647,1.1106085960061576,1008.6092914193596,1098.7774602476734,34.78369825177151,35.52399898639464,912,998,183,203,EPSG:4326
0,Oil,A:\SIH26143_DATA\OFFICIAL_DATASET\PART_III_TEST\Images\Oil\00000.tif,C:\SlickTrace\outputs\part_iii_predictions\prediction_0000.tif,5,4268,0.34733476132148317,1293.4468134957826,1041.1431583880037,34.809285641728714,35.529176363819644,1248,1004,87,78,EPSG:4326
0,Oil,A:\SIH26143_DATA\OFFICIAL_DATASET\PART_III_TEST\Images\Oil\00000.tif,C:\SlickTrace\outputs\part_iii_predictions\prediction_0000.tif,6,1219,0.09920362559767759,1116.2436423297786,1060.1427399507793,34.793367210023426,35.527469602368676,1097,1036,41,48,EPSG:4326
0,Oil,A:\SIH26143_DATA\OFFICIAL_DATASET\PART_III_TEST\Images\Oil\00000.tif,C:\SlickTrace\outputs\part_iii_predictions\prediction_0000.tif,7,1927,0.15682148197434348,1247.4353918007266,1087.484691229891,34.80515236539344,35.5250134330955,1217,1059,74,67,EPSG:4326
0,Oil,A:\SIH26143_DATA\OFFICIAL_DATASET\PART_III_TEST\Images\Oil\00000.tif,C:\SlickTrace\outputs\part_iii_predictions\prediction_0000.tif,8,562,0.04573620802780542,1181.0836298932384,1076.3167259786476,34.799191885208465,35.52601666848327,1161,1063,38,31,EPSG:4326
0,Oil,A:\SIH26143_DATA\OFFICIAL_DATASET\PART_III_TEST\Images\Oil\00000.tif,C:\SlickTrace\outputs\part_iii_predictions\prediction_0000.tif,9,772,0.06282625017342666,1128.5647668393783,1118.562176165803,34.794474035469875,35.522221695124514,1117,1092,30,54,EPSG:4326
0,Oil,A:\SIH26143_DATA\OFFICIAL_DATASET\PART_III_TEST\Images\Oil\00000.tif,C:\SlickTrace\outputs\part_iii_predictions\prediction_0000.tif,10,37545,3.055455392177855,1617.8823545079238,1352.4883473165535,34.83843018224899,35.50120774963448,1510,1113,220,454,EPSG:4326
0,Oil,A:\SIH26143_DATA\OFFICIAL_DATASET\PART_III_TEST\Images\Oil\00000.tif,C:\SlickTrace\outputs\part_iii_predictions\prediction_0000.tif,11,6993,0.5690984034491874,1785.7368797368797,1201.033033033033,34.85350881080117,35.514813212002686,1733,1133,124,128,EPSG:4326
0,Oil,A:\SIH26143_DATA\OFFICIAL_DATASET\PART_III_TEST\Images\Oil\00000.tif,C:\SlickTrace\outputs\part_iii_predictions\prediction_0000.tif,12,3413,0.2777538754428824,862.999707002637,1179.6653970114269,34.77061792025193,35.516732699405054,813,1137,109,78,EPSG:4326
0,Oil,A:\SIH26143_DATA\OFFICIAL_DATASET\PART_III_TEST\Images\Oil\00000.tif,C:\SlickTrace\outputs\part_iii_predictions\prediction_0000.tif,13,776,0.0631517747857242,1130.9110824742268,1170.256443298969,34.794684808589494,35.51757792009781,1114,1154,42,42,EPSG:4326
0,Oil,A:\SIH26143_DATA\OFFICIAL_DATASET\PART_III_TEST\Images\Oil\00000.tif,C:\SlickTrace\outputs\part_iii_predictions\prediction_0000.tif,14,1092,0.08886821915723045,1302.4395604395604,1189.901098901099,34.810093473931296,35.51581321065994,1282,1167,41,56,EPSG:4326
0,Oil,A:\SIH26143_DATA\OFFICIAL_DATASET\PART_III_TEST\Images\Oil\00000.tif,C:\SlickTrace\outputs\part_iii_predictions\prediction_0000.tif,15,1288,0.10481892515981028,953.8400621118012,1202.5419254658384,34.77877824819287,35.51467766588924,916,1177,79,60,EPSG:4326
0,Oil,A:\SIH26143_DATA\OFFICIAL_DATASET\PART_III_TEST\Images\Oil\00000.tif,C:\SlickTrace\outputs\part_iii_predictions\prediction_0000.tif,16,560386,45.604858846743355,651.6371501072475,1648.5264674706364,34.75163089871696,35.474614192832846,2,1176,1348,872,EPSG:4326
0,Oil,A:\SIH26143_DATA\OFFICIAL_DATASET\PART_III_TEST\Images\Oil\00000.tif,C:\SlickTrace\outputs\part_iii_predictions\prediction_0000.tif,17,3172,0.2581410175519551,815.202711223203,1266.7531525851198,34.766324243067565,35.50890947321591,774,1208,76,120,EPSG:4326
0,Oil,A:\SIH26143_DATA\OFFICIAL_DATASET\PART_III_TEST\Images\Oil\00000.tif,C:\SlickTrace\outputs\part_iii_predictions\prediction_0000.tif,18,1164,0.09472766217858632,873.6340206185567,1236.0017182130584,34.77157321689766,35.51167192156641,848,1217,50,38,EPSG:4326
0,Oil,A:\SIH26143_DATA\OFFICIAL_DATASET\PART_III_TEST\Images\Oil\00000.tif,C:\SlickTrace\outputs\part_iii_predictions\prediction_0000.tif,19,534,0.043457535741722585,906.4644194756554,1319.8913857677903,34.774522421805365,35.504135984512,896,1302,22,37,EPSG:4326
0,Oil,A:\SIH26143_DATA\OFFICIAL_DATASET\PART_III_TEST\Images\Oil\00000.tif,C:\SlickTrace\outputs\part_iii_predictions\prediction_0000.tif,20,1178,0.09586699832162773,1332.804753820034,1324.1103565365026,34.812821225663185,35.503756987919516,1317,1302,34,55,EPSG:4326
0,Oil,A:\SIH26143_DATA\OFFICIAL_DATASET\PART_III_TEST\Images\Oil\00000.tif,C:\SlickTrace\outputs\part_iii_predictions\prediction_0000.tif,21,1209,0.09838981406693371,1462.8949545078578,1349.029776674938,34.82450742722239,35.50151843832134,1444,1321,39,57,EPSG:4326
0,Oil,A:\SIH26143_DATA\OFFICIAL_DATASET\PART_III_TEST\Images\Oil\00000.tif,C:\SlickTrace\outputs\part_iii_predictions\prediction_0000.tif,22,2142,0.17431842988533666,855.4547152194211,1370.5807656395891,34.76994014210819,35.499582480043856,815,1341,73,63,EPSG:4326
0,Oil,A:\SIH26143_DATA\OFFICIAL_DATASET\PART_III_TEST\Images\Oil\00000.tif,C:\SlickTrace\outputs\part_iii_predictions\prediction_0000.tif,23,1708,0.13899900945105276,1963.8536299765808,1382.4209601873536,34.869509310710974,35.49851885727094,1947,1340,37,86,EPSG:4326
0,Oil,A:\SIH26143_DATA\OFFICIAL_DATASET\PART_III_TEST\Images\Oil\00000.tif,C:\SlickTrace\outputs\part_iii_predictions\prediction_0000.tif,24,2544,0.2070336534212402,1397.441823899371,1500.372248427673,34.81862767246048,35.487923112770154,1362,1469,70,67,EPSG:4326
0,Oil,A:\SIH26143_DATA\OFFICIAL_DATASET\PART_III_TEST\Images\Oil\00000.tif,C:\SlickTrace\outputs\part_iii_predictions\prediction_0000.tif,25,548,0.044596871884764,1480.1131386861314,1490.315693430657,34.826054163023606,35.488826508476095,1461,1475,33,30,EPSG:4326
0,Oil,A:\SIH26143_DATA\OFFICIAL_DATASET\PART_III_TEST\Images\Oil\00000.tif,C:\SlickTrace\outputs\part_iii_predictions\prediction_0000.tif,26,1195,0.0972504779238923,1464.9062761506277,1518.9531380753137,34.82468810731969,35.48625396305385,1440,1500,52,39,EPSG:4326
0,Oil,A:\SIH26143_DATA\OFFICIAL_DATASET\PART_III_TEST\Images\Oil\00000.tif,C:\SlickTrace\outputs\part_iii_predictions\prediction_0000.tif,27,2419,0.19686100928694183,1439.8160396858207,1559.463001240182,34.82243421302984,35.48261490012999,1402,1522,81,74,EPSG:4326
0,Oil,A:\SIH26143_DATA\OFFICIAL_DATASET\PART_III_TEST\Images\Oil\00000.tif,C:\SlickTrace\outputs\part_iii_predictions\prediction_0000.tif,28,560,0.04557344572165664,1412.3553571428572,1606.4107142857142,34.819967377945765,35.47839751531166,1401,1589,23,36,EPSG:4326
0,Oil,A:\SIH26143_DATA\OFFICIAL_DATASET\PART_III_TEST\Images\Oil\00000.tif,C:\SlickTrace\outputs\part_iii_predictions\prediction_0000.tif,29,866,0.07047607856241903,1174.715935334873,1674.70207852194,34.798619865473825,35.47226279768499,1157,1652,38,47,EPSG:4326
0,Oil,A:\SIH26143_DATA\OFFICIAL_DATASET\PART_III_TEST\Images\Oil\00000.tif,C:\SlickTrace\outputs\part_iii_predictions\prediction_0000.tif,30,521,0.04239958075175556,1184.7178502879078,1713.4433781190019,34.7995183527811,35.46878260752952,1174,1700,24,32,EPSG:4326
0,Oil,A:\SIH26143_DATA\OFFICIAL_DATASET\PART_III_TEST\Images\Oil\00000.tif,C:\SlickTrace\outputs\part_iii_predictions\prediction_0000.tif,31,577,0.04695692532392122,145.4956672443674,1763.2062391681109,34.70616343571869,35.46431233366332,133,1750,25,29,EPSG:4326
0,Oil,A:\SIH26143_DATA\OFFICIAL_DATASET\PART_III_TEST\Images\Oil\00000.tif,C:\SlickTrace\outputs\part_iii_predictions\prediction_0000.tif,32,712,0.05794338098896345,591.7134831460675,1860.3005617977528,34.746247864125785,35.455590202261384,573,1841,40,39,EPSG:4326
0,Oil,A:\SIH26143_DATA\OFFICIAL_DATASET\PART_III_TEST\Images\Oil\00000.tif,C:\SlickTrace\outputs\part_iii_predictions\prediction_0000.tif,33,531,0.04321339228249942,1036.8173258003767,1868.3728813559321,34.78623222261346,35.45486505345764,1024,1855,26,27,EPSG:4326
0,Oil,A:\SIH26143_DATA\OFFICIAL_DATASET\PART_III_TEST\Images\Oil\00000.tif,C:\SlickTrace\outputs\part_iii_predictions\prediction_0000.tif,34,742,0.06038481558119505,960.4097035040431,1909.601078167116,34.77936840912025,35.45116146152442,934,1898,53,24,EPSG:4326
0,Oil,A:\SIH26143_DATA\OFFICIAL_DATASET\PART_III_TEST\Images\Oil\00000.tif,C:\SlickTrace\outputs\part_iii_predictions\prediction_0000.tif,35,600,0.04882869184463212,541.9016666666666,1954.0433333333333,34.741773192518465,35.447169145816765,525,1943,37,24,EPSG:4326
0,Oil,A:\SIH26143_DATA\OFFICIAL_DATASET\PART_III_TEST\Images\Oil\00000.tif,C:\SlickTrace\outputs\part_iii_predictions\prediction_0000.tif,36,642,0.052246700273756365,1245.0529595015576,1969.816199376947,34.804938347858666,35.44575224515263,1227,1954,37,35,EPSG:4326
0,Oil,A:\SIH26143_DATA\OFFICIAL_DATASET\PART_III_TEST\Images\Oil\00000.tif,C:\SlickTrace\outputs\part_iii_predictions\prediction_0000.tif,37,646,0.05257222488605391,537.0371517027863,1981.5448916408668,34.74133620570428,35.44469863880029,519,1968,36,27,EPSG:4326
0,Oil,A:\SIH26143_DATA\OFFICIAL_DATASET\PART_III_TEST\Images\Oil\00000.tif,C:\SlickTrace\outputs\part_iii_predictions\prediction_0000.tif,38,716,0.058268905601260995,561.6564245810056,2004.2835195530727,34.743547792615324,35.44265599310095,542,1991,38,26,EPSG:4326
1,Oil,A:\SIH26143_DATA\OFFICIAL_DATASET\PART_III_TEST\Images\Oil\00001.tif,C:\SlickTrace\outputs\part_iii_predictions\prediction_0001.tif,1,84249,6.866688514623897,1587.8410544932285,780.0310864223908,35.04444670122973,35.43065526558642,902,651,1146,260,EPSG:4326
1,Oil,A:\SIH26143_DATA\OFFICIAL_DATASET\PART_III_TEST\Images\Oil\00001.tif,C:\SlickTrace\outputs\part_iii_predictions\prediction_0001.tif,2,4000,0.3260187546261153,1996.07725,855.243,35.08111918262519,35.42389886443495,1922,809,126,83,EPSG:4326
1,Oil,A:\SIH26143_DATA\OFFICIAL_DATASET\PART_III_TEST\Images\Oil\00001.tif,C:\SlickTrace\outputs\part_iii_predictions\prediction_0001.tif,3,3961,0.3228400717685107,1879.6369603635446,868.1401161322898,35.070659173438415,35.42274029678068,1833,834,101,73,EPSG:4326
1,Oil,A:\SIH26143_DATA\OFFICIAL_DATASET\PART_III_TEST\Images\Oil\00001.tif,C:\SlickTrace\outputs\part_iii_predictions\prediction_0001.tif,4,1203,0.09805014045380418,855.024106400665,875.5818786367415,34.9786166347364,35.42207179188083,835,845,39,61,EPSG:4326
1,Oil,A:\SIH26143_DATA\OFFICIAL_DATASET\PART_III_TEST\Images\Oil\00001.tif,C:\SlickTrace\outputs\part_iii_predictions\prediction_0001.tif,5,1496,0.12193101423016713,1745.8148395721926,879.2620320855615,35.0586377277924,35.421741198071736,1715,861,59,37,EPSG:4326
1,Oil,A:\SIH26143_DATA\OFFICIAL_DATASET\PART_III_TEST\Images\Oil\00001.tif,C:\SlickTrace\outputs\part_iii_predictions\prediction_0001.tif,6,7484,0.6099810899054617,84.26309460181722,924.1557990379476,34.90937799500617,35.41770832237023,0,867,170,123,EPSG:4326
1,Oil,A:\SIH26143_DATA\OFFICIAL_DATASET\PART_III_TEST\Images\Oil\00001.tif,C:\SlickTrace\outputs\part_iii_predictions\prediction_0001.tif,7,522,0.042545447478708046,617.1494252873563,911.7662835249042,34.957247988561484,35.41882129148505,602,897,32,28,EPSG:4326
1,Oil,A:\SIH26143_DATA\OFFICIAL_DATASET\PART_III_TEST\Images\Oil\00001.tif,C:\SlickTrace\outputs\part_iii_predictions\prediction_0001.tif,8,1219,0.09935421547230865,366.0164068908942,930.2124692370795,34.93468832568422,35.41716424242915,339,913,53,32,EPSG:4326
2,Oil,A:\SIH26143_DATA\OFFICIAL_DATASET\PART_III_TEST\Images\Oil\00002.tif,C:\SlickTrace\outputs\part_iii_predictions\prediction_0002.tif,1,943,0.08835604295658711,2011.9236479321314,888.2990455991517,38.65364843056525,20.465213339157618,1992,869,41,41,EPSG:4326
2,Oil,A:\SIH26143_DATA\OFFICIAL_DATASET\PART_III_TEST\Images\Oil\00002.tif,C:\SlickTrace\outputs\part_iii_predictions\prediction_0002.tif,2,879,0.08235945043355257,1839.108077360637,1072.452787258248,38.638124143727424,20.448670527081603,1825,1044,27,54,EPSG:4326
2,Oil,A:\SIH26143_DATA\OFFICIAL_DATASET\PART_III_TEST\Images\Oil\00002.tif,C:\SlickTrace\outputs\part_iii_predictions\prediction_0002.tif,3,9901,0.9276916026650784,1772.0970609029391,1183.5196444803555,38.632104441698594,20.438693221541428,1704,1097,171,176,EPSG:4326
2,Oil,A:\SIH26143_DATA\OFFICIAL_DATASET\PART_III_TEST\Images\Oil\00002.tif,C:\SlickTrace\outputs\part_iii_predictions\prediction_0002.tif,4,664,0.062214647426483395,1834.4277108433735,1125.3734939759036,38.637703699249656,20.443916579112514,1821,1103,28,49,EPSG:4326
2,Oil,A:\SIH26143_DATA\OFFICIAL_DATASET\PART_III_TEST\Images\Oil\00002.tif,C:\SlickTrace\outputs\part_iii_predictions\prediction_0002.tif,5,1190,0.11149914222517356,1688.6924369747899,1219.9605042016806,38.624612076854504,20.435419683416015,1669,1192,46,53,EPSG:4326
2,Oil,A:\SIH26143_DATA\OFFICIAL_DATASET\PART_III_TEST\Images\Oil\00002.tif,C:\SlickTrace\outputs\part_iii_predictions\prediction_0002.tif,6,609,0.05706132572700058,1865.6042692939245,1222.5697865353038,38.64050433714589,20.435185287595928,1850,1208,31,28,EPSG:4326
2,Oil,A:\SIH26143_DATA\OFFICIAL_DATASET\PART_III_TEST\Images\Oil\00002.tif,C:\SlickTrace\outputs\part_iii_predictions\prediction_0002.tif,7,292185,27.376787286607,1109.9518900696476,1690.0586546195048,38.572622928972045,20.39319004806035,389,1217,1309,831,EPSG:4326
2,Oil,A:\SIH26143_DATA\OFFICIAL_DATASET\PART_III_TEST\Images\Oil\00002.tif,C:\SlickTrace\outputs\part_iii_predictions\prediction_0002.tif,8,17351,1.6257324510495683,1763.356002535877,1343.6981730159646,38.63131921906554,20.424304139504297,1642,1231,226,229,EPSG:4326
2,Oil,A:\SIH26143_DATA\OFFICIAL_DATASET\PART_III_TEST\Images\Oil\00002.tif,C:\SlickTrace\outputs\part_iii_predictions\prediction_0002.tif,9,1737,0.16275126894548442,1651.971790443293,1481.461715601612,38.621313405052305,20.411928629914385,1620,1457,70,59,EPSG:4326
2,Oil,A:\SIH26143_DATA\OFFICIAL_DATASET\PART_III_TEST\Images\Oil\00002.tif,C:\SlickTrace\outputs\part_iii_predictions\prediction_0002.tif,10,625,0.05856047385775922,1588.1408,1528.2384,38.61557936962073,20.407726608860834,1573,1515,32,28,EPSG:4326
3,Oil,A:\SIH26143_DATA\OFFICIAL_DATASET\PART_III_TEST\Images\Oil\00003.tif,C:\SlickTrace\outputs\part_iii_predictions\prediction_0003.tif,1,54084,5.077043584075885,608.5364433104061,318.96141187781967,38.18087852650005,20.224904118877724,138,206,797,269,EPSG:4326
3,Oil,A:\SIH26143_DATA\OFFICIAL_DATASET\PART_III_TEST\Images\Oil\00003.tif,C:\SlickTrace\outputs\part_iii_predictions\prediction_0003.tif,2,3219,0.3021781542996131,38.08045977011494,304.94066480273375,38.12963359360689,20.226163624016955,0,281,98,58,EPSG:4326
3,Oil,A:\SIH26143_DATA\OFFICIAL_DATASET\PART_III_TEST\Images\Oil\00003.tif,C:\SlickTrace\outputs\part_iii_predictions\prediction_0003.tif,3,7077,0.6643413476167636,511.06457538505015,619.7720785643635,38.172122479627156,20.19788183692665,405,554,221,107,EPSG:4326
3,Oil,A:\SIH26143_DATA\OFFICIAL_DATASET\PART_III_TEST\Images\Oil\00003.tif,C:\SlickTrace\outputs\part_iii_predictions\prediction_0003.tif,4,460235,43.20377845420393,969.3991591252295,1337.4313926580985,38.21329537580859,20.13341340386254,0,599,2048,1449,EPSG:4326
4,Oil,A:\SIH26143_DATA\OFFICIAL_DATASET\PART_III_TEST\Images\Oil\00004.tif,C:\SlickTrace\outputs\part_iii_predictions\prediction_0004.tif,1,1204182,97.6402334747029,1000.0501884266664,1532.1368156972949,35.02867536389561,35.77671986833244,0,785,2048,1263,EPSG:4326
4,Oil,A:\SIH26143_DATA\OFFICIAL_DATASET\PART_III_TEST\Images\Oil\00004.tif,C:\SlickTrace\outputs\part_iii_predictions\prediction_0004.tif,2,1586,0.12859967205196454,1588.547919293821,869.1607818411097,35.081541014526366,35.83627601875423,1565,831,51,71,EPSG:4326
4,Oil,A:\SIH26143_DATA\OFFICIAL_DATASET\PART_III_TEST\Images\Oil\00004.tif,C:\SlickTrace\outputs\part_iii_predictions\prediction_0004.tif,3,1680,0.13622159460737734,1384.7529761904761,922.2672619047619,35.06323380330477,35.83150538248154,1364,894,46,53,EPSG:4326
4,Oil,A:\SIH26143_DATA\OFFICIAL_DATASET\PART_III_TEST\Images\Oil\00004.tif,C:\SlickTrace\outputs\part_iii_predictions\prediction_0004.tif,4,722,0.058542851968170495,1707.6052631578948,1107.6481994459834,35.09223611769434,35.81485232952377,1691,1090,33,38,EPSG:4326
4,Oil,A:\SIH26143_DATA\OFFICIAL_DATASET\PART_III_TEST\Images\Oil\00004.tif,C:\SlickTrace\outputs\part_iii_predictions\prediction_0004.tif,5,613,0.04970466517519185,1290.3703099510603,1784.8287112561175,35.05475526414089,35.75402016913708,1278,1767,24,35,EPSG:4326
4,Oil,A:\SIH26143_DATA\OFFICIAL_DATASET\PART_III_TEST\Images\Oil\00004.tif,C:\SlickTrace\outputs\part_iii_predictions\prediction_0004.tif,6,2866,0.23238755365758537,896.3468248429867,1957.3893928820655,35.01935953224342,35.73851877936281,857,1908,87,93,EPSG:4326
4,Oil,A:\SIH26143_DATA\OFFICIAL_DATASET\PART_III_TEST\Images\Oil\00004.tif,C:\SlickTrace\outputs\part_iii_predictions\prediction_0004.tif,7,6879,0.5577787793477076,615.0505887483646,1995.7185637447303,34.99409026141851,35.73507561136145,534,1919,134,128,EPSG:4326
4,Oil,A:\SIH26143_DATA\OFFICIAL_DATASET\PART_III_TEST\Images\Oil\00004.tif,C:\SlickTrace\outputs\part_iii_predictions\prediction_0004.tif,8,1654,0.13411340326226315,837.7400241837969,2035.6717049576785,35.014094793764876,35.73148655962144,790,2012,94,36,EPSG:4326
5,Oil,A:\SIH26143_DATA\OFFICIAL_DATASET\PART_III_TEST\Images\Oil\00005.tif,C:\SlickTrace\outputs\part_iii_predictions\prediction_0005.tif,1,96113,7.826997171507557,389.1062083172932,248.0361865720558,34.9737933323883,35.546939858322794,63,0,617,470,EPSG:4326
5,Oil,A:\SIH26143_DATA\OFFICIAL_DATASET\PART_III_TEST\Images\Oil\00005.tif,C:\SlickTrace\outputs\part_iii_predictions\prediction_0005.tif,2,11145,0.9075971354182236,1049.1458052938538,76.01740690892777,35.03308569819711,35.562392568215486,982,1,154,158,EPSG:4326
5,Oil,A:\SIH26143_DATA\OFFICIAL_DATASET\PART_III_TEST\Images\Oil\00005.tif,C:\SlickTrace\outputs\part_iii_predictions\prediction_0005.tif,3,1705,0.1388472961765878,458.89677419354837,37.620527859237534,34.9800627255897,35.56584181854677,431,7,56,60,EPSG:4326
5,Oil,A:\SIH26143_DATA\OFFICIAL_DATASET\PART_III_TEST\Images\Oil\00005.tif,C:\SlickTrace\outputs\part_iii_predictions\prediction_0005.tif,4,508,0.04136916507783379,399.0570866141732,28.161417322834644,34.97468723499475,35.56669154490368,388,11,23,37,EPSG:4326
5,Oil,A:\SIH26143_DATA\OFFICIAL_DATASET\PART_III_TEST\Images\Oil\00005.tif,C:\SlickTrace\outputs\part_iii_predictions\prediction_0005.tif,5,1101,0.08966033612341535,1139.5485921889192,49.072661217075385,35.041206718716595,35.56481305590366,1121,29,41,46,EPSG:4326
5,Oil,A:\SIH26143_DATA\OFFICIAL_DATASET\PART_III_TEST\Images\Oil\00005.tif,C:\SlickTrace\outputs\part_iii_predictions\prediction_0005.tif,6,595,0.04845404177423446,1179.3495798319327,67.19663865546218,35.044782102268876,35.563184951309466,1160,55,35,27,EPSG:4326
5,Oil,A:\SIH26143_DATA\OFFICIAL_DATASET\PART_III_TEST\Images\Oil\00005.tif,C:\SlickTrace\outputs\part_iii_predictions\prediction_0005.tif,7,750,0.061076523244833356,964.7426666666667,80.18133333333333,35.02550363525147,35.56201851634059,948,57,35,43,EPSG:4326
5,Oil,A:\SIH26143_DATA\OFFICIAL_DATASET\PART_III_TEST\Images\Oil\00005.tif,C:\SlickTrace\outputs\part_iii_predictions\prediction_0005.tif,8,3013,0.2453647527155772,1115.6886823763691,137.01858612678393,35.039063346550364,35.55691273905142,1080,102,74,72,EPSG:4326
5,Oil,A:\SIH26143_DATA\OFFICIAL_DATASET\PART_III_TEST\Images\Oil\00005.tif,C:\SlickTrace\outputs\part_iii_predictions\prediction_0005.tif,9,589,0.04796542958827579,1073.2903225806451,167.0118845500849,35.03525463708775,35.55421839521194,1053,153,37,26,EPSG:4326
5,Oil,A:\SIH26143_DATA\OFFICIAL_DATASET\PART_III_TEST\Images\Oil\00005.tif,C:\SlickTrace\outputs\part_iii_predictions\prediction_0005.tif,10,552,0.04495232110819735,1066.8659420289855,214.92210144927537,35.0346775251637,35.54991454720133,1053,202,28,26,EPSG:4326
5,Oil,A:\SIH26143_DATA\OFFICIAL_DATASET\PART_III_TEST\Images\Oil\00005.tif,C:\SlickTrace\outputs\part_iii_predictions\prediction_0005.tif,11,1746,0.14218614611397204,1064.2674684994272,263.9226804123711,35.034444100315,35.54551275030001,1030,224,75,84,EPSG:4326
5,Oil,A:\SIH26143_DATA\OFFICIAL_DATASET\PART_III_TEST\Images\Oil\00005.tif,C:\SlickTrace\outputs\part_iii_predictions\prediction_0005.tif,12,1197,0.09747813109875403,847.484544695071,318.70175438596493,35.014970158936045,35.54059186235997,826,295,41,49,EPSG:4326
5,Oil,A:\SIH26143_DATA\OFFICIAL_DATASET\PART_III_TEST\Images\Oil\00005.tif,C:\SlickTrace\outputs\part_iii_predictions\prediction_0005.tif,13,793,0.06457824391087047,61.62042875157629,321.1059268600252,34.94437478427673,35.54037589187206,42,308,43,27,EPSG:4326
5,Oil,A:\SIH26143_DATA\OFFICIAL_DATASET\PART_III_TEST\Images\Oil\00005.tif,C:\SlickTrace\outputs\part_iii_predictions\prediction_0005.tif,14,666,0.05423595264141202,833.8003003003003,348.7072072072072,35.013740882346895,35.53789642667235,817,327,34,39,EPSG:4326
5,Oil,A:\SIH26143_DATA\OFFICIAL_DATASET\PART_III_TEST\Images\Oil\00005.tif,C:\SlickTrace\outputs\part_iii_predictions\prediction_0005.tif,15,2952,0.24039719549166408,45.395325203252035,399.94444444444446,34.94291725842634,35.533293707339716,4,342,76,117,EPSG:4326
5,Oil,A:\SIH26143_DATA\OFFICIAL_DATASET\PART_III_TEST\Images\Oil\00005.tif,C:\SlickTrace\outputs\part_iii_predictions\prediction_0005.tif,16,2052,0.16710536759786404,111.32943469785575,427.1895711500975,34.94884022025673,35.530846235965974,77,402,75,61,EPSG:4326
5,Oil,A:\SIH26143_DATA\OFFICIAL_DATASET\PART_III_TEST\Images\Oil\00005.tif,C:\SlickTrace\outputs\part_iii_predictions\prediction_0005.tif,17,1571,0.12793495735684426,72.51177593889243,491.7307447485678,34.945353170641035,35.52504840369612,35,468,69,55,EPSG:4326
5,Oil,A:\SIH26143_DATA\OFFICIAL_DATASET\PART_III_TEST\Images\Oil\00005.tif,C:\SlickTrace\outputs\part_iii_predictions\prediction_0005.tif,18,682,0.05553891847063513,171.6290322580645,501.9340175953079,34.954257025268184,35.524131828101496,156,487,32,30,EPSG:4326
5,Oil,A:\SIH26143_DATA\OFFICIAL_DATASET\PART_III_TEST\Images\Oil\00005.tif,C:\SlickTrace\outputs\part_iii_predictions\prediction_0005.tif,19,914,0.07443192299437025,47.7636761487965,537.9091903719913,34.9431300110116,35.52090012334608,28,508,33,71,EPSG:4326
5,Oil,A:\SIH26143_DATA\OFFICIAL_DATASET\PART_III_TEST\Images\Oil\00005.tif,C:\SlickTrace\outputs\part_iii_predictions\prediction_0005.tif,20,13484,1.0980744525777772,1196.0416790269949,961.9804212399881,35.04628157905197,35.48280515652167,1103,871,165,171,EPSG:4326
5,Oil,A:\SIH26143_DATA\OFFICIAL_DATASET\PART_III_TEST\Images\Oil\00005.tif,C:\SlickTrace\outputs\part_iii_predictions\prediction_0005.tif,21,933,0.07597919491657269,1337.5809217577707,935.5305466237942,35.05899626555674,35.48518118918475,1315,918,50,33,EPSG:4326
5,Oil,A:\SIH26143_DATA\OFFICIAL_DATASET\PART_III_TEST\Images\Oil\00005.tif,C:\SlickTrace\outputs\part_iii_predictions\prediction_0005.tif,22,2857,0.23266083588065184,907.736786839342,998.5950297514876,35.02038270993811,35.479516010276875,861,949,86,97,EPSG:4326
5,Oil,A:\SIH26143_DATA\OFFICIAL_DATASET\PART_III_TEST\Images\Oil\00005.tif,C:\SlickTrace\outputs\part_iii_predictions\prediction_0005.tif,23,54758,4.459237679787447,104.75539647174843,1529.1052996822382,34.94824966435503,35.43185946189076,0,1256,218,446,EPSG:4326
5,Oil,A:\SIH26143_DATA\OFFICIAL_DATASET\PART_III_TEST\Images\Oil\00005.tif,C:\SlickTrace\outputs\part_iii_predictions\prediction_0005.tif,24,973,0.07923660948963047,166.4583761562179,1388.142857142857,34.953792537327665,35.444522333552754,152,1369,33,42,EPSG:4326
6,Oil,A:\SIH26143_DATA\OFFICIAL_DATASET\PART_III_TEST\Images\Oil\00006.tif,C:\SlickTrace\outputs\part_iii_predictions\prediction_0006.tif,1,1055,0.08604157712761298,255.69383886255923,27.476777251184835,34.71606270590336,35.44748953500079,238,4,33,47,EPSG:4326
6,Oil,A:\SIH26143_DATA\OFFICIAL_DATASET\PART_III_TEST\Images\Oil\00006.tif,C:\SlickTrace\outputs\part_iii_predictions\prediction_0006.tif,2,1439,0.11735908008211857,211.17234190410008,37.65392633773454,34.712063271784395,35.44657530614347,192,6,41,63,EPSG:4326
6,Oil,A:\SIH26143_DATA\OFFICIAL_DATASET\PART_III_TEST\Images\Oil\00006.tif,C:\SlickTrace\outputs\part_iii_predictions\prediction_0006.tif,3,1284,0.10471790050412803,619.2048286604362,67.53271028037383,34.74871745371144,35.44389124931481,590,48,61,43,EPSG:4326
6,Oil,A:\SIH26143_DATA\OFFICIAL_DATASET\PART_III_TEST\Images\Oil\00006.tif,C:\SlickTrace\outputs\part_iii_predictions\prediction_0006.tif,4,1474,0.12021353998682612,149.99253731343285,69.41383989145183,34.70656739643007,35.44372226456671,118,51,63,40,EPSG:4326
6,Oil,A:\SIH26143_DATA\OFFICIAL_DATASET\PART_III_TEST\Images\Oil\00006.tif,C:\SlickTrace\outputs\part_iii_predictions\prediction_0006.tif,5,2779,0.22664411643377866,626.1889168765744,126.69449442245411,34.749344845030464,35.438576655821755,585,93,94,60,EPSG:4326
6,Oil,A:\SIH26143_DATA\OFFICIAL_DATASET\PART_III_TEST\Images\Oil\00006.tif,C:\SlickTrace\outputs\part_iii_predictions\prediction_0006.tif,6,791,0.0645107938463904,621.4222503160556,190.7269279393173,34.7489166480879,35.43282452445099,608,167,28,44,EPSG:4326
6,Oil,A:\SIH26143_DATA\OFFICIAL_DATASET\PART_III_TEST\Images\Oil\00006.tif,C:\SlickTrace\outputs\part_iii_predictions\prediction_0006.tif,7,671,0.05472407417310741,560.7287630402385,186.28315946348732,34.74346445936126,35.43322371496509,544,171,39,38,EPSG:4326
6,Oil,A:\SIH26143_DATA\OFFICIAL_DATASET\PART_III_TEST\Images\Oil\00006.tif,C:\SlickTrace\outputs\part_iii_predictions\prediction_0006.tif,8,48665,3.9689226075026407,787.8033699784239,322.8852768930443,34.763862918366065,35.420952537972084,596,170,363,293,EPSG:4326
6,Oil,A:\SIH26143_DATA\OFFICIAL_DATASET\PART_III_TEST\Images\Oil\00006.tif,C:\SlickTrace\outputs\part_iii_predictions\prediction_0006.tif,9,704,0.05741542208326023,696.5795454545455,194.8125,34.7556681427815,35.432457511268346,678,179,38,35,EPSG:4326
6,Oil,A:\SIH26143_DATA\OFFICIAL_DATASET\PART_III_TEST\Images\Oil\00006.tif,C:\SlickTrace\outputs\part_iii_predictions\prediction_0006.tif,10,558,0.04550824648076592,290.64336917562724,203.91756272401435,34.71920227562866,35.43163958956756,277,191,29,26,EPSG:4326
6,Oil,A:\SIH26143_DATA\OFFICIAL_DATASET\PART_III_TEST\Images\Oil\00006.tif,C:\SlickTrace\outputs\part_iii_predictions\prediction_0006.tif,11,1519,0.12388355986430723,312.9776168531929,263.1171823568137,34.72120859523347,35.42632159725454,277,232,63,56,EPSG:4326
6,Oil,A:\SIH26143_DATA\OFFICIAL_DATASET\PART_III_TEST\Images\Oil\00006.tif,C:\SlickTrace\outputs\part_iii_predictions\prediction_0006.tif,12,722,0.05888343003425268,180.35041551246536,256.7105263157895,34.70929449102803,35.42689711695871,167,239,36,40,EPSG:4326
6,Oil,A:\SIH26143_DATA\OFFICIAL_DATASET\PART_III_TEST\Images\Oil\00006.tif,C:\SlickTrace\outputs\part_iii_predictions\prediction_0006.tif,13,2502,0.20405310518795042,220.0259792166267,281.8860911270983,34.712858607556186,35.42463555749308,194,240,56,78,EPSG:4326
6,Oil,A:\SIH26143_DATA\OFFICIAL_DATASET\PART_III_TEST\Images\Oil\00006.tif,C:\SlickTrace\outputs\part_iii_predictions\prediction_0006.tif,14,517,0.04216445059239423,960.2804642166344,294.6866537717602,34.77935679935754,35.42348566338618,948,278,25,35,EPSG:4326
6,Oil,A:\SIH26143_DATA\OFFICIAL_DATASET\PART_III_TEST\Images\Oil\00006.tif,C:\SlickTrace\outputs\part_iii_predictions\prediction_0006.tif,15,194426,15.856606326647661,246.28539907214056,611.2943742092107,34.715217531377014,35.39504430795226,0,294,555,585,EPSG:4326
6,Oil,A:\SIH26143_DATA\OFFICIAL_DATASET\PART_III_TEST\Images\Oil\00006.tif,C:\SlickTrace\outputs\part_iii_predictions\prediction_0006.tif,16,922,0.07519462948972434,931.1377440347071,316.51409978308027,34.77673886426151,35.42152487054965,909,296,45,38,EPSG:4326
6,Oil,A:\SIH26143_DATA\OFFICIAL_DATASET\PART_III_TEST\Images\Oil\00006.tif,C:\SlickTrace\outputs\part_iii_predictions\prediction_0006.tif,17,526,0.04289845456789046,76.8745247148289,359.8422053231939,34.69999909360389,35.41763264060579,63,347,29,26,EPSG:4326
6,Oil,A:\SIH26143_DATA\OFFICIAL_DATASET\PART_III_TEST\Images\Oil\00006.tif,C:\SlickTrace\outputs\part_iii_predictions\prediction_0006.tif,18,629,0.05129872228745836,294.9761526232114,397.5071542130366,34.71959149618804,35.41424914067946,281,384,32,29,EPSG:4326
6,Oil,A:\SIH26143_DATA\OFFICIAL_DATASET\PART_III_TEST\Images\Oil\00006.tif,C:\SlickTrace\outputs\part_iii_predictions\prediction_0006.tif,19,698,0.05692608609959608,580.1618911174785,434.2507163323782,34.745210166958266,35.41094841033498,568,410,25,47,EPSG:4326
6,Oil,A:\SIH26143_DATA\OFFICIAL_DATASET\PART_III_TEST\Images\Oil\00006.tif,C:\SlickTrace\outputs\part_iii_predictions\prediction_0006.tif,20,524,0.04273534257333574,534.5,440.0381679389313,34.741108289489006,35.410428514711555,519,426,30,29,EPSG:4326
6,Oil,A:\SIH26143_DATA\OFFICIAL_DATASET\PART_III_TEST\Images\Oil\00006.tif,C:\SlickTrace\outputs\part_iii_predictions\prediction_0006.tif,21,616,0.050238494322852704,482.862012987013,474.6655844155844,34.73646957019151,35.4073178809645,472,447,22,56,EPSG:4326
6,Oil,A:\SIH26143_DATA\OFFICIAL_DATASET\PART_III_TEST\Images\Oil\00006.tif,C:\SlickTrace\outputs\part_iii_predictions\prediction_0006.tif,22,9549,0.7787782180014943,1448.6005864488427,557.9102523824484,34.82322334229197,35.399839885208884,1381,493,131,130,EPSG:4326
6,Oil,A:\SIH26143_DATA\OFFICIAL_DATASET\PART_III_TEST\Images\Oil\00006.tif,C:\SlickTrace\outputs\part_iii_predictions\prediction_0006.tif,23,1606,0.1309789316274374,531.8729763387298,532.0610211706102,34.74087229993834,35.40216196115692,502,505,58,47,EPSG:4326
6,Oil,A:\SIH26143_DATA\OFFICIAL_DATASET\PART_III_TEST\Images\Oil\00006.tif,C:\SlickTrace\outputs\part_iii_predictions\prediction_0006.tif,24,530,0.04322467855699989,1364.5452830188678,570.6981132075472,34.81567252591372,35.39869113212585,1352,558,27,26,EPSG:4326
6,Oil,A:\SIH26143_DATA\OFFICIAL_DATASET\PART_III_TEST\Images\Oil\00006.tif,C:\SlickTrace\outputs\part_iii_predictions\prediction_0006.tif,25,730,0.059535878012471545,1393.8301369863013,622.7698630136987,34.818303229104934,35.39401344725368,1378,600,31,46,EPSG:4326
6,Oil,A:\SIH26143_DATA\OFFICIAL_DATASET\PART_III_TEST\Images\Oil\00006.tif,C:\SlickTrace\outputs\part_iii_predictions\prediction_0006.tif,26,504,0.041104222627788574,1340.4662698412699,629.0198412698413,34.81350947135733,35.39345200215439,1328,614,26,34,EPSG:4326
6,Oil,A:\SIH26143_DATA\OFFICIAL_DATASET\PART_III_TEST\Images\Oil\00006.tif,C:\SlickTrace\outputs\part_iii_predictions\prediction_0006.tif,27,1199,0.09778564073555258,1502.092577147623,651.8682235195996,34.82802860957423,35.391399497055154,1484,620,44,67,EPSG:4326
6,Oil,A:\SIH26143_DATA\OFFICIAL_DATASET\PART_III_TEST\Images\Oil\00006.tif,C:\SlickTrace\outputs\part_iii_predictions\prediction_0006.tif,28,1403,0.11442306418013368,1426.1076265146116,651.7505345687812,34.82120276532257,35.39141006923348,1405,624,45,60,EPSG:4326
6,Oil,A:\SIH26143_DATA\OFFICIAL_DATASET\PART_III_TEST\Images\Oil\00006.tif,C:\SlickTrace\outputs\part_iii_predictions\prediction_0006.tif,29,508,0.04143044661689801,1464.9566929133857,678.1496062992126,34.82469263633455,35.38903860027128,1445,668,37,21,EPSG:4326
6,Oil,A:\SIH26143_DATA\OFFICIAL_DATASET\PART_III_TEST\Images\Oil\00006.tif,C:\SlickTrace\outputs\part_iii_predictions\prediction_0006.tif,30,146990,11.987916039798893,1700.845472481121,948.8908020953806,34.845882885938344,35.36471750484883,1386,682,661,481,EPSG:4326
6,Oil,A:\SIH26143_DATA\OFFICIAL_DATASET\PART_III_TEST\Images\Oil\00006.tif,C:\SlickTrace\outputs\part_iii_predictions\prediction_0006.tif,31,1464,0.11939798001405252,1859.3073770491803,710.4890710382514,34.86011776102076,35.38613349672575,1827,685,61,47,EPSG:4326
6,Oil,A:\SIH26143_DATA\OFFICIAL_DATASET\PART_III_TEST\Images\Oil\00006.tif,C:\SlickTrace\outputs\part_iii_predictions\prediction_0006.tif,32,726,0.05920965402336211,1526.1584022038567,723.9283746556474,34.83019047942153,35.384926223541,1509,706,33,36,EPSG:4326
6,Oil,A:\SIH26143_DATA\OFFICIAL_DATASET\PART_III_TEST\Images\Oil\00006.tif,C:\SlickTrace\outputs\part_iii_predictions\prediction_0006.tif,33,744,0.06067766197435456,494.14650537634407,815.0645161290323,34.7374832733902,35.376739324658885,472,798,43,34,EPSG:4326
6,Oil,A:\SIH26143_DATA\OFFICIAL_DATASET\PART_III_TEST\Images\Oil\00006.tif,C:\SlickTrace\outputs\part_iii_predictions\prediction_0006.tif,34,628,0.051217166290181006,575.9777070063694,826.7707006369427,34.74483429530441,35.37568774021266,557,813,35,29,EPSG:4326
6,Oil,A:\SIH26143_DATA\OFFICIAL_DATASET\PART_III_TEST\Images\Oil\00006.tif,C:\SlickTrace\outputs\part_iii_predictions\prediction_0006.tif,35,512,0.04175667060600744,1561.193359375,832.66015625,34.833337723172065,35.37515868141343,1553,813,17,42,EPSG:4326
6,Oil,A:\SIH26143_DATA\OFFICIAL_DATASET\PART_III_TEST\Images\Oil\00006.tif,C:\SlickTrace\outputs\part_iii_predictions\prediction_0006.tif,36,1339,0.10920348035438274,227.6840926064227,856.1105302464525,34.71354654758674,35.3730520984755,200,835,51,44,EPSG:4326
6,Oil,A:\SIH26143_DATA\OFFICIAL_DATASET\PART_III_TEST\Images\Oil\00006.tif,C:\SlickTrace\outputs\part_iii_predictions\prediction_0006.tif,37,528,0.043061566562445176,489.8541666666667,846.1325757575758,34.73709768604345,35.373948433377656,474,834,37,23,EPSG:4326
6,Oil,A:\SIH26143_DATA\OFFICIAL_DATASET\PART_III_TEST\Images\Oil\00006.tif,C:\SlickTrace\outputs\part_iii_predictions\prediction_0006.tif,38,1563,0.127472023744511,440.83237364043504,863.937939859245,34.7326939834504,35.372348950306474,412,840,61,50,EPSG:4326
6,Oil,A:\SIH26143_DATA\OFFICIAL_DATASET\PART_III_TEST\Images\Oil\00006.tif,C:\SlickTrace\outputs\part_iii_predictions\prediction_0006.tif,39,1632,0.1330993875566487,50.88357843137255,868.1764705882352,34.697664287174376,35.37196819661287,15,847,79,39,EPSG:4326
6,Oil,A:\SIH26143_DATA\OFFICIAL_DATASET\PART_III_TEST\Images\Oil\00006.tif,C:\SlickTrace\outputs\part_iii_predictions\prediction_0006.tif,40,845,0.06891481769936775,396.61420118343193,879.4260355029586,34.72872179743501,35.370957631002604,381,857,30,51,EPSG:4326
6,Oil,A:\SIH26143_DATA\OFFICIAL_DATASET\PART_III_TEST\Images\Oil\00006.tif,C:\SlickTrace\outputs\part_iii_predictions\prediction_0006.tif,41,757,0.06173788993896022,292.92602377807134,902.9260237780713,34.719407329980434,35.36884659113819,281,877,29,57,EPSG:4326
6,Oil,A:\SIH26143_DATA\OFFICIAL_DATASET\PART_III_TEST\Images\Oil\00006.tif,C:\SlickTrace\outputs\part_iii_predictions\prediction_0006.tif,42,6014,0.49047776762603273,114.46192218157633,916.1079148653142,34.70337562696736,35.367662441714465,56,880,127,84,EPSG:4326
6,Oil,A:\SIH26143_DATA\OFFICIAL_DATASET\PART_III_TEST\Images\Oil\00006.tif,C:\SlickTrace\outputs\part_iii_predictions\prediction_0006.tif,43,942,0.0768257494352715,404.5615711252654,951.5180467091295,34.72943572182374,35.36448149544967,387,927,39,43,EPSG:4326
6,Oil,A:\SIH26143_DATA\OFFICIAL_DATASET\PART_III_TEST\Images\Oil\00006.tif,C:\SlickTrace\outputs\part_iii_predictions\prediction_0006.tif,44,937,0.07641796944888471,489.8185699039488,947.91462113127,34.73709448833184,35.36480519667684,466,933,47,31,EPSG:4326
6,Oil,A:\SIH26143_DATA\OFFICIAL_DATASET\PART_III_TEST\Images\Oil\00006.tif,C:\SlickTrace\outputs\part_iii_predictions\prediction_0006.tif,45,2956,0.2410795279518711,347.96887686062246,981.4353856562923,34.724351913601,35.36179397516602,304,942,88,79,EPSG:4326
6,Oil,A:\SIH26143_DATA\OFFICIAL_DATASET\PART_III_TEST\Images\Oil\00006.tif,C:\SlickTrace\outputs\part_iii_predictions\prediction_0006.tif,46,30100,2.454835518048484,657.1755149501661,1163.267242524917,34.7521284184957,35.34545974154953,543,1025,230,278,EPSG:4326
6,Oil,A:\SIH26143_DATA\OFFICIAL_DATASET\PART_III_TEST\Images\Oil\00006.tif,C:\SlickTrace\outputs\part_iii_predictions\prediction_0006.tif,47,1271,0.10365767253952238,2022.2800944138473,1071.8819826907948,34.87475784931108,35.353669019114754,1998,1055,48,37,EPSG:4326
6,Oil,A:\SIH26143_DATA\OFFICIAL_DATASET\PART_III_TEST\Images\Oil\00006.tif,C:\SlickTrace\outputs\part_iii_predictions\prediction_0006.tif,48,628,0.051217166290181006,1964.9442675159235,1094.8057324840765,34.86960728434808,35.35160974363389,1953,1079,27,36,EPSG:4326
6,Oil,A:\SIH26143_DATA\OFFICIAL_DATASET\PART_III_TEST\Images\Oil\00006.tif,C:\SlickTrace\outputs\part_iii_predictions\prediction_0006.tif,49,2904,0.23683861609344845,2000.190082644628,1150.4944903581268,34.87277346979121,35.3466071373987,1965,1096,69,115,EPSG:4326
6,Oil,A:\SIH26143_DATA\OFFICIAL_DATASET\PART_III_TEST\Images\Oil\00006.tif,C:\SlickTrace\outputs\part_iii_predictions\prediction_0006.tif,50,855,0.06973037767214134,2035.2023391812866,1174.1883040935672,34.87591867430905,35.34447868589694,2021,1145,27,53,EPSG:4326
6,Oil,A:\SIH26143_DATA\OFFICIAL_DATASET\PART_III_TEST\Images\Oil\00006.tif,C:\SlickTrace\outputs\part_iii_predictions\prediction_0006.tif,51,633,0.051624946276567794,2026.8799368088467,1232.742496050553,34.875171060183874,35.339218673338515,2007,1220,38,26,EPSG:4326
6,Oil,A:\SIH26143_DATA\OFFICIAL_DATASET\PART_III_TEST\Images\Oil\00006.tif,C:\SlickTrace\outputs\part_iii_predictions\prediction_0006.tif,52,848,0.06915948569119983,733.752358490566,1349.1073113207547,34.7590074333919,35.32876544412942,717,1326,44,46,EPSG:4326
6,Oil,A:\SIH26143_DATA\OFFICIAL_DATASET\PART_III_TEST\Images\Oil\00006.tif,C:\SlickTrace\outputs\part_iii_predictions\prediction_0006.tif,53,502,0.04094111063323386,692.3466135458167,1344.7609561752988,34.755287892038474,35.32915588385516,678,1332,28,27,EPSG:4326
6,Oil,A:\SIH26143_DATA\OFFICIAL_DATASET\PART_III_TEST\Images\Oil\00006.tif,C:\SlickTrace\outputs\part_iii_predictions\prediction_0006.tif,54,1749,0.14264143923809963,772.8456260720411,1394.9268153230416,34.76251924136936,35.324649408053816,744,1360,54,60,EPSG:4326
6,Oil,A:\SIH26143_DATA\OFFICIAL_DATASET\PART_III_TEST\Images\Oil\00006.tif,C:\SlickTrace\outputs\part_iii_predictions\prediction_0006.tif,55,634,0.05170650227384515,808.5488958990536,1444.4479495268138,34.76572652066722,35.320200848879594,792,1423,38,42,EPSG:4326
6,Oil,A:\SIH26143_DATA\OFFICIAL_DATASET\PART_III_TEST\Images\Oil\00006.tif,C:\SlickTrace\outputs\part_iii_predictions\prediction_0006.tif,56,3745,0.3054272098037068,1126.6728971962616,1553.1449933244326,34.79430408592828,35.3104364273014,1081,1504,102,83,EPSG:4326
6,Oil,A:\SIH26143_DATA\OFFICIAL_DATASET\PART_III_TEST\Images\Oil\00006.tif,C:\SlickTrace\outputs\part_iii_predictions\prediction_0006.tif,57,19932,1.6255741377323054,1015.0347682119206,1617.8978025285971,34.784275462172566,35.30461958348162,876,1538,309,157,EPSG:4326
6,Oil,A:\SIH26143_DATA\OFFICIAL_DATASET\PART_III_TEST\Images\Oil\00006.tif,C:\SlickTrace\outputs\part_iii_predictions\prediction_0006.tif,58,557,0.04542669048348857,788.640933572711,1578.2746858168762,34.76393815798388,35.30817898861628,773,1558,30,46,EPSG:4326
6,Oil,A:\SIH26143_DATA\OFFICIAL_DATASET\PART_III_TEST\Images\Oil\00006.tif,C:\SlickTrace\outputs\part_iii_predictions\prediction_0006.tif,59,579,0.047220922423590446,842.7374784110535,1622.433506044905,34.768797733288515,35.304212134302325,830,1607,25,30,EPSG:4326
7,Oil,A:\SIH26143_DATA\OFFICIAL_DATASET\PART_III_TEST\Images\Oil\00007.tif,C:\SlickTrace\outputs\part_iii_predictions\prediction_0007.tif,1,192745,15.753068148579604,1288.886591091857,497.96327271783963,34.808875989980265,35.232478984879656,949,0,708,1015,EPSG:4326
7,Oil,A:\SIH26143_DATA\OFFICIAL_DATASET\PART_III_TEST\Images\Oil\00007.tif,C:\SlickTrace\outputs\part_iii_predictions\prediction_0007.tif,2,1293,0.1056770194615343,1433.7656612529001,56.20959010054138,34.82189069828774,35.27216239337078,1413,18,38,73,EPSG:4326
7,Oil,A:\SIH26143_DATA\OFFICIAL_DATASET\PART_III_TEST\Images\Oil\00007.tif,C:\SlickTrace\outputs\part_iii_predictions\prediction_0007.tif,3,600,0.04903806007495791,1393.1733333333334,102.81833333333333,34.81824422742893,35.26797545872881,1380,89,28,29,EPSG:4326
7,Oil,A:\SIH26143_DATA\OFFICIAL_DATASET\PART_III_TEST\Images\Oil\00007.tif,C:\SlickTrace\outputs\part_iii_predictions\prediction_0007.tif,4,14492,1.1844326110104835,1263.8970466464257,196.2083908363235,34.80663114100842,35.25958608712484,1173,99,199,228,EPSG:4326
7,Oil,A:\SIH26143_DATA\OFFICIAL_DATASET\PART_III_TEST\Images\Oil\00007.tif,C:\SlickTrace\outputs\part_iii_predictions\prediction_0007.tif,5,1438,0.11752788397964913,944.4471488178025,187.05910987482613,34.77793446843543,35.26040798101748,929,149,34,74,EPSG:4326
7,Oil,A:\SIH26143_DATA\OFFICIAL_DATASET\PART_III_TEST\Images\Oil\00007.tif,C:\SlickTrace\outputs\part_iii_predictions\prediction_0007.tif,6,688,0.056230308885951735,1283.6497093023256,483.92587209302326,34.808405552885006,35.23373998603271,1269,470,31,30,EPSG:4326
7,Oil,A:\SIH26143_DATA\OFFICIAL_DATASET\PART_III_TEST\Images\Oil\00007.tif,C:\SlickTrace\outputs\part_iii_predictions\prediction_0007.tif,7,660,0.0539418660824537,1649.128787878788,786.209090909091,34.84123709711612,35.20658542247318,1637,768,26,37,EPSG:4326
7,Oil,A:\SIH26143_DATA\OFFICIAL_DATASET\PART_III_TEST\Images\Oil\00007.tif,C:\SlickTrace\outputs\part_iii_predictions\prediction_0007.tif,8,1079,0.08818677803479931,1647.144578313253,833.0593141797962,34.841058852538154,35.20237679531033,1633,810,27,50,EPSG:4326
8,Oil,A:\SIH26143_DATA\OFFICIAL_DATASET\PART_III_TEST\Images\Oil\00008.tif,C:\SlickTrace\outputs\part_iii_predictions\prediction_0008.tif,1,3158,0.30111413406000825,1269.3096896770107,27.05889803673211,40.012840310200815,17.633206841256765,1231,0,74,66,EPSG:4326
8,Oil,A:\SIH26143_DATA\OFFICIAL_DATASET\PART_III_TEST\Images\Oil\00008.tif,C:\SlickTrace\outputs\part_iii_predictions\prediction_0008.tif,2,606059,57.78750189179054,1510.2333782684525,592.9443140024321,40.03448285337763,17.582372489434533,323,0,1725,1630,EPSG:4326
8,Oil,A:\SIH26143_DATA\OFFICIAL_DATASET\PART_III_TEST\Images\Oil\00008.tif,C:\SlickTrace\outputs\part_iii_predictions\prediction_0008.tif,3,538,0.051298101369311094,1136.3327137546469,17.3271375464684,40.000894785210114,17.634081060175742,1126,3,21,31,EPSG:4326
8,Oil,A:\SIH26143_DATA\OFFICIAL_DATASET\PART_III_TEST\Images\Oil\00008.tif,C:\SlickTrace\outputs\part_iii_predictions\prediction_0008.tif,4,540,0.05148880063090705,1245.0111111111112,137.90185185185186,40.010657531750006,17.623249649301858,1233,125,27,26,EPSG:4326
8,Oil,A:\SIH26143_DATA\OFFICIAL_DATASET\PART_III_TEST\Images\Oil\00008.tif,C:\SlickTrace\outputs\part_iii_predictions\prediction_0008.tif,5,1009,0.0962077774751578,1203.647175421209,179.12884043607534,40.006941746185845,17.619546165905515,1192,151,29,56,EPSG:4326
8,Oil,A:\SIH26143_DATA\OFFICIAL_DATASET\PART_III_TEST\Images\Oil\00008.tif,C:\SlickTrace\outputs\part_iii_predictions\prediction_0008.tif,6,998,0.09515893153638005,1985.806613226453,171.35170340681364,40.07720432394572,17.620244798011523,1970,153,34,39,EPSG:4326
8,Oil,A:\SIH26143_DATA\OFFICIAL_DATASET\PART_III_TEST\Images\Oil\00008.tif,C:\SlickTrace\outputs\part_iii_predictions\prediction_0008.tif,7,1111,0.10593343981655134,1929.6147614761476,577.7308730873087,40.072156524018695,17.583739136084343,1907,559,46,38,EPSG:4326
8,Oil,A:\SIH26143_DATA\OFFICIAL_DATASET\PART_III_TEST\Images\Oil\00008.tif,C:\SlickTrace\outputs\part_iii_predictions\prediction_0008.tif,8,647,0.06169121112629048,1108.1313755795982,635.2472952086554,39.998361415898586,17.578572347976394,1095,615,25,46,EPSG:4326
8,Oil,A:\SIH26143_DATA\OFFICIAL_DATASET\PART_III_TEST\Images\Oil\00008.tif,C:\SlickTrace\outputs\part_iii_predictions\prediction_0008.tif,9,659,0.0628354066958662,1996.1396054628224,713.9393019726859,40.078132552431384,17.57150332473498,1985,699,27,36,EPSG:4326
8,Oil,A:\SIH26143_DATA\OFFICIAL_DATASET\PART_III_TEST\Images\Oil\00008.tif,C:\SlickTrace\outputs\part_iii_predictions\prediction_0008.tif,10,627,0.05978421851033096,2013.548644338118,1000.4322169059011,40.079696433001736,17.545767228307334,2000,987,28,29,EPSG:4326
8,Oil,A:\SIH26143_DATA\OFFICIAL_DATASET\PART_III_TEST\Images\Oil\00008.tif,C:\SlickTrace\outputs\part_iii_predictions\prediction_0008.tif,11,6275,0.5983189332572995,351.65131474103583,1378.8317131474103,39.93040565582029,17.511775023209644,330,1284,51,212,EPSG:4326
8,Oil,A:\SIH26143_DATA\OFFICIAL_DATASET\PART_III_TEST\Images\Oil\00008.tif,C:\SlickTrace\outputs\part_iii_predictions\prediction_0008.tif,12,1615,0.15398965373873125,351.9095975232198,1596.4804953560372,39.93042885775738,17.492223300446845,328,1564,46,61,EPSG:4326
8,Oil,A:\SIH26143_DATA\OFFICIAL_DATASET\PART_III_TEST\Images\Oil\00008.tif,C:\SlickTrace\outputs\part_iii_predictions\prediction_0008.tif,13,3618,0.3449749642270772,302.83084577114425,1765.2357656163626,39.92602003847494,17.477063756591786,261,1717,80,90,EPSG:4326
8,Oil,A:\SIH26143_DATA\OFFICIAL_DATASET\PART_III_TEST\Images\Oil\00008.tif,C:\SlickTrace\outputs\part_iii_predictions\prediction_0008.tif,14,1520,0.14493143881292353,1296.6888157894737,1821.5223684210525,40.01529981894608,17.472007445032727,1270,1797,54,45,EPSG:4326
8,Oil,A:\SIH26143_DATA\OFFICIAL_DATASET\PART_III_TEST\Images\Oil\00008.tif,C:\SlickTrace\outputs\part_iii_predictions\prediction_0008.tif,15,12013,1.1454351147760857,249.9627070673437,1932.6368933655208,39.92127081277088,17.462025857428195,199,1803,98,245,EPSG:4326
8,Oil,A:\SIH26143_DATA\OFFICIAL_DATASET\PART_III_TEST\Images\Oil\00008.tif,C:\SlickTrace\outputs\part_iii_predictions\prediction_0008.tif,16,19263,1.8367199380614119,925.1284327467165,1957.8107252245236,39.981921981840024,17.459764453636318,818,1838,218,210,EPSG:4326
8,Oil,A:\SIH26143_DATA\OFFICIAL_DATASET\PART_III_TEST\Images\Oil\00008.tif,C:\SlickTrace\outputs\part_iii_predictions\prediction_0008.tif,17,11360,1.0831718058650075,587.2947183098591,1990.7476232394365,39.95157386292307,17.456805681746488,479,1926,206,122,EPSG:4326
8,Oil,A:\SIH26143_DATA\OFFICIAL_DATASET\PART_III_TEST\Images\Oil\00008.tif,C:\SlickTrace\outputs\part_iii_predictions\prediction_0008.tif,18,4925,0.46959693168003186,422.75776649746194,1980.090964467005,39.936793257061524,17.45776298569178,372,1938,93,82,EPSG:4326
8,Oil,A:\SIH26143_DATA\OFFICIAL_DATASET\PART_III_TEST\Images\Oil\00008.tif,C:\SlickTrace\outputs\part_iii_predictions\prediction_0008.tif,19,2961,0.282330256792807,2022.743329956096,2012.7527862208713,40.08052240566407,17.45482892432291,1990,1971,57,75,EPSG:4326
8,Oil,A:\SIH26143_DATA\OFFICIAL_DATASET\PART_III_TEST\Images\Oil\00008.tif,C:\SlickTrace\outputs\part_iii_predictions\prediction_0008.tif,20,632,0.06026096666432084,480.7294303797468,2031.0854430379748,39.94200094023265,17.45318207374118,467,2014,29,33,EPSG:4326
9,Oil,A:\SIH26143_DATA\OFFICIAL_DATASET\PART_III_TEST\Images\Oil\00009.tif,C:\SlickTrace\outputs\part_iii_predictions\prediction_0009.tif,1,37439,3.04489648512975,808.0412404177462,1434.603087689308,35.158371062263654,35.54468992292154,657,1321,326,215,EPSG:4326
9,Oil,A:\SIH26143_DATA\OFFICIAL_DATASET\PART_III_TEST\Images\Oil\00009.tif,C:\SlickTrace\outputs\part_iii_predictions\prediction_0009.tif,2,1484,0.12069303090180158,952.1812668463612,1554.004716981132,35.17131938114308,35.533963892067376,926,1529,52,51,EPSG:4326
9,Oil,A:\SIH26143_DATA\OFFICIAL_DATASET\PART_III_TEST\Images\Oil\00009.tif,C:\SlickTrace\outputs\part_iii_predictions\prediction_0009.tif,3,14483,1.177895664791639,1163.9366843885934,1677.7679348201339,35.19034169395041,35.52284605304772,1001,1625,301,108,EPSG:4326
9,Oil,A:\SIH26143_DATA\OFFICIAL_DATASET\PART_III_TEST\Images\Oil\00009.tif,C:\SlickTrace\outputs\part_iii_predictions\prediction_0009.tif,4,16181,1.315993216322137,1398.4162289104506,1742.1660589580372,35.21140534981614,35.51706107112955,1259,1681,313,123,EPSG:4326
9,Oil,A:\SIH26143_DATA\OFFICIAL_DATASET\PART_III_TEST\Images\Oil\00009.tif,C:\SlickTrace\outputs\part_iii_predictions\prediction_0009.tif,5,595,0.048391073710627994,1556.6134453781513,1808.5647058823529,35.225616447561954,35.511096379191855,1539,1798,34,23,EPSG:4326
10,Oil,A:\SIH26143_DATA\OFFICIAL_DATASET\PART_III_TEST\Images\Oil\00010.tif,C:\SlickTrace\outputs\part_iii_predictions\prediction_0010.tif,1,230119,21.56140429387791,619.5123827237212,316.4419800190336,38.71128332722347,20.516584133391856,287,0,823,705,EPSG:4326
10,Oil,A:\SIH26143_DATA\OFFICIAL_DATASET\PART_III_TEST\Images\Oil\00010.tif,C:\SlickTrace\outputs\part_iii_predictions\prediction_0010.tif,2,524,0.049097101282345325,613.9923664122138,36.0,38.710787455721345,20.541776665087838,601,24,28,25,EPSG:4326
10,Oil,A:\SIH26143_DATA\OFFICIAL_DATASET\PART_III_TEST\Images\Oil\00010.tif,C:\SlickTrace\outputs\part_iii_predictions\prediction_0010.tif,3,1317,0.12339863051307022,965.6393318147304,64.39939255884586,38.74237644008488,20.539225504248307,937,41,63,54,EPSG:4326
10,Oil,A:\SIH26143_DATA\OFFICIAL_DATASET\PART_III_TEST\Images\Oil\00010.tif,C:\SlickTrace\outputs\part_iii_predictions\prediction_0010.tif,4,128352,12.026166304945777,190.40247132884568,762.6679444028921,38.67273572802615,20.476498972994154,0,464,423,623,EPSG:4326
10,Oil,A:\SIH26143_DATA\OFFICIAL_DATASET\PART_III_TEST\Images\Oil\00010.tif,C:\SlickTrace\outputs\part_iii_predictions\prediction_0010.tif,5,541,0.05068994617127638,16.32162661737523,1107.4584103512016,38.65709777967847,20.44552591845615,4,1087,26,42,EPSG:4326
11,Oil,A:\SIH26143_DATA\OFFICIAL_DATASET\PART_III_TEST\Images\Oil\00011.tif,C:\SlickTrace\outputs\part_iii_predictions\prediction_0011.tif,1,220941,20.7404608850919,466.4853603450695,393.33046378897535,38.34535546616149,20.218223433277995,0,0,1031,900,EPSG:4326
12,Oil,A:\SIH26143_DATA\OFFICIAL_DATASET\PART_III_TEST\Images\Oil\00012.tif,C:\SlickTrace\outputs\part_iii_predictions\prediction_0012.tif,1,752569,61.02151740004724,687.9357999067195,1394.3062802214813,35.17437182728421,35.78910139599607,0,1085,1636,693,EPSG:4326
12,Oil,A:\SIH26143_DATA\OFFICIAL_DATASET\PART_III_TEST\Images\Oil\00012.tif,C:\SlickTrace\outputs\part_iii_predictions\prediction_0012.tif,2,705,0.057164419165595844,1656.6638297872341,1356.6198581560284,35.26139414682388,35.79248682489059,1638,1339,36,35,EPSG:4326
12,Oil,A:\SIH26143_DATA\OFFICIAL_DATASET\PART_III_TEST\Images\Oil\00012.tif,C:\SlickTrace\outputs\part_iii_predictions\prediction_0012.tif,3,632,0.05124526654277528,1610.9303797468353,1358.612341772152,35.2572858411072,35.79230783704202,1597,1344,30,30,EPSG:4326
12,Oil,A:\SIH26143_DATA\OFFICIAL_DATASET\PART_III_TEST\Images\Oil\00012.tif,C:\SlickTrace\outputs\part_iii_predictions\prediction_0012.tif,4,527,0.0427314168798142,1412.954459203036,1511.370018975332,35.23950136157598,35.7785853814222,1402,1495,22,32,EPSG:4326
13,Oil,A:\SIH26143_DATA\OFFICIAL_DATASET\PART_III_TEST\Images\Oil\00013.tif,C:\SlickTrace\outputs\part_iii_predictions\prediction_0013.tif,1,256651,20.841490516463285,1579.64482897008,731.2231746613105,35.01897021707491,35.729762978779405,1001,525,1047,473,EPSG:4326
13,Oil,A:\SIH26143_DATA\OFFICIAL_DATASET\PART_III_TEST\Images\Oil\00013.tif,C:\SlickTrace\outputs\part_iii_predictions\prediction_0013.tif,2,790,0.06415239959324529,990.1088607594937,901.4645569620253,34.96601129999674,35.71446993520837,977,877,26,54,EPSG:4326
13,Oil,A:\SIH26143_DATA\OFFICIAL_DATASET\PART_III_TEST\Images\Oil\00013.tif,C:\SlickTrace\outputs\part_iii_predictions\prediction_0013.tif,3,9731,0.7902113929643922,934.8097831671976,962.2688315692118,34.96104369933685,35.70900779428643,862,888,147,169,EPSG:4326
13,Oil,A:\SIH26143_DATA\OFFICIAL_DATASET\PART_III_TEST\Images\Oil\00013.tif,C:\SlickTrace\outputs\part_iii_predictions\prediction_0013.tif,4,584,0.047424052357538285,1104.7277397260275,922.3938356164383,34.976307689079164,35.71258982611828,1089,909,34,35,EPSG:4326
13,Oil,A:\SIH26143_DATA\OFFICIAL_DATASET\PART_III_TEST\Images\Oil\00013.tif,C:\SlickTrace\outputs\part_iii_predictions\prediction_0013.tif,5,1100,0.08932612601591115,1130.699090909091,968.36,34.97864073525086,35.708460615316476,1107,948,50,41,EPSG:4326
13,Oil,A:\SIH26143_DATA\OFFICIAL_DATASET\PART_III_TEST\Images\Oil\00013.tif,C:\SlickTrace\outputs\part_iii_predictions\prediction_0013.tif,6,8056,0.6541920647128912,1204.4728152929495,1015.5372393247269,34.98526794166891,35.704222611801676,1127,955,157,123,EPSG:4326
13,Oil,A:\SIH26143_DATA\OFFICIAL_DATASET\PART_III_TEST\Images\Oil\00013.tif,C:\SlickTrace\outputs\part_iii_predictions\prediction_0013.tif,7,1598,0.1297664994303873,1386.4036295369212,1028.8416770963704,35.00161106477767,35.70302745382199,1336,1013,88,42,EPSG:4326
13,Oil,A:\SIH26143_DATA\OFFICIAL_DATASET\PART_III_TEST\Images\Oil\00013.tif,C:\SlickTrace\outputs\part_iii_predictions\prediction_0013.tif,8,1210,0.09825873861750227,801.101652892562,1055.3900826446281,34.949032493633176,35.70064256997469,774,1028,51,54,EPSG:4326
13,Oil,A:\SIH26143_DATA\OFFICIAL_DATASET\PART_III_TEST\Images\Oil\00013.tif,C:\SlickTrace\outputs\part_iii_predictions\prediction_0013.tif,9,539,0.04376980174779647,842.2875695732838,1054.3599257884973,34.95273228747765,35.700735110539576,826,1040,31,31,EPSG:4326
13,Oil,A:\SIH26143_DATA\OFFICIAL_DATASET\PART_III_TEST\Images\Oil\00013.tif,C:\SlickTrace\outputs\part_iii_predictions\prediction_0013.tif,10,535,0.043444979471374975,1002.3271028037383,1059.4467289719626,34.96710888335408,35.70027815523488,986,1040,32,51,EPSG:4326
13,Oil,A:\SIH26143_DATA\OFFICIAL_DATASET\PART_III_TEST\Images\Oil\00013.tif,C:\SlickTrace\outputs\part_iii_predictions\prediction_0013.tif,11,8960,0.7276018991841491,1408.109375,1184.3207589285714,35.003560925067944,35.68906053026492,1356,1092,114,191,EPSG:4326
13,Oil,A:\SIH26143_DATA\OFFICIAL_DATASET\PART_III_TEST\Images\Oil\00013.tif,C:\SlickTrace\outputs\part_iii_predictions\prediction_0013.tif,12,1383,0.11230730207273194,1218.1901663051337,1182.0072306579898,34.9865001922761,35.68926835804549,1194,1145,57,65,EPSG:4326
13,Oil,A:\SIH26143_DATA\OFFICIAL_DATASET\PART_III_TEST\Images\Oil\00013.tif,C:\SlickTrace\outputs\part_iii_predictions\prediction_0013.tif,13,602,0.04888575260143502,1412.3654485049833,1281.3056478405315,35.00394325465593,35.68034822946109,1393,1265,39,32,EPSG:4326
13,Oil,A:\SIH26143_DATA\OFFICIAL_DATASET\PART_III_TEST\Images\Oil\00013.tif,C:\SlickTrace\outputs\part_iii_predictions\prediction_0013.tif,14,517,0.04198327922747824,1376.936170212766,1294.5473887814314,35.00076058843641,35.67915870363353,1364,1283,25,29,EPSG:4326
13,Oil,A:\SIH26143_DATA\OFFICIAL_DATASET\PART_III_TEST\Images\Oil\00013.tif,C:\SlickTrace\outputs\part_iii_predictions\prediction_0013.tif,15,3178,0.2580712986168779,1196.251415984896,1319.7520453115167,34.98452940080338,35.67689453081434,1154,1288,86,69,EPSG:4326
14,Oil,A:\SIH26143_DATA\OFFICIAL_DATASET\PART_III_TEST\Images\Oil\00014.tif,C:\SlickTrace\outputs\part_iii_predictions\prediction_0014.tif,1,1342,0.10921350742582717,215.52757078986588,98.20342771982116,34.896429478839465,35.61388208102592,200,66,35,64,EPSG:4326
14,Oil,A:\SIH26143_DATA\OFFICIAL_DATASET\PART_III_TEST\Images\Oil\00014.tif,C:\SlickTrace\outputs\part_iii_predictions\prediction_0014.tif,2,537,0.043701679200945746,260.91620111731845,103.16014897579143,34.900506808874304,35.61343681117958,244,86,37,38,EPSG:4326
14,Oil,A:\SIH26143_DATA\OFFICIAL_DATASET\PART_III_TEST\Images\Oil\00014.tif,C:\SlickTrace\outputs\part_iii_predictions\prediction_0014.tif,3,25538,2.0783118872136916,70.66344271282011,269.30037591040804,34.88341611280224,35.59851218066334,0,126,169,259,EPSG:4326
14,Oil,A:\SIH26143_DATA\OFFICIAL_DATASET\PART_III_TEST\Images\Oil\00014.tif,C:\SlickTrace\outputs\part_iii_predictions\prediction_0014.tif,4,4399,0.3579956923742278,269.77835871789046,205.75085246646964,34.90130291003659,35.60422093148416,232,140,88,118,EPSG:4326
14,Oil,A:\SIH26143_DATA\OFFICIAL_DATASET\PART_III_TEST\Images\Oil\00014.tif,C:\SlickTrace\outputs\part_iii_predictions\prediction_0014.tif,5,542,0.04410858496631768,197.6439114391144,204.23062730627305,34.894822962386385,35.604357495633835,185,190,28,30,EPSG:4326
14,Oil,A:\SIH26143_DATA\OFFICIAL_DATASET\PART_III_TEST\Images\Oil\00014.tif,C:\SlickTrace\outputs\part_iii_predictions\prediction_0014.tif,6,17213,1.4008137878694211,372.53511880555396,294.8043920292802,34.910533706849925,35.59622111591474,243,192,214,197,EPSG:4326
14,Oil,A:\SIH26143_DATA\OFFICIAL_DATASET\PART_III_TEST\Images\Oil\00014.tif,C:\SlickTrace\outputs\part_iii_predictions\prediction_0014.tif,7,1401,0.114014995457216,497.2726623840114,240.7473233404711,34.92173907103993,35.601077145016525,478,205,41,74,EPSG:4326
14,Oil,A:\SIH26143_DATA\OFFICIAL_DATASET\PART_III_TEST\Images\Oil\00014.tif,C:\SlickTrace\outputs\part_iii_predictions\prediction_0014.tif,8,583,0.04744521224236754,46.307032590051456,515.2555746140652,34.88122813925428,35.57641764924293,31,498,29,36,EPSG:4326
14,Oil,A:\SIH26143_DATA\OFFICIAL_DATASET\PART_III_TEST\Images\Oil\00014.tif,C:\SlickTrace\outputs\part_iii_predictions\prediction_0014.tif,9,529,0.04305062997635065,13.58601134215501,531.117202268431,34.87828875990438,35.574992774987635,2,517,25,29,EPSG:4326
14,Oil,A:\SIH26143_DATA\OFFICIAL_DATASET\PART_III_TEST\Images\Oil\00014.tif,C:\SlickTrace\outputs\part_iii_predictions\prediction_0014.tif,10,1404,0.11425913891643916,537.7970085470085,1100.4017094017095,34.925379434993644,35.5238530776106,516,1056,42,79,EPSG:4326
14,Oil,A:\SIH26143_DATA\OFFICIAL_DATASET\PART_III_TEST\Images\Oil\00014.tif,C:\SlickTrace\outputs\part_iii_predictions\prediction_0014.tif,11,25800,2.0996337493191812,713.2742635658915,1225.9352325581394,34.94114282501353,35.51257620935853,626,1062,178,347,EPSG:4326
14,Oil,A:\SIH26143_DATA\OFFICIAL_DATASET\PART_III_TEST\Images\Oil\00014.tif,C:\SlickTrace\outputs\part_iii_predictions\prediction_0014.tif,12,360482,29.336440822561126,1194.1953578819468,1483.380279736575,34.98434470196149,35.4894495272884,857,1063,878,985,EPSG:4326
14,Oil,A:\SIH26143_DATA\OFFICIAL_DATASET\PART_III_TEST\Images\Oil\00014.tif,C:\SlickTrace\outputs\part_iii_predictions\prediction_0014.tif,13,1280,0.10416787593521519,638.978125,1174.171875,34.93446868933105,35.51722619088371,622,1138,44,70,EPSG:4326
14,Oil,A:\SIH26143_DATA\OFFICIAL_DATASET\PART_III_TEST\Images\Oil\00014.tif,C:\SlickTrace\outputs\part_iii_predictions\prediction_0014.tif,14,631,0.05135150758993811,621.4690966719493,1232.1156893819334,34.93289582655533,35.51202100947576,606,1219,32,27,EPSG:4326
14,Oil,A:\SIH26143_DATA\OFFICIAL_DATASET\PART_III_TEST\Images\Oil\00014.tif,C:\SlickTrace\outputs\part_iii_predictions\prediction_0014.tif,15,2438,0.19840725119535518,1429.2391304347825,1321.31706316653,35.00545904329362,35.504007913732245,1392,1298,79,51,EPSG:4326
14,Oil,A:\SIH26143_DATA\OFFICIAL_DATASET\PART_III_TEST\Images\Oil\00014.tif,C:\SlickTrace\outputs\part_iii_predictions\prediction_0014.tif,16,654,0.05322327411064901,502.93730886850153,1334.776758409786,34.922247934891544,35.502798808736586,494,1306,17,53,EPSG:4326
14,Oil,A:\SIH26143_DATA\OFFICIAL_DATASET\PART_III_TEST\Images\Oil\00014.tif,C:\SlickTrace\outputs\part_iii_predictions\prediction_0014.tif,17,507,0.04126024460871414,695.8540433925049,1451.7435897435898,34.93957794001008,35.49229149950437,682,1438,27,26,EPSG:4326
14,Oil,A:\SIH26143_DATA\OFFICIAL_DATASET\PART_III_TEST\Images\Oil\00014.tif,C:\SlickTrace\outputs\part_iii_predictions\prediction_0014.tif,18,1284,0.10449340054751273,1909.8419003115264,1516.0576323987539,35.04863232467066,35.4865140707543,1888,1492,44,45,EPSG:4326
15,Oil,A:\SIH26143_DATA\OFFICIAL_DATASET\PART_III_TEST\Images\Oil\00015.tif,C:\SlickTrace\outputs\part_iii_predictions\prediction_0015.tif,1,692,0.05643675011593193,1207.0433526011561,382.4031791907515,34.98549885696414,35.4156059538408,1194,360,26,44,EPSG:4326
15,Oil,A:\SIH26143_DATA\OFFICIAL_DATASET\PART_III_TEST\Images\Oil\00015.tif,C:\SlickTrace\outputs\part_iii_predictions\prediction_0015.tif,2,877,0.07152460961224322,1405.9555302166477,412.66704675028507,35.003367441899094,35.41288730436228,1385,397,38,36,EPSG:4326
15,Oil,A:\SIH26143_DATA\OFFICIAL_DATASET\PART_III_TEST\Images\Oil\00015.tif,C:\SlickTrace\outputs\part_iii_predictions\prediction_0015.tif,3,691,0.05635519411865458,1360.1591895803183,430.7308248914616,34.999253486624056,35.41126460756296,1346,412,30,43,EPSG:4326
15,Oil,A:\SIH26143_DATA\OFFICIAL_DATASET\PART_III_TEST\Images\Oil\00015.tif,C:\SlickTrace\outputs\part_iii_predictions\prediction_0015.tif,4,552,0.04501891049710177,1387.873188405797,482.6992753623188,35.001743077496954,35.40659620222796,1370,473,41,22,EPSG:4326
15,Oil,A:\SIH26143_DATA\OFFICIAL_DATASET\PART_III_TEST\Images\Oil\00015.tif,C:\SlickTrace\outputs\part_iii_predictions\prediction_0015.tif,5,584,0.047628702409977235,1461.7534246575342,939.6352739726027,35.008379852038885,35.36554894308636,1445,925,37,29,EPSG:4326
15,Oil,A:\SIH26143_DATA\OFFICIAL_DATASET\PART_III_TEST\Images\Oil\00015.tif,C:\SlickTrace\outputs\part_iii_predictions\prediction_0015.tif,6,4059,0.33103579294879726,17.539541759053954,1123.0532150776053,34.878643911584355,35.349072229098724,0,1048,49,144,EPSG:4326
15,Oil,A:\SIH26143_DATA\OFFICIAL_DATASET\PART_III_TEST\Images\Oil\00015.tif,C:\SlickTrace\outputs\part_iii_predictions\prediction_0015.tif,7,1408,0.11483084416652047,1508.9119318181818,1091.6242897727273,35.01261617281475,35.3518955374952,1481,1071,52,41,EPSG:4326
15,Oil,A:\SIH26143_DATA\OFFICIAL_DATASET\PART_III_TEST\Images\Oil\00015.tif,C:\SlickTrace\outputs\part_iii_predictions\prediction_0015.tif,8,69919,5.7023137736356135,1909.6537707919163,1762.4700010011584,35.04861542470838,35.29163244192695,1742,1522,306,469,EPSG:4326
15,Oil,A:\SIH26143_DATA\OFFICIAL_DATASET\PART_III_TEST\Images\Oil\00015.tif,C:\SlickTrace\outputs\part_iii_predictions\prediction_0015.tif,9,2280,0.1859476737923769,1897.0842105263157,1940.842105263158,35.04748628189825,35.27560900317504,1861,1915,68,61,EPSG:4326
16,Oil,A:\SIH26143_DATA\OFFICIAL_DATASET\PART_III_TEST\Images\Oil\00016.tif,C:\SlickTrace\outputs\part_iii_predictions\prediction_0016.tif,1,4194,0.2127003622850198,1483.9053409632809,1152.553171196948,21.01774439265854,59.51431996826058,1420,1113,129,75,EPSG:4326
16,Oil,A:\SIH26143_DATA\OFFICIAL_DATASET\PART_III_TEST\Images\Oil\00016.tif,C:\SlickTrace\outputs\part_iii_predictions\prediction_0016.tif,2,42051,2.1326330315802022,435.9339135811277,1299.2939525813892,20.923603517604747,59.501138019588446,245,1230,451,161,EPSG:4326
16,Oil,A:\SIH26143_DATA\OFFICIAL_DATASET\PART_III_TEST\Images\Oil\00016.tif,C:\SlickTrace\outputs\part_iii_predictions\prediction_0016.tif,3,9425,0.47799258811070855,1270.3661538461538,1283.7341114058356,20.998561841103964,59.5025357839031,1170,1243,198,77,EPSG:4326
16,Oil,A:\SIH26143_DATA\OFFICIAL_DATASET\PART_III_TEST\Images\Oil\00016.tif,C:\SlickTrace\outputs\part_iii_predictions\prediction_0016.tif,4,13081,0.6634080684430959,1028.5296995642534,1311.9265346686034,20.97683730279009,59.50000321543177,866,1270,280,88,EPSG:4326
16,Oil,A:\SIH26143_DATA\OFFICIAL_DATASET\PART_III_TEST\Images\Oil\00016.tif,C:\SlickTrace\outputs\part_iii_predictions\prediction_0016.tif,5,98316,4.986134672964713,211.6675007119899,1521.0360266894504,20.903457322965245,59.481218590158086,0,1349,537,377,EPSG:4326
17,Oil,A:\SIH26143_DATA\OFFICIAL_DATASET\PART_III_TEST\Images\Oil\00017.tif,C:\SlickTrace\outputs\part_iii_predictions\prediction_0017.tif,1,7009,0.6559443046296375,2015.6541589385076,974.773434156085,38.83670087686062,20.63827607935832,1969,885,79,159,EPSG:4326
17,Oil,A:\SIH26143_DATA\OFFICIAL_DATASET\PART_III_TEST\Images\Oil\00017.tif,C:\SlickTrace\outputs\part_iii_predictions\prediction_0017.tif,2,2308,0.21599649808606125,1923.6117850953206,1043.5914211438476,38.828432569739626,20.632094054404977,1895,1014,57,63,EPSG:4326
17,Oil,A:\SIH26143_DATA\OFFICIAL_DATASET\PART_III_TEST\Images\Oil\00017.tif,C:\SlickTrace\outputs\part_iii_predictions\prediction_0017.tif,3,589,0.05512215657395584,1851.081494057725,1112.088285229202,38.82191706283955,20.625940876412763,1835,1099,32,31,EPSG:4326
17,Oil,A:\SIH26143_DATA\OFFICIAL_DATASET\PART_III_TEST\Images\Oil\00017.tif,C:\SlickTrace\outputs\part_iii_predictions\prediction_0017.tif,4,4922,0.46063031350935596,1804.2541649735879,1183.5127996749288,38.81771049229648,20.61952470311402,1738,1135,124,108,EPSG:4326
17,Oil,A:\SIH26143_DATA\OFFICIAL_DATASET\PART_III_TEST\Images\Oil\00017.tif,C:\SlickTrace\outputs\part_iii_predictions\prediction_0017.tif,5,556,0.052033818429744395,1599.7104316546763,1355.339928057554,38.79933601610535,20.604089209548775,1581,1337,32,32,EPSG:4326
17,Oil,A:\SIH26143_DATA\OFFICIAL_DATASET\PART_III_TEST\Images\Oil\00017.tif,C:\SlickTrace\outputs\part_iii_predictions\prediction_0017.tif,6,7947,0.7437279767287387,1554.5203221341387,1418.019881716371,38.79527651949802,20.59845857351081,1505,1361,94,115,EPSG:4326
17,Oil,A:\SIH26143_DATA\OFFICIAL_DATASET\PART_III_TEST\Images\Oil\00017.tif,C:\SlickTrace\outputs\part_iii_predictions\prediction_0017.tif,7,1177,0.11015072714354164,1087.7468139337298,1503.4936278674597,38.753345541834165,20.590780336254966,1068,1480,40,48,EPSG:4326
17,Oil,A:\SIH26143_DATA\OFFICIAL_DATASET\PART_III_TEST\Images\Oil\00017.tif,C:\SlickTrace\outputs\part_iii_predictions\prediction_0017.tif,8,3841,0.3594638427853385,1152.2483728195782,1539.6446237958864,38.759139815453835,20.5875328370371,1105,1490,93,107,EPSG:4326
17,Oil,A:\SIH26143_DATA\OFFICIAL_DATASET\PART_III_TEST\Images\Oil\00017.tif,C:\SlickTrace\outputs\part_iii_predictions\prediction_0017.tif,9,175918,16.463462716769378,965.7278050000568,1863.0677133664549,38.74238438776634,20.55847924657726,541,1593,735,455,EPSG:4326
18,Oil,A:\SIH26143_DATA\OFFICIAL_DATASET\PART_III_TEST\Images\Oil\00018.tif,C:\SlickTrace\outputs\part_iii_predictions\prediction_0018.tif,1,63616,5.165973484207458,220.60616825955734,664.6534205231388,35.08086066720003,35.73574304153964,0,570,624,235,EPSG:4326
19,Oil,A:\SIH26143_DATA\OFFICIAL_DATASET\PART_III_TEST\Images\Oil\00019.tif,C:\SlickTrace\outputs\part_iii_predictions\prediction_0019.tif,1,1862,0.15176173027845669,1640.4452201933404,482.73952738990334,35.417122154210766,35.45736142071828,1592,463,94,41,EPSG:4326
19,Oil,A:\SIH26143_DATA\OFFICIAL_DATASET\PART_III_TEST\Images\Oil\00019.tif,C:\SlickTrace\outputs\part_iii_predictions\prediction_0019.tif,2,2045,0.16667708830260144,1315.3442542787286,515.5232273838631,35.387917837554454,35.45441641084082,1260,493,104,46,EPSG:4326
19,Oil,A:\SIH26143_DATA\OFFICIAL_DATASET\PART_III_TEST\Images\Oil\00019.tif,C:\SlickTrace\outputs\part_iii_predictions\prediction_0019.tif,3,3742,0.30499054495273087,1059.128808123998,529.6402993051844,35.36490161242362,35.45314825269343,962,517,188,29,EPSG:4326
19,Oil,A:\SIH26143_DATA\OFFICIAL_DATASET\PART_III_TEST\Images\Oil\00019.tif,C:\SlickTrace\outputs\part_iii_predictions\prediction_0019.tif,4,231314,18.85317555189631,1029.6842603560528,764.5381343109367,35.36225656369423,35.432047021154204,0,622,2048,294,EPSG:4326
19,Oil,A:\SIH26143_DATA\OFFICIAL_DATASET\PART_III_TEST\Images\Oil\00019.tif,C:\SlickTrace\outputs\part_iii_predictions\prediction_0019.tif,5,5653,0.46074600497535745,275.36210861489474,725.009906244472,35.29449465188833,35.43559790229683,196,702,165,45,EPSG:4326
19,Oil,A:\SIH26143_DATA\OFFICIAL_DATASET\PART_III_TEST\Images\Oil\00019.tif,C:\SlickTrace\outputs\part_iii_predictions\prediction_0019.tif,6,535,0.043605008431242924,1952.3794392523364,810.3308411214954,35.44514368187282,35.42793339231129,1940,797,25,27,EPSG:4326
19,Oil,A:\SIH26143_DATA\OFFICIAL_DATASET\PART_III_TEST\Images\Oil\00019.tif,C:\SlickTrace\outputs\part_iii_predictions\prediction_0019.tif,7,1381,0.11255797503466632,557.8001448225923,931.2418537291818,35.319866492362536,35.4170717712469,504,921,107,22,EPSG:4326
19,Oil,A:\SIH26143_DATA\OFFICIAL_DATASET\PART_III_TEST\Images\Oil\00019.tif,C:\SlickTrace\outputs\part_iii_predictions\prediction_0019.tif,8,1177,0.09593101854873443,289.3559898045879,952.7935429056924,35.29575174362402,35.41513575006832,247,943,83,21,EPSG:4326
20,Oil,A:\SIH26143_DATA\OFFICIAL_DATASET\PART_III_TEST\Images\Oil\00020.tif,C:\SlickTrace\outputs\part_iii_predictions\prediction_0020.tif,1,80235,6.505797406739833,298.80041129183024,1450.2022309465945,35.313149376514474,35.78408017731039,0,1319,763,220,EPSG:4326
21,Oil,A:\SIH26143_DATA\OFFICIAL_DATASET\PART_III_TEST\Images\Oil\00021.tif,C:\SlickTrace\outputs\part_iii_predictions\prediction_0021.tif,1,67203,5.472700788830048,1682.6652381590109,916.6704760204158,35.43746406902749,35.486875418153005,1221,799,827,233,EPSG:4326
21,Oil,A:\SIH26143_DATA\OFFICIAL_DATASET\PART_III_TEST\Images\Oil\00021.tif,C:\SlickTrace\outputs\part_iii_predictions\prediction_0021.tif,2,51980,4.233010237688584,998.3591188918815,1460.6104078491728,35.375991804432076,35.438012462712535,837,1299,323,329,EPSG:4326
21,Oil,A:\SIH26143_DATA\OFFICIAL_DATASET\PART_III_TEST\Images\Oil\00021.tif,C:\SlickTrace\outputs\part_iii_predictions\prediction_0021.tif,3,8095,0.659219274222568,796.5472513897467,1486.6544780728846,35.35786273592269,35.43567288407827,758,1409,76,168,EPSG:4326
21,Oil,A:\SIH26143_DATA\OFFICIAL_DATASET\PART_III_TEST\Images\Oil\00021.tif,C:\SlickTrace\outputs\part_iii_predictions\prediction_0021.tif,4,1307,0.10643602117466291,611.4353481254782,1580.158377964805,35.34123385072522,35.4272732858385,600,1545,27,70,EPSG:4326
21,Oil,A:\SIH26143_DATA\OFFICIAL_DATASET\PART_III_TEST\Images\Oil\00021.tif,C:\SlickTrace\outputs\part_iii_predictions\prediction_0021.tif,5,8467,0.6895132297520054,616.857092240463,1687.3683713239636,35.34172089428572,35.417642448274016,552,1636,135,95,EPSG:4326
22,Oil,A:\SIH26143_DATA\OFFICIAL_DATASET\PART_III_TEST\Images\Oil\00022.tif,C:\SlickTrace\outputs\part_iii_predictions\prediction_0022.tif,1,555293,45.28747439613611,1229.6159504982054,764.5727300722322,35.171501558121136,35.381275078972614,374,415,1674,997,EPSG:4326
22,Oil,A:\SIH26143_DATA\OFFICIAL_DATASET\PART_III_TEST\Images\Oil\00022.tif,C:\SlickTrace\outputs\part_iii_predictions\prediction_0022.tif,2,924,0.07535774148427905,500.8625541125541,1040.1709956709956,35.10603652668841,35.35651766554619,478,1028,53,25,EPSG:4326
22,Oil,A:\SIH26143_DATA\OFFICIAL_DATASET\PART_III_TEST\Images\Oil\00022.tif,C:\SlickTrace\outputs\part_iii_predictions\prediction_0022.tif,3,622,0.050727830306516855,747.6221864951768,1117.5176848874598,35.128203321615715,35.34956949423628,731,1098,31,41,EPSG:4326
22,Oil,A:\SIH26143_DATA\OFFICIAL_DATASET\PART_III_TEST\Images\Oil\00022.tif,C:\SlickTrace\outputs\part_iii_predictions\prediction_0022.tif,4,1669,0.13611695945591099,565.2288795686039,1159.2935889754344,35.11181865208239,35.34581670092126,543,1129,48,55,EPSG:4326
22,Oil,A:\SIH26143_DATA\OFFICIAL_DATASET\PART_III_TEST\Images\Oil\00022.tif,C:\SlickTrace\outputs\part_iii_predictions\prediction_0022.tif,5,862,0.07030126965308284,714.0034802784223,1153.9350348027842,35.125183301853035,35.34629806803267,698,1133,38,47,EPSG:4326
22,Oil,A:\SIH26143_DATA\OFFICIAL_DATASET\PART_III_TEST\Images\Oil\00022.tif,C:\SlickTrace\outputs\part_iii_predictions\prediction_0022.tif,6,3913,0.319128617346303,619.6981855353948,1299.9683107590085,35.116711713088925,35.33317967565451,583,1260,81,84,EPSG:4326
22,Oil,A:\SIH26143_DATA\OFFICIAL_DATASET\PART_III_TEST\Images\Oil\00022.tif,C:\SlickTrace\outputs\part_iii_predictions\prediction_0022.tif,7,701,0.057170754091428154,806.7047075606276,1279.3666191155492,35.13351079478546,35.33503035710272,793,1262,32,40,EPSG:4326
22,Oil,A:\SIH26143_DATA\OFFICIAL_DATASET\PART_III_TEST\Images\Oil\00022.tif,C:\SlickTrace\outputs\part_iii_predictions\prediction_0022.tif,8,1351,0.11018215232171104,713.5958549222798,1323.321243523316,35.12514668424427,35.331081846011394,685,1307,60,34,EPSG:4326
22,Oil,A:\SIH26143_DATA\OFFICIAL_DATASET\PART_III_TEST\Images\Oil\00022.tif,C:\SlickTrace\outputs\part_iii_predictions\prediction_0022.tif,9,509,0.04151200261417537,545.2102161100197,1320.9862475442044,35.110020344947145,35.33129160226903,532,1310,26,25,EPSG:4326
22,Oil,A:\SIH26143_DATA\OFFICIAL_DATASET\PART_III_TEST\Images\Oil\00022.tif,C:\SlickTrace\outputs\part_iii_predictions\prediction_0022.tif,10,530,0.04322467855699989,797.4584905660378,1343.233962264151,35.13268019298081,35.32929305605207,782,1333,33,23,EPSG:4326
22,Oil,A:\SIH26143_DATA\OFFICIAL_DATASET\PART_III_TEST\Images\Oil\00022.tif,C:\SlickTrace\outputs\part_iii_predictions\prediction_0022.tif,11,1068,0.08710180509221865,672.75,1357.3277153558051,35.12147743866731,35.328026992670786,649,1337,50,41,EPSG:4326
22,Oil,A:\SIH26143_DATA\OFFICIAL_DATASET\PART_III_TEST\Images\Oil\00022.tif,C:\SlickTrace\outputs\part_iii_predictions\prediction_0022.tif,12,1475,0.12029509598410347,530.5627118644068,1701.8745762711865,35.10870453725334,35.29707582154522,512,1674,42,68,EPSG:4326
23,Oil,A:\SIH26143_DATA\OFFICIAL_DATASET\PART_III_TEST\Images\Oil\00023.tif,C:\SlickTrace\outputs\part_iii_predictions\prediction_0023.tif,1,1087,0.10160664462330427,943.5372585096596,93.19595216191352,38.92310830584873,20.89821056714426,917,72,54,46,EPSG:4326
23,Oil,A:\SIH26143_DATA\OFFICIAL_DATASET\PART_III_TEST\Images\Oil\00023.tif,C:\SlickTrace\outputs\part_iii_predictions\prediction_0023.tif,2,1078,0.10076537525659797,884.7059369202226,128.47309833024119,38.91782339831185,20.89504156718595,853,112,62,34,EPSG:4326
23,Oil,A:\SIH26143_DATA\OFFICIAL_DATASET\PART_III_TEST\Images\Oil\00023.tif,C:\SlickTrace\outputs\part_iii_predictions\prediction_0023.tif,3,166976,15.607977086127738,796.1763187523956,1038.470109476811,38.90987064740211,20.813295144824345,501,123,493,1925,EPSG:4326
23,Oil,A:\SIH26143_DATA\OFFICIAL_DATASET\PART_III_TEST\Images\Oil\00023.tif,C:\SlickTrace\outputs\part_iii_predictions\prediction_0023.tif,4,1034,0.09665250279714499,805.7185686653771,172.6237911025145,38.91072784229628,20.89107544297377,785,145,37,56,EPSG:4326
23,Oil,A:\SIH26143_DATA\OFFICIAL_DATASET\PART_III_TEST\Images\Oil\00023.tif,C:\SlickTrace\outputs\part_iii_predictions\prediction_0023.tif,5,867,0.08104228232603937,804.8512110726643,231.1926182237601,38.91064992623805,20.885814115716173,787,205,37,52,EPSG:4326
23,Oil,A:\SIH26143_DATA\OFFICIAL_DATASET\PART_III_TEST\Images\Oil\00023.tif,C:\SlickTrace\outputs\part_iii_predictions\prediction_0023.tif,6,1866,0.17442318203043766,808.986602357985,334.5166130760986,38.91102141475779,20.87653236333696,789,297,47,77,EPSG:4326
23,Oil,A:\SIH26143_DATA\OFFICIAL_DATASET\PART_III_TEST\Images\Oil\00023.tif,C:\SlickTrace\outputs\part_iii_predictions\prediction_0023.tif,7,1199,0.11207577452009365,707.4462051709758,1083.9057547956631,38.90189988568292,20.80921359136097,694,1052,36,55,EPSG:4326
24,Oil,A:\SIH26143_DATA\OFFICIAL_DATASET\PART_III_TEST\Images\Oil\00024.tif,C:\SlickTrace\outputs\part_iii_predictions\prediction_0024.tif,1,43074,4.03112355223527,455.78878209592796,334.847239634118,38.87929311473188,20.695761627483073,323,0,226,604,EPSG:4326
24,Oil,A:\SIH26143_DATA\OFFICIAL_DATASET\PART_III_TEST\Images\Oil\00024.tif,C:\SlickTrace\outputs\part_iii_predictions\prediction_0024.tif,2,38894,3.6399340539684863,164.67830513703913,804.8023345503162,38.85314221564993,20.653544843021766,0,579,337,440,EPSG:4326
25,Oil,A:\SIH26143_DATA\OFFICIAL_DATASET\PART_III_TEST\Images\Oil\00025.tif,C:\SlickTrace\outputs\part_iii_predictions\prediction_0025.tif,1,23317,1.9004448254042827,1649.0599991422566,109.42458292233134,35.60187100315836,35.490896872758825,1539,0,245,235,EPSG:4326
25,Oil,A:\SIH26143_DATA\OFFICIAL_DATASET\PART_III_TEST\Images\Oil\00025.tif,C:\SlickTrace\outputs\part_iii_predictions\prediction_0025.tif,2,4975,0.4054858260662309,1838.3047236180905,106.97507537688442,35.61887114600192,35.49111691576549,1806,14,68,178,EPSG:4326
25,Oil,A:\SIH26143_DATA\OFFICIAL_DATASET\PART_III_TEST\Images\Oil\00025.tif,C:\SlickTrace\outputs\part_iii_predictions\prediction_0025.tif,3,1113,0.09071471847471659,1353.5408805031448,51.320754716981135,35.57532406905606,35.49611642845309,1331,23,60,53,EPSG:4326
25,Oil,A:\SIH26143_DATA\OFFICIAL_DATASET\PART_III_TEST\Images\Oil\00025.tif,C:\SlickTrace\outputs\part_iii_predictions\prediction_0025.tif,4,32553,2.653222129835983,548.2950265720517,249.53942800970725,35.50298760325004,35.47831014207142,318,33,448,364,EPSG:4326
25,Oil,A:\SIH26143_DATA\OFFICIAL_DATASET\PART_III_TEST\Images\Oil\00025.tif,C:\SlickTrace\outputs\part_iii_predictions\prediction_0025.tif,5,366733,29.890458985074787,1046.0558526230254,573.790297028083,35.547702219037795,35.4491821909186,0,54,1973,857,EPSG:4326
25,Oil,A:\SIH26143_DATA\OFFICIAL_DATASET\PART_III_TEST\Images\Oil\00025.tif,C:\SlickTrace\outputs\part_iii_predictions\prediction_0025.tif,6,1226,0.09992474829290435,2023.021207177814,212.626427406199,35.63546451004297,35.48162609333391,2000,174,46,68,EPSG:4326
25,Oil,A:\SIH26143_DATA\OFFICIAL_DATASET\PART_III_TEST\Images\Oil\00025.tif,C:\SlickTrace\outputs\part_iii_predictions\prediction_0025.tif,7,725,0.0590908992759834,1425.481379310345,239.45241379310346,35.581786594018624,35.47921627397561,1406,228,38,24,EPSG:4326
25,Oil,A:\SIH26143_DATA\OFFICIAL_DATASET\PART_III_TEST\Images\Oil\00025.tif,C:\SlickTrace\outputs\part_iii_predictions\prediction_0025.tif,8,652,0.053141057004056795,421.4171779141104,281.0368098159509,35.491589972183476,35.47548068412279,404,270,35,24,EPSG:4326
25,Oil,A:\SIH26143_DATA\OFFICIAL_DATASET\PART_III_TEST\Images\Oil\00025.tif,C:\SlickTrace\outputs\part_iii_predictions\prediction_0025.tif,9,3013,0.24557362692212137,552.163956189844,417.840690341852,35.503335155110925,35.46319138244246,499,388,106,63,EPSG:4326
25,Oil,A:\SIH26143_DATA\OFFICIAL_DATASET\PART_III_TEST\Images\Oil\00025.tif,C:\SlickTrace\outputs\part_iii_predictions\prediction_0025.tif,10,1850,0.15078367401457832,1397.6702702702703,476.0081081081081,35.57928827958673,35.45796611440075,1365,458,66,38,EPSG:4326
26,Oil,A:\SIH26143_DATA\OFFICIAL_DATASET\PART_III_TEST\Images\Oil\00026.tif,C:\SlickTrace\outputs\part_iii_predictions\prediction_0026.tif,1,1069,0.08705440446496913,1941.9981290926098,126.17680074836295,35.634494514936264,35.557886673202674,1925,101,36,56,EPSG:4326
26,Oil,A:\SIH26143_DATA\OFFICIAL_DATASET\PART_III_TEST\Images\Oil\00026.tif,C:\SlickTrace\outputs\part_iii_predictions\prediction_0026.tif,2,216128,17.60046242114579,1269.790290938703,640.2395709949659,35.57410905742441,35.51170762885174,0,251,2048,669,EPSG:4326
27,Oil,A:\SIH26143_DATA\OFFICIAL_DATASET\PART_III_TEST\Images\Oil\00027.tif,C:\SlickTrace\outputs\part_iii_predictions\prediction_0027.tif,1,13127,1.0705855762598822,1680.3038013255123,22.72080444884589,35.39596250678533,35.44791677130671,1505,0,377,78,EPSG:4326
27,Oil,A:\SIH26143_DATA\OFFICIAL_DATASET\PART_III_TEST\Images\Oil\00027.tif,C:\SlickTrace\outputs\part_iii_predictions\prediction_0027.tif,2,10531,0.8588662073278601,1941.8358180609628,86.3295033709999,35.419456327577336,35.442202704662236,1866,9,135,182,EPSG:4326
27,Oil,A:\SIH26143_DATA\OFFICIAL_DATASET\PART_III_TEST\Images\Oil\00027.tif,C:\SlickTrace\outputs\part_iii_predictions\prediction_0027.tif,3,647,0.05276673023845081,1462.5533230293663,85.71406491499228,35.37640164850755,35.44225799043939,1446,73,34,27,EPSG:4326
27,Oil,A:\SIH26143_DATA\OFFICIAL_DATASET\PART_III_TEST\Images\Oil\00027.tif,C:\SlickTrace\outputs\part_iii_predictions\prediction_0027.tif,4,843,0.06875170570481304,1918.3131672597865,225.51720047449584,35.41734325190357,35.429699261095294,1906,206,30,48,EPSG:4326
27,Oil,A:\SIH26143_DATA\OFFICIAL_DATASET\PART_III_TEST\Images\Oil\00027.tif,C:\SlickTrace\outputs\part_iii_predictions\prediction_0027.tif,5,701,0.057170754091428154,1843.4151212553495,399.0684736091298,35.41061504595592,35.41410888497177,1834,373,20,53,EPSG:4326
27,Oil,A:\SIH26143_DATA\OFFICIAL_DATASET\PART_III_TEST\Images\Oil\00027.tif,C:\SlickTrace\outputs\part_iii_predictions\prediction_0027.tif,6,14706,1.1993624959608309,1692.9137766897866,786.7733578131375,35.39709528014554,35.37928076265094,1495,532,337,403,EPSG:4326
27,Oil,A:\SIH26143_DATA\OFFICIAL_DATASET\PART_III_TEST\Images\Oil\00027.tif,C:\SlickTrace\outputs\part_iii_predictions\prediction_0027.tif,7,137732,11.232870617005112,462.66068887404526,838.0547657770162,35.28657976493353,35.37467407539443,0,557,1241,472,EPSG:4326
27,Oil,A:\SIH26143_DATA\OFFICIAL_DATASET\PART_III_TEST\Images\Oil\00027.tif,C:\SlickTrace\outputs\part_iii_predictions\prediction_0027.tif,8,1295,0.10561501647417898,1382.0131274131274,953.7776061776062,35.36916659963675,35.36427851576907,1345,935,76,36,EPSG:4326
28,Oil,A:\SIH26143_DATA\OFFICIAL_DATASET\PART_III_TEST\Images\Oil\00028.tif,C:\SlickTrace\outputs\part_iii_predictions\prediction_0028.tif,1,2039,0.1659361711186748,2015.9504659146642,1036.0613045610594,35.61008912985943,35.52963287451608,1980,1009,68,47,EPSG:4326
28,Oil,A:\SIH26143_DATA\OFFICIAL_DATASET\PART_III_TEST\Images\Oil\00028.tif,C:\SlickTrace\outputs\part_iii_predictions\prediction_0028.tif,2,3576,0.29101900339400744,1977.9807046979865,1106.5517337807605,35.6066782481759,35.52330061152087,1894,1082,154,46,EPSG:4326
28,Oil,A:\SIH26143_DATA\OFFICIAL_DATASET\PART_III_TEST\Images\Oil\00028.tif,C:\SlickTrace\outputs\part_iii_predictions\prediction_0028.tif,3,1045,0.08504330496273427,1845.1196172248804,1130.4736842105262,35.59474313362172,35.52115166615116,1811,1113,63,34,EPSG:4326
28,Oil,A:\SIH26143_DATA\OFFICIAL_DATASET\PART_III_TEST\Images\Oil\00028.tif,C:\SlickTrace\outputs\part_iii_predictions\prediction_0028.tif,4,52229,4.250456243922152,1643.7736315074,1366.2193225985563,35.57665591598511,35.499974275138314,1462,1140,376,398,EPSG:4326
28,Oil,A:\SIH26143_DATA\OFFICIAL_DATASET\PART_III_TEST\Images\Oil\00028.tif,C:\SlickTrace\outputs\part_iii_predictions\prediction_0028.tif,5,1678,0.13655757485882117,1611.212157330155,1244.253873659118,35.57373086899242,35.51093061783,1582,1206,71,85,EPSG:4326
28,Oil,A:\SIH26143_DATA\OFFICIAL_DATASET\PART_III_TEST\Images\Oil\00028.tif,C:\SlickTrace\outputs\part_iii_predictions\prediction_0028.tif,6,23191,1.8873103209481057,1939.9364408606787,1412.7452460006036,35.60326067380809,35.49579478032833,1687,1225,361,372,EPSG:4326
28,Oil,A:\SIH26143_DATA\OFFICIAL_DATASET\PART_III_TEST\Images\Oil\00028.tif,C:\SlickTrace\outputs\part_iii_predictions\prediction_0028.tif,7,1415,0.11515433160025741,1965.7060070671378,1274.443109540636,35.605575593326925,35.50821867262917,1942,1254,47,43,EPSG:4326
28,Oil,A:\SIH26143_DATA\OFFICIAL_DATASET\PART_III_TEST\Images\Oil\00028.tif,C:\SlickTrace\outputs\part_iii_predictions\prediction_0028.tif,8,827,0.06730221359251794,1901.274486094317,1332.3700120918984,35.59978761132003,35.50301501043682,1890,1309,25,45,EPSG:4326
28,Oil,A:\SIH26143_DATA\OFFICIAL_DATASET\PART_III_TEST\Images\Oil\00028.tif,C:\SlickTrace\outputs\part_iii_predictions\prediction_0028.tif,9,960,0.07812590695141139,1563.6177083333334,1347.1885416666667,35.56945538689511,35.5016838392763,1552,1318,24,59,EPSG:4326
28,Oil,A:\SIH26143_DATA\OFFICIAL_DATASET\PART_III_TEST\Images\Oil\00028.tif,C:\SlickTrace\outputs\part_iii_predictions\prediction_0028.tif,10,1175,0.09562285486240457,1824.8927659574467,1368.8085106382978,35.5929261246574,35.49974168441936,1804,1342,42,57,EPSG:4326
28,Oil,A:\SIH26143_DATA\OFFICIAL_DATASET\PART_III_TEST\Images\Oil\00028.tif,C:\SlickTrace\outputs\part_iii_predictions\prediction_0028.tif,11,535,0.04353891689479697,1860.7794392523365,1366.4093457943925,35.5961498793691,35.4999572050642,1850,1350,23,34,EPSG:4326
28,Oil,A:\SIH26143_DATA\OFFICIAL_DATASET\PART_III_TEST\Images\Oil\00028.tif,C:\SlickTrace\outputs\part_iii_predictions\prediction_0028.tif,12,4009,0.32625704267521694,1578.6535295584933,1612.0695934148166,35.570806077696695,35.4778891695504,1493,1590,168,49,EPSG:4326
28,Oil,A:\SIH26143_DATA\OFFICIAL_DATASET\PART_III_TEST\Images\Oil\00028.tif,C:\SlickTrace\outputs\part_iii_predictions\prediction_0028.tif,13,1659,0.13501133295040782,479.7697408077155,1652.0150693188668,35.4720916674061,35.4743008063968,450,1633,61,42,EPSG:4326
28,Oil,A:\SIH26143_DATA\OFFICIAL_DATASET\PART_III_TEST\Images\Oil\00028.tif,C:\SlickTrace\outputs\part_iii_predictions\prediction_0028.tif,14,7964,0.648119503084417,324.0936715218483,1683.6780512305374,35.45810704816498,35.47145647233759,223,1649,198,79,EPSG:4326
28,Oil,A:\SIH26143_DATA\OFFICIAL_DATASET\PART_III_TEST\Images\Oil\00028.tif,C:\SlickTrace\outputs\part_iii_predictions\prediction_0028.tif,15,1343,0.10929488857890156,413.2025316455696,1719.5629188384214,35.46611183326494,35.468232879833515,384,1703,63,36,EPSG:4326
28,Oil,A:\SIH26143_DATA\OFFICIAL_DATASET\PART_III_TEST\Images\Oil\00028.tif,C:\SlickTrace\outputs\part_iii_predictions\prediction_0028.tif,16,14776,1.2024879178271404,378.58730373578777,1763.407282079047,35.463002294435476,35.46429427367136,174,1716,412,85,EPSG:4326
28,Oil,A:\SIH26143_DATA\OFFICIAL_DATASET\PART_III_TEST\Images\Oil\00028.tif,C:\SlickTrace\outputs\part_iii_predictions\prediction_0028.tif,17,5002,0.4070685276780831,69.04258296681327,1766.8810475809676,35.43519541905695,35.463982220006976,0,1742,151,53,EPSG:4326
29,Oil,A:\SIH26143_DATA\OFFICIAL_DATASET\PART_III_TEST\Images\Oil\00029.tif,C:\SlickTrace\outputs\part_iii_predictions\prediction_0029.tif,1,246383,17.889832803410616,637.179720191734,1694.0987243438062,9.161202912743567,43.38005013875183,240,1037,1298,1011,EPSG:4326
30,Oil,A:\SIH26143_DATA\OFFICIAL_DATASET\PART_III_TEST\Images\Oil\00030.tif,C:\SlickTrace\outputs\part_iii_predictions\prediction_0030.tif,1,33825,2.4629966247896915,470.89756097560974,55.47852180339985,9.146265532233542,43.355312350652255,264,0,366,135,EPSG:4326
30,Oil,A:\SIH26143_DATA\OFFICIAL_DATASET\PART_III_TEST\Images\Oil\00030.tif,C:\SlickTrace\outputs\part_iii_predictions\prediction_0030.tif,2,1297,0.09444217656621522,703.0431765612952,8.022359290670778,9.167119527695737,43.35957541026334,654,0,91,22,EPSG:4326
30,Oil,A:\SIH26143_DATA\OFFICIAL_DATASET\PART_III_TEST\Images\Oil\00030.tif,C:\SlickTrace\outputs\part_iii_predictions\prediction_0030.tif,3,11654,0.8485960876658999,968.2495280590355,42.31191007379441,9.190943419595337,43.356495127507934,833,0,261,98,EPSG:4326
30,Oil,A:\SIH26143_DATA\OFFICIAL_DATASET\PART_III_TEST\Images\Oil\00030.tif,C:\SlickTrace\outputs\part_iii_predictions\prediction_0030.tif,4,167215,12.175904822297362,1403.2503064916425,397.57206590317855,9.230020204382328,43.32458156472591,1096,23,952,713,EPSG:4326
30,Oil,A:\SIH26143_DATA\OFFICIAL_DATASET\PART_III_TEST\Images\Oil\00030.tif,C:\SlickTrace\outputs\part_iii_predictions\prediction_0030.tif,5,6730,0.4900507696920805,1108.1267459138187,185.10237741456166,9.203508803865244,43.34366804158405,1035,143,146,81,EPSG:4326
31,Oil,A:\SIH26143_DATA\OFFICIAL_DATASET\PART_III_TEST\Images\Oil\00031.tif,C:\SlickTrace\outputs\part_iii_predictions\prediction_0031.tif,1,52061,3.7845214063632815,430.47000633871806,600.1635773419642,9.19950294392781,43.40817050268994,0,488,1008,247,EPSG:4326
31,Oil,A:\SIH26143_DATA\OFFICIAL_DATASET\PART_III_TEST\Images\Oil\00031.tif,C:\SlickTrace\outputs\part_iii_predictions\prediction_0031.tif,2,26996,1.9624467429781054,1050.512446288339,778.5235960883094,9.255202303988762,43.39214814959838,735,743,650,73,EPSG:4326
31,Oil,A:\SIH26143_DATA\OFFICIAL_DATASET\PART_III_TEST\Images\Oil\00031.tif,C:\SlickTrace\outputs\part_iii_predictions\prediction_0031.tif,3,8213,0.5970356756585857,1887.3188846949956,862.1665652015098,9.330373905335794,43.38463437384202,1726,820,322,79,EPSG:4326
31,Oil,A:\SIH26143_DATA\OFFICIAL_DATASET\PART_III_TEST\Images\Oil\00031.tif,C:\SlickTrace\outputs\part_iii_predictions\prediction_0031.tif,4,965,0.07014969280537382,1607.7544041450776,842.3699481865285,9.305260200758301,43.38641273420586,1579,825,51,36,EPSG:4326
31,Oil,A:\SIH26143_DATA\OFFICIAL_DATASET\PART_III_TEST\Images\Oil\00031.tif,C:\SlickTrace\outputs\part_iii_predictions\prediction_0031.tif,5,2006,0.14582412825655947,926.068295114656,857.7901296111665,9.244023295686901,43.3850275157401,880,843,88,32,EPSG:4326
31,Oil,A:\SIH26143_DATA\OFFICIAL_DATASET\PART_III_TEST\Images\Oil\00031.tif,C:\SlickTrace\outputs\part_iii_predictions\prediction_0031.tif,6,1986,0.14437024861292477,1686.1581067472307,866.3791540785498,9.312303325196208,43.38425595054463,1633,848,108,37,EPSG:4326
31,Oil,A:\SIH26143_DATA\OFFICIAL_DATASET\PART_III_TEST\Images\Oil\00031.tif,C:\SlickTrace\outputs\part_iii_predictions\prediction_0031.tif,7,8384,0.6094663466116623,916.7369990458016,917.3220419847328,9.24318505109897,43.3796796730623,805,885,213,70,EPSG:4326
32,Oil,A:\SIH26143_DATA\OFFICIAL_DATASET\PART_III_TEST\Images\Oil\00032.tif,C:\SlickTrace\outputs\part_iii_predictions\prediction_0032.tif,1,199202,14.50506588769715,1779.4504322245762,863.2576429955523,9.439165980125816,43.2827483175763,956,560,1092,704,EPSG:4326
32,Oil,A:\SIH26143_DATA\OFFICIAL_DATASET\PART_III_TEST\Images\Oil\00032.tif,C:\SlickTrace\outputs\part_iii_predictions\prediction_0032.tif,2,35566,2.589769045299931,414.90344711241073,763.2756565258956,9.316586638863269,43.29172985223453,0,636,950,228,EPSG:4326
32,Oil,A:\SIH26143_DATA\OFFICIAL_DATASET\PART_III_TEST\Images\Oil\00032.tif,C:\SlickTrace\outputs\part_iii_predictions\prediction_0032.tif,3,1272,0.09262177994774538,1218.6061320754718,880.6194968553459,9.38878447944229,43.281188675708016,1180,865,75,31,EPSG:4326
34,Oil,A:\SIH26143_DATA\OFFICIAL_DATASET\PART_III_TEST\Images\Oil\00034.tif,C:\SlickTrace\outputs\part_iii_predictions\prediction_0034.tif,1,15016,1.4145682104088384,1841.1887320191795,224.5638652104422,38.781017175948165,19.676159441828055,1760,149,189,184,EPSG:4326
34,Oil,A:\SIH26143_DATA\OFFICIAL_DATASET\PART_III_TEST\Images\Oil\00034.tif,C:\SlickTrace\outputs\part_iii_predictions\prediction_0034.tif,2,9373,0.8829746827492037,1670.740958071055,238.69380134428678,38.765705591899994,19.67489012806879,1582,188,189,98,EPSG:4326
34,Oil,A:\SIH26143_DATA\OFFICIAL_DATASET\PART_III_TEST\Images\Oil\00034.tif,C:\SlickTrace\outputs\part_iii_predictions\prediction_0034.tif,3,2681,0.25256109297456686,1478.035434539351,289.7325624766878,38.74839456018771,19.670305238148014,1447,259,65,63,EPSG:4326
34,Oil,A:\SIH26143_DATA\OFFICIAL_DATASET\PART_III_TEST\Images\Oil\00034.tif,C:\SlickTrace\outputs\part_iii_predictions\prediction_0034.tif,4,33531,3.1587564373480794,1045.2766097044525,393.8092809638842,38.709519173519034,19.66095586745421,833,321,480,175,EPSG:4326
34,Oil,A:\SIH26143_DATA\OFFICIAL_DATASET\PART_III_TEST\Images\Oil\00034.tif,C:\SlickTrace\outputs\part_iii_predictions\prediction_0034.tif,5,30744,2.896209713692683,575.7606687483736,491.8844002081707,38.667341838929175,19.65214562959331,408,406,392,186,EPSG:4326
34,Oil,A:\SIH26143_DATA\OFFICIAL_DATASET\PART_III_TEST\Images\Oil\00034.tif,C:\SlickTrace\outputs\part_iii_predictions\prediction_0034.tif,6,30935,2.914202689730782,143.28065298205917,527.653596250202,38.62849149810526,19.648932428042787,0,468,392,164,EPSG:4326
35,Oil,A:\SIH26143_DATA\OFFICIAL_DATASET\PART_III_TEST\Images\Oil\00035.tif,C:\SlickTrace\outputs\part_iii_predictions\prediction_0035.tif,1,349677,30.724934310346878,232.32904652007423,649.7266563142557,48.61058949852294,28.55270814627044,0,0,611,1167,EPSG:4326
35,Oil,A:\SIH26143_DATA\OFFICIAL_DATASET\PART_III_TEST\Images\Oil\00035.tif,C:\SlickTrace\outputs\part_iii_predictions\prediction_0035.tif,2,528,0.046393572685258545,545.3958333333334,860.2045454545455,48.6387127664774,28.533800595792048,529,839,33,37,EPSG:4326
35,Oil,A:\SIH26143_DATA\OFFICIAL_DATASET\PART_III_TEST\Images\Oil\00035.tif,C:\SlickTrace\outputs\part_iii_predictions\prediction_0035.tif,3,1624,0.14269538265314372,120.63854679802955,1025.6059113300494,48.60055617022382,28.518942338294025,87,1006,72,43,EPSG:4326
37,Oil,A:\SIH26143_DATA\OFFICIAL_DATASET\PART_III_TEST\Images\Oil\00037.tif,C:\SlickTrace\outputs\part_iii_predictions\prediction_0037.tif,1,2790,0.27839487065511775,295.52043010752686,351.50501792114693,116.31466964438026,-3.721841212513901,264,308,62,91,EPSG:4326
37,Oil,A:\SIH26143_DATA\OFFICIAL_DATASET\PART_III_TEST\Images\Oil\00037.tif,C:\SlickTrace\outputs\part_iii_predictions\prediction_0037.tif,2,1585,0.15815622580228014,228.7255520504732,343.1993690851735,116.30866935839431,-3.7210951033845125,201,320,51,49,EPSG:4326
37,Oil,A:\SIH26143_DATA\OFFICIAL_DATASET\PART_III_TEST\Images\Oil\00037.tif,C:\SlickTrace\outputs\part_iii_predictions\prediction_0037.tif,3,647,0.06455967072181404,1009.2194744976816,692.629057187017,116.37878232036398,-3.752484906339213,1000,664,19,54,EPSG:4326
37,Oil,A:\SIH26143_DATA\OFFICIAL_DATASET\PART_III_TEST\Images\Oil\00037.tif,C:\SlickTrace\outputs\part_iii_predictions\prediction_0037.tif,4,8529,0.8510501260994621,943.0560440848868,1012.7420565130731,116.37283875828503,-3.781241146333207,890,798,114,430,EPSG:4326
37,Oil,A:\SIH26143_DATA\OFFICIAL_DATASET\PART_III_TEST\Images\Oil\00037.tif,C:\SlickTrace\outputs\part_iii_predictions\prediction_0037.tif,5,504,0.050290686311892235,809.0178571428571,1695.0376984126983,116.36079790308645,-3.842532806673864,800,1671,20,50,EPSG:4326
37,Oil,A:\SIH26143_DATA\OFFICIAL_DATASET\PART_III_TEST\Images\Oil\00037.tif,C:\SlickTrace\outputs\part_iii_predictions\prediction_0037.tif,6,2804,0.2797918341637814,746.4422253922967,1994.1957917261057,116.35517663844496,-3.869406635433013,719,1932,49,113,EPSG:4326
38,Oil,A:\SIH26143_DATA\OFFICIAL_DATASET\PART_III_TEST\Images\Oil\00038.tif,C:\SlickTrace\outputs\part_iii_predictions\prediction_0038.tif,1,2955,0.2947957096428932,716.4162436548223,60.551945854483925,116.35247935861341,-3.8776132983882023,690,2,64,134,EPSG:4326
38,Oil,A:\SIH26143_DATA\OFFICIAL_DATASET\PART_III_TEST\Images\Oil\00038.tif,C:\SlickTrace\outputs\part_iii_predictions\prediction_0038.tif,2,11078,1.105159685761073,1959.8579165914425,1877.548113377866,116.46417962458442,-4.040836841235487,1861,1704,187,342,EPSG:4326
39,Oil,A:\SIH26143_DATA\OFFICIAL_DATASET\PART_III_TEST\Images\Oil\00039.tif,C:\SlickTrace\outputs\part_iii_predictions\prediction_0039.tif,1,39125,3.6815620848293094,1787.6547220447285,1730.928536741214,38.95578135930563,19.722120425373998,1541,1492,507,426,EPSG:4326
39,Oil,A:\SIH26143_DATA\OFFICIAL_DATASET\PART_III_TEST\Images\Oil\00039.tif,C:\SlickTrace\outputs\part_iii_predictions\prediction_0039.tif,2,33581,3.1598859136269146,1246.6472707781186,1947.1340043476966,38.9071818330761,19.702698357767886,897,1831,629,217,EPSG:4326
40,Oil,A:\SIH26143_DATA\OFFICIAL_DATASET\PART_III_TEST\Images\Oil\00040.tif,C:\SlickTrace\outputs\part_iii_predictions\prediction_0040.tif,1,601024,49.03464370543759,1548.7552959615589,1460.9449622644022,35.800125396760656,35.28982728091809,1054,724,994,1324,EPSG:4326
40,Oil,A:\SIH26143_DATA\OFFICIAL_DATASET\PART_III_TEST\Images\Oil\00040.tif,C:\SlickTrace\outputs\part_iii_predictions\prediction_0040.tif,2,830,0.06771568901660033,1242.0072289156626,1081.3614457831325,35.77256974906051,35.32392584836359,1222,1054,40,53,EPSG:4326
40,Oil,A:\SIH26143_DATA\OFFICIAL_DATASET\PART_III_TEST\Images\Oil\00040.tif,C:\SlickTrace\outputs\part_iii_predictions\prediction_0040.tif,3,953,0.07775066461785556,1214.7922350472193,1121.9422875131165,35.770124984565584,35.32028040932674,1198,1087,42,68,EPSG:4326
40,Oil,A:\SIH26143_DATA\OFFICIAL_DATASET\PART_III_TEST\Images\Oil\00040.tif,C:\SlickTrace\outputs\part_iii_predictions\prediction_0040.tif,4,520,0.042424287094737556,1664.301923076923,1116.1923076923076,35.810505126877274,35.32079693880238,1647,1104,37,23,EPSG:4326
40,Oil,A:\SIH26143_DATA\OFFICIAL_DATASET\PART_III_TEST\Images\Oil\00040.tif,C:\SlickTrace\outputs\part_iii_predictions\prediction_0040.tif,5,541,0.04413757561202503,1605.8687615526803,1126.9630314232902,35.8052559866676,35.319829388227525,1594,1111,26,37,EPSG:4326
40,Oil,A:\SIH26143_DATA\OFFICIAL_DATASET\PART_III_TEST\Images\Oil\00040.tif,C:\SlickTrace\outputs\part_iii_predictions\prediction_0040.tif,6,927,0.07562945026311868,1167.1844660194174,1142.8683926645092,35.765848305909536,35.318400585317285,1144,1121,49,42,EPSG:4326
40,Oil,A:\SIH26143_DATA\OFFICIAL_DATASET\PART_III_TEST\Images\Oil\00040.tif,C:\SlickTrace\outputs\part_iii_predictions\prediction_0040.tif,7,639,0.052132922026033264,1123.7652582159624,1156.9733959311425,35.761947892110115,35.31713351131558,1115,1138,20,39,EPSG:4326
40,Oil,A:\SIH26143_DATA\OFFICIAL_DATASET\PART_III_TEST\Images\Oil\00040.tif,C:\SlickTrace\outputs\part_iii_predictions\prediction_0040.tif,8,642,0.052377677528502906,1095.423676012461,1172.6028037383178,35.75940192446316,35.31572949772409,1080,1156,29,36,EPSG:4326
40,Oil,A:\SIH26143_DATA\OFFICIAL_DATASET\PART_III_TEST\Images\Oil\00040.tif,C:\SlickTrace\outputs\part_iii_predictions\prediction_0040.tif,9,594,0.04846158948898867,1283.8468013468014,1209.3670033670035,35.7763282618001,35.31242691348061,1269,1199,31,21,EPSG:4326
40,Oil,A:\SIH26143_DATA\OFFICIAL_DATASET\PART_III_TEST\Images\Oil\00040.tif,C:\SlickTrace\outputs\part_iii_predictions\prediction_0040.tif,10,595,0.04854317465647855,1470.9344537815125,1373.2689075630253,35.793134631565316,35.29770335491705,1458,1358,31,33,EPSG:4326
40,Oil,A:\SIH26143_DATA\OFFICIAL_DATASET\PART_III_TEST\Images\Oil\00040.tif,C:\SlickTrace\outputs\part_iii_predictions\prediction_0040.tif,11,551,0.044953427286923836,1239.8765880217786,1586.2050816696915,35.77237835033252,35.27857497294285,1222,1572,31,28,EPSG:4326
40,Oil,A:\SIH26143_DATA\OFFICIAL_DATASET\PART_III_TEST\Images\Oil\00040.tif,C:\SlickTrace\outputs\part_iii_predictions\prediction_0040.tif,12,1219,0.09945231917016362,1825.5709598031174,1601.0779327317473,35.82499217093191,35.2772389220001,1782,1590,84,26,EPSG:4326
40,Oil,A:\SIH26143_DATA\OFFICIAL_DATASET\PART_III_TEST\Images\Oil\00040.tif,C:\SlickTrace\outputs\part_iii_predictions\prediction_0040.tif,13,643,0.052459262695992784,1259.298600311042,1642.765163297045,35.774123059381296,35.273494094363166,1242,1628,34,29,EPSG:4326
40,Oil,A:\SIH26143_DATA\OFFICIAL_DATASET\PART_III_TEST\Images\Oil\00040.tif,C:\SlickTrace\outputs\part_iii_predictions\prediction_0040.tif,14,539,0.04397440527704528,1853.2486085343228,1655.064935064935,35.827478496420284,35.27238918706613,1841,1643,25,26,EPSG:4326
40,Oil,A:\SIH26143_DATA\OFFICIAL_DATASET\PART_III_TEST\Images\Oil\00040.tif,C:\SlickTrace\outputs\part_iii_predictions\prediction_0040.tif,15,564,0.046014034464292274,1484.6702127659576,1709.1914893617022,35.794368535788784,35.26752691596598,1474,1691,21,41,EPSG:4326
40,Oil,A:\SIH26143_DATA\OFFICIAL_DATASET\PART_III_TEST\Images\Oil\00040.tif,C:\SlickTrace\outputs\part_iii_predictions\prediction_0040.tif,16,1095,0.08933575840141851,1311.461187214612,1734.9570776255707,35.77880890428876,35.26521235379181,1295,1704,35,63,EPSG:4326
40,Oil,A:\SIH26143_DATA\OFFICIAL_DATASET\PART_III_TEST\Images\Oil\00040.tif,C:\SlickTrace\outputs\part_iii_predictions\prediction_0040.tif,17,1082,0.08827515122405007,1376.4611829944547,1734.9537892791127,35.78464795325644,35.265212649188996,1354,1720,44,32,EPSG:4326
40,Oil,A:\SIH26143_DATA\OFFICIAL_DATASET\PART_III_TEST\Images\Oil\00040.tif,C:\SlickTrace\outputs\part_iii_predictions\prediction_0040.tif,18,530,0.04324013876963635,1382.143396226415,1803.956603773585,35.785158395155825,35.25901402089823,1371,1791,23,27,EPSG:4326
41,Oil,A:\SIH26143_DATA\OFFICIAL_DATASET\PART_III_TEST\Images\Oil\00041.tif,C:\SlickTrace\outputs\part_iii_predictions\prediction_0041.tif,1,44688,4.22674343152121,1722.0997359470105,160.0497896527032,39.00006079842001,19.023530224708608,1385,0,663,385,EPSG:4326
41,Oil,A:\SIH26143_DATA\OFFICIAL_DATASET\PART_III_TEST\Images\Oil\00041.tif,C:\SlickTrace\outputs\part_iii_predictions\prediction_0041.tif,2,67958,6.427699385054564,966.8308514082228,884.3897407222108,38.9322138401599,18.958461659814198,602,394,703,1125,EPSG:4326
41,Oil,A:\SIH26143_DATA\OFFICIAL_DATASET\PART_III_TEST\Images\Oil\00041.tif,C:\SlickTrace\outputs\part_iii_predictions\prediction_0041.tif,3,933,0.08824632164360205,587.7438370846731,1555.4233654876741,38.89815987426209,18.898181683685703,572,1528,32,59,EPSG:4326
41,Oil,A:\SIH26143_DATA\OFFICIAL_DATASET\PART_III_TEST\Images\Oil\00041.tif,C:\SlickTrace\outputs\part_iii_predictions\prediction_0041.tif,4,27717,2.621568378344821,394.9180647256197,1838.5719594472707,38.88083804041386,18.872746012722615,179,1592,413,456,EPSG:4326
43,Oil,A:\SIH26143_DATA\OFFICIAL_DATASET\PART_III_TEST\Images\Oil\00043.tif,C:\SlickTrace\outputs\part_iii_predictions\prediction_0043.tif,1,30200,2.8534062990275117,855.75,1886.180761589404,39.09776608401756,19.043730553192045,653,1825,414,132,EPSG:4326
43,Oil,A:\SIH26143_DATA\OFFICIAL_DATASET\PART_III_TEST\Images\Oil\00043.tif,C:\SlickTrace\outputs\part_iii_predictions\prediction_0043.tif,2,42496,4.015177287532223,331.48291603915663,1925.2438347138554,39.05067037056927,19.040221457628807,0,1830,638,215,EPSG:4326
43,Oil,A:\SIH26143_DATA\OFFICIAL_DATASET\PART_III_TEST\Images\Oil\00043.tif,C:\SlickTrace\outputs\part_iii_predictions\prediction_0043.tif,3,573,0.05413913275969418,652.326352530541,1852.7713787085515,39.07949222685024,19.046731769119532,636,1841,34,24,EPSG:4326
44,Oil,A:\SIH26143_DATA\OFFICIAL_DATASET\PART_III_TEST\Images\Oil\00044.tif,C:\SlickTrace\outputs\part_iii_predictions\prediction_0044.tif,1,15471,1.4632999379937486,107.58237993665568,44.807575463770924,39.03055704319893,19.033882608946776,0,0,298,109,EPSG:4326
44,Oil,A:\SIH26143_DATA\OFFICIAL_DATASET\PART_III_TEST\Images\Oil\00044.tif,C:\SlickTrace\outputs\part_iii_predictions\prediction_0044.tif,2,103395,9.779451689539371,1551.6154939793994,342.06059287199577,39.16027674491086,19.007179916067933,1079,0,790,827,EPSG:4326
44,Oil,A:\SIH26143_DATA\OFFICIAL_DATASET\PART_III_TEST\Images\Oil\00044.tif,C:\SlickTrace\outputs\part_iii_predictions\prediction_0044.tif,3,11074,1.0474166836883698,1913.6820480404551,854.2028174101499,39.19280173684901,18.961173397273374,1832,774,166,143,EPSG:4326
44,Oil,A:\SIH26143_DATA\OFFICIAL_DATASET\PART_III_TEST\Images\Oil\00044.tif,C:\SlickTrace\outputs\part_iii_predictions\prediction_0044.tif,4,2580,0.24402519811414072,2023.2980620155038,938.1077519379845,39.202648710922816,18.95363608876343,1993,902,55,65,EPSG:4326
47,Oil,A:\SIH26143_DATA\OFFICIAL_DATASET\PART_III_TEST\Images\Oil\00047.tif,C:\SlickTrace\outputs\part_iii_predictions\prediction_0047.tif,1,63455,6.001790289276279,340.57517926089355,1050.158584823891,39.22701794898816,18.94357039118546,37,855,593,399,EPSG:4326
47,Oil,A:\SIH26143_DATA\OFFICIAL_DATASET\PART_III_TEST\Images\Oil\00047.tif,C:\SlickTrace\outputs\part_iii_predictions\prediction_0047.tif,2,1312,0.12409343407974908,13.857469512195122,891.1211890243902,39.19766839776218,18.957856963524787,0,861,37,54,EPSG:4326
47,Oil,A:\SIH26143_DATA\OFFICIAL_DATASET\PART_III_TEST\Images\Oil\00047.tif,C:\SlickTrace\outputs\part_iii_predictions\prediction_0047.tif,3,108187,10.232695390842846,938.8156617708228,1667.7250778744212,39.28075880588993,18.888093449218722,502,1254,958,794,EPSG:4326
47,Oil,A:\SIH26143_DATA\OFFICIAL_DATASET\PART_III_TEST\Images\Oil\00047.tif,C:\SlickTrace\outputs\part_iii_predictions\prediction_0047.tif,4,4481,0.4238282607556064,1002.3550546752957,1536.293461280964,39.286466646668906,18.899900152218965,947,1501,103,67,EPSG:4326
48,Oil,A:\SIH26143_DATA\OFFICIAL_DATASET\PART_III_TEST\Images\Oil\00048.tif,C:\SlickTrace\outputs\part_iii_predictions\prediction_0048.tif,1,56947,4.1328468675025345,1221.285300367008,1952.1381986759618,9.10686389381409,43.38709628104138,719,1844,1150,204,EPSG:4326
48,Oil,A:\SIH26143_DATA\OFFICIAL_DATASET\PART_III_TEST\Images\Oil\00048.tif,C:\SlickTrace\outputs\part_iii_predictions\prediction_0048.tif,2,4201,0.304881551098006,74.9631040228517,1994.1809093073077,9.003888018863949,43.383319520086786,25,1935,108,113,EPSG:4326
49,Oil,A:\SIH26143_DATA\OFFICIAL_DATASET\PART_III_TEST\Images\Oil\00049.tif,C:\SlickTrace\outputs\part_iii_predictions\prediction_0049.tif,1,11076,0.8061067149767971,769.389942217407,107.86249548573493,9.066269443109245,43.38092267241991,648,0,231,184,EPSG:4326
49,Oil,A:\SIH26143_DATA\OFFICIAL_DATASET\PART_III_TEST\Images\Oil\00049.tif,C:\SlickTrace\outputs\part_iii_predictions\prediction_0049.tif,2,3976,0.28937164127372206,1031.2967806841045,17.08350100603622,9.08979693471025,43.38907748824173,975,0,150,50,EPSG:4326
49,Oil,A:\SIH26143_DATA\OFFICIAL_DATASET\PART_III_TEST\Images\Oil\00049.tif,C:\SlickTrace\outputs\part_iii_predictions\prediction_0049.tif,3,34957,2.544156052315267,1527.6438767628802,80.41405154904596,9.134384552973842,43.38338840809128,1122,0,926,187,EPSG:4326
49,Oil,A:\SIH26143_DATA\OFFICIAL_DATASET\PART_III_TEST\Images\Oil\00049.tif,C:\SlickTrace\outputs\part_iii_predictions\prediction_0049.tif,4,24949,1.8157779371574676,236.2773257445188,288.8547837588681,9.01837912195579,43.36466385853357,28,22,455,537,EPSG:4326
50,Oil,A:\SIH26143_DATA\OFFICIAL_DATASET\PART_III_TEST\Images\Oil\00050.tif,C:\SlickTrace\outputs\part_iii_predictions\prediction_0050.tif,1,3999,0.3724424928823193,1412.7489372343086,314.982495623906,37.869133998414654,21.42051024845841,1369,267,91,100,EPSG:4326
50,Oil,A:\SIH26143_DATA\OFFICIAL_DATASET\PART_III_TEST\Images\Oil\00050.tif,C:\SlickTrace\outputs\part_iii_predictions\prediction_0050.tif,2,7727,0.7196456970496827,1476.0632845865148,410.9179500452957,37.87482162300771,21.411892219958844,1422,320,110,173,EPSG:4326
50,Oil,A:\SIH26143_DATA\OFFICIAL_DATASET\PART_III_TEST\Images\Oil\00050.tif,C:\SlickTrace\outputs\part_iii_predictions\prediction_0050.tif,3,542,0.05047857742991174,1442.3136531365315,371.88376383763836,37.87178984203122,21.41539872056619,1432,355,21,33,EPSG:4326
50,Oil,A:\SIH26143_DATA\OFFICIAL_DATASET\PART_III_TEST\Images\Oil\00050.tif,C:\SlickTrace\outputs\part_iii_predictions\prediction_0050.tif,4,525,0.04889530101605842,1535.055238095238,430.32,37.880120960355406,21.410149304157088,1524,417,23,28,EPSG:4326
50,Oil,A:\SIH26143_DATA\OFFICIAL_DATASET\PART_III_TEST\Images\Oil\00050.tif,C:\SlickTrace\outputs\part_iii_predictions\prediction_0050.tif,5,605,0.05634601355183875,1518.4280991735536,499.44462809917354,37.87862731905295,21.40393973316403,1508,479,22,39,EPSG:4326
50,Oil,A:\SIH26143_DATA\OFFICIAL_DATASET\PART_III_TEST\Images\Oil\00050.tif,C:\SlickTrace\outputs\part_iii_predictions\prediction_0050.tif,6,2204,0.20526713036074812,1459.171052631579,534.6606170598911,37.873304167992906,21.40077622705115,1429,496,67,67,EPSG:4326
50,Oil,A:\SIH26143_DATA\OFFICIAL_DATASET\PART_III_TEST\Images\Oil\00050.tif,C:\SlickTrace\outputs\part_iii_predictions\prediction_0050.tif,7,108149,10.072338875401337,1786.7519070911428,1026.031632285088,37.9027312568275,21.35663561773614,1506,546,542,944,EPSG:4326
50,Oil,A:\SIH26143_DATA\OFFICIAL_DATASET\PART_III_TEST\Images\Oil\00050.tif,C:\SlickTrace\outputs\part_iii_predictions\prediction_0050.tif,8,1319,0.1228436229336782,1490.426080363912,608.3434420015163,37.876111854904664,21.394157186268934,1471,579,37,64,EPSG:4326
50,Oil,A:\SIH26143_DATA\OFFICIAL_DATASET\PART_III_TEST\Images\Oil\00050.tif,C:\SlickTrace\outputs\part_iii_predictions\prediction_0050.tif,9,756,0.07040923346312412,1897.5171957671957,1089.8716931216932,37.912681472004266,21.350900767497272,1881,1072,35,37,EPSG:4326
51,Oil,A:\SIH26143_DATA\OFFICIAL_DATASET\PART_III_TEST\Images\Oil\00051.tif,C:\SlickTrace\outputs\part_iii_predictions\prediction_0051.tif,1,2274,0.2270895208084692,1360.142040457344,421.6372031662269,104.25848144475128,3.058503034526358,1337,383,50,78,EPSG:4326
51,Oil,A:\SIH26143_DATA\OFFICIAL_DATASET\PART_III_TEST\Images\Oil\00051.tif,C:\SlickTrace\outputs\part_iii_predictions\prediction_0051.tif,2,821,0.08198790526990027,1377.4872107186359,485.6662606577345,104.26003958790642,3.0527512064291193,1356,460,39,45,EPSG:4326
51,Oil,A:\SIH26143_DATA\OFFICIAL_DATASET\PART_III_TEST\Images\Oil\00051.tif,C:\SlickTrace\outputs\part_iii_predictions\prediction_0051.tif,3,910,0.09087575370963366,1354.721978021978,582.7252747252747,104.25799455225864,3.0440322468492753,1337,559,31,48,EPSG:4326
51,Oil,A:\SIH26143_DATA\OFFICIAL_DATASET\PART_III_TEST\Images\Oil\00051.tif,C:\SlickTrace\outputs\part_iii_predictions\prediction_0051.tif,4,1594,0.1591823641902814,1316.8958594730238,665.0426599749059,104.25459657421548,3.036637550317425,1300,611,38,102,EPSG:4326
51,Oil,A:\SIH26143_DATA\OFFICIAL_DATASET\PART_III_TEST\Images\Oil\00051.tif,C:\SlickTrace\outputs\part_iii_predictions\prediction_0051.tif,5,1036,0.1034585503771214,1375.195945945946,748.2142857142857,104.2598337600899,3.02916611605675,1349,727,49,41,EPSG:4326
51,Oil,A:\SIH26143_DATA\OFFICIAL_DATASET\PART_III_TEST\Images\Oil\00051.tif,C:\SlickTrace\outputs\part_iii_predictions\prediction_0051.tif,6,87633,8.751335082237722,718.5874156995652,1033.028208551573,104.20084961224954,3.003580846055273,479,787,505,493,EPSG:4326
51,Oil,A:\SIH26143_DATA\OFFICIAL_DATASET\PART_III_TEST\Images\Oil\00051.tif,C:\SlickTrace\outputs\part_iii_predictions\prediction_0051.tif,7,805,0.08039008982006055,1416.7416149068324,844.5366459627329,104.26356587103155,3.0205133312153856,1402,823,29,47,EPSG:4326
51,Oil,A:\SIH26143_DATA\OFFICIAL_DATASET\PART_III_TEST\Images\Oil\00051.tif,C:\SlickTrace\outputs\part_iii_predictions\prediction_0051.tif,8,564,0.05632299460684988,506.1950354609929,900.8812056737588,104.18177008010966,3.0154518132988457,491,891,32,22,EPSG:4326
51,Oil,A:\SIH26143_DATA\OFFICIAL_DATASET\PART_III_TEST\Images\Oil\00051.tif,C:\SlickTrace\outputs\part_iii_predictions\prediction_0051.tif,9,513,0.05122995786048579,949.7348927875244,933.6198830409356,104.22161394340492,3.012510847872766,939,914,24,37,EPSG:4326
51,Oil,A:\SIH26143_DATA\OFFICIAL_DATASET\PART_III_TEST\Images\Oil\00051.tif,C:\SlickTrace\outputs\part_iii_predictions\prediction_0051.tif,10,761,0.07599609733300135,513.0801576872536,967.7687253613666,104.18238858116254,3.009443205173623,495,952,35,30,EPSG:4326
51,Oil,A:\SIH26143_DATA\OFFICIAL_DATASET\PART_III_TEST\Images\Oil\00051.tif,C:\SlickTrace\outputs\part_iii_predictions\prediction_0051.tif,11,538,0.05372654450086035,846.1133828996283,1192.3791821561338,104.21230546479534,2.9892661045424425,828,1180,35,24,EPSG:4326
51,Oil,A:\SIH26143_DATA\OFFICIAL_DATASET\PART_III_TEST\Images\Oil\00051.tif,C:\SlickTrace\outputs\part_iii_predictions\prediction_0051.tif,12,3700,0.3694948227754336,540.3278378378378,1360.4813513513513,104.18483628191615,2.9741652297542718,491,1310,87,97,EPSG:4326
51,Oil,A:\SIH26143_DATA\OFFICIAL_DATASET\PART_III_TEST\Images\Oil\00051.tif,C:\SlickTrace\outputs\part_iii_predictions\prediction_0051.tif,13,1056,0.10545581968942104,966.5350378787879,1380.0066287878788,104.22312312611601,2.9724112442394808,942,1362,50,36,EPSG:4326
51,Oil,A:\SIH26143_DATA\OFFICIAL_DATASET\PART_III_TEST\Images\Oil\00051.tif,C:\SlickTrace\outputs\part_iii_predictions\prediction_0051.tif,14,17853,1.7828624516242746,915.5238335293789,1518.2621408166694,104.21854071166317,2.959991540282558,830,1391,157,227,EPSG:4326
51,Oil,A:\SIH26143_DATA\OFFICIAL_DATASET\PART_III_TEST\Images\Oil\00051.tif,C:\SlickTrace\outputs\part_iii_predictions\prediction_0051.tif,15,723,0.07220128563963202,995.3471645919778,1443.6390041493776,104.22571136349545,2.9666950507042746,976,1426,40,36,EPSG:4326
51,Oil,A:\SIH26143_DATA\OFFICIAL_DATASET\PART_III_TEST\Images\Oil\00051.tif,C:\SlickTrace\outputs\part_iii_predictions\prediction_0051.tif,16,567,0.056622585003694825,313.4162257495591,1478.9188712522046,104.16445246498785,2.963525806320257,302,1464,25,31,EPSG:4326
51,Oil,A:\SIH26143_DATA\OFFICIAL_DATASET\PART_III_TEST\Images\Oil\00051.tif,C:\SlickTrace\outputs\part_iii_predictions\prediction_0051.tif,17,762,0.07609596079861633,1066.523622047244,1543.1010498687665,104.23210525345561,2.9577602231183224,1046,1524,43,38,EPSG:4326
51,Oil,A:\SIH26143_DATA\OFFICIAL_DATASET\PART_III_TEST\Images\Oil\00051.tif,C:\SlickTrace\outputs\part_iii_predictions\prediction_0051.tif,18,5880,0.5871971778160945,812.3721088435374,1589.680612244898,104.20927443457632,2.9535759098373147,754,1544,109,103,EPSG:4326
51,Oil,A:\SIH26143_DATA\OFFICIAL_DATASET\PART_III_TEST\Images\Oil\00051.tif,C:\SlickTrace\outputs\part_iii_predictions\prediction_0051.tif,19,1696,0.16936843768300955,1062.3319575471698,1608.9121462264152,104.23172870982698,2.9518483117460486,1045,1572,39,77,EPSG:4326
51,Oil,A:\SIH26143_DATA\OFFICIAL_DATASET\PART_III_TEST\Images\Oil\00051.tif,C:\SlickTrace\outputs\part_iii_predictions\prediction_0051.tif,20,719,0.0718018317771721,314.07649513212795,1616.9026425591098,104.16451177799564,2.9511305132477124,297,1596,34,45,EPSG:4326
51,Oil,A:\SIH26143_DATA\OFFICIAL_DATASET\PART_III_TEST\Images\Oil\00051.tif,C:\SlickTrace\outputs\part_iii_predictions\prediction_0051.tif,21,3371,0.3366397425881045,753.7057253040641,1666.5935924058142,104.20400434367656,2.9466666992747412,717,1603,82,121,EPSG:4326
51,Oil,A:\SIH26143_DATA\OFFICIAL_DATASET\PART_III_TEST\Images\Oil\00051.tif,C:\SlickTrace\outputs\part_iii_predictions\prediction_0051.tif,22,784,0.07829295704214592,1024.1760204081634,1635.3801020408164,104.22830110367579,2.949470654821301,1008,1609,34,48,EPSG:4326
51,Oil,A:\SIH26143_DATA\OFFICIAL_DATASET\PART_III_TEST\Images\Oil\00051.tif,C:\SlickTrace\outputs\part_iii_predictions\prediction_0051.tif,23,19570,1.9543280220851988,341.178334184977,1737.5937659683188,104.16694637762053,2.940288645166108,243,1625,247,264,EPSG:4326
51,Oil,A:\SIH26143_DATA\OFFICIAL_DATASET\PART_III_TEST\Images\Oil\00051.tif,C:\SlickTrace\outputs\part_iii_predictions\prediction_0051.tif,24,676,0.06750770275572787,1074.9319526627219,1669.974852071006,104.23286058664618,2.9463629555510593,1065,1649,23,43,EPSG:4326
51,Oil,A:\SIH26143_DATA\OFFICIAL_DATASET\PART_III_TEST\Images\Oil\00051.tif,C:\SlickTrace\outputs\part_iii_predictions\prediction_0051.tif,25,568,0.05672244846930981,429.78345070422534,1673.25,104.17490591066257,2.9460687440068227,418,1653,23,37,EPSG:4326
51,Oil,A:\SIH26143_DATA\OFFICIAL_DATASET\PART_III_TEST\Images\Oil\00051.tif,C:\SlickTrace\outputs\part_iii_predictions\prediction_0051.tif,26,606,0.06051726016267912,470.35478547854785,1677.943894389439,104.17855049567507,2.945647084299615,458,1663,27,37,EPSG:4326
51,Oil,A:\SIH26143_DATA\OFFICIAL_DATASET\PART_III_TEST\Images\Oil\00051.tif,C:\SlickTrace\outputs\part_iii_predictions\prediction_0051.tif,27,1260,0.1258279666748774,1049.9492063492064,1699.0619047619048,104.23061634836093,2.943750021150837,1023,1681,60,36,EPSG:4326
51,Oil,A:\SIH26143_DATA\OFFICIAL_DATASET\PART_III_TEST\Images\Oil\00051.tif,C:\SlickTrace\outputs\part_iii_predictions\prediction_0051.tif,28,982,0.09806592323391237,809.0386965376782,1743.4338085539714,104.20897498905404,2.9397640252146475,789,1714,46,50,EPSG:4326
51,Oil,A:\SIH26143_DATA\OFFICIAL_DATASET\PART_III_TEST\Images\Oil\00051.tif,C:\SlickTrace\outputs\part_iii_predictions\prediction_0051.tif,29,775,0.07739418585161109,908.461935483871,1738.3870967741937,104.21790633056825,2.94021737904728,888,1719,41,36,EPSG:4326
51,Oil,A:\SIH26143_DATA\OFFICIAL_DATASET\PART_III_TEST\Images\Oil\00051.tif,C:\SlickTrace\outputs\part_iii_predictions\prediction_0051.tif,30,910,0.09087575370963366,851.743956043956,1794.4571428571428,104.21281126778672,2.93518052110952,828,1775,45,37,EPSG:4326
51,Oil,A:\SIH26143_DATA\OFFICIAL_DATASET\PART_III_TEST\Images\Oil\00051.tif,C:\SlickTrace\outputs\part_iii_predictions\prediction_0051.tif,31,531,0.05302750024155547,299.909604519774,1894.4350282485875,104.16323914455909,2.9261993548574114,286,1883,27,25,EPSG:4326
51,Oil,A:\SIH26143_DATA\OFFICIAL_DATASET\PART_III_TEST\Images\Oil\00051.tif,C:\SlickTrace\outputs\part_iii_predictions\prediction_0051.tif,32,501,0.05003159627310601,946.0518962075848,1920.4051896207584,104.22128309419301,2.923866415568244,929,1911,33,21,EPSG:4326
51,Oil,A:\SIH26143_DATA\OFFICIAL_DATASET\PART_III_TEST\Images\Oil\00051.tif,C:\SlickTrace\outputs\part_iii_predictions\prediction_0051.tif,33,11080,1.106487199014001,935.4083935018051,1979.0333032490976,104.22032697207729,2.918599762513101,836,1914,196,132,EPSG:4326
52,Oil,A:\SIH26143_DATA\OFFICIAL_DATASET\PART_III_TEST\Images\Oil\00052.tif,C:\SlickTrace\outputs\part_iii_predictions\prediction_0052.tif,1,1891,0.13763108595303974,142.7065044949762,558.4098360655738,9.216654919618259,43.33829091428468,104,538,77,46,EPSG:4326
52,Oil,A:\SIH26143_DATA\OFFICIAL_DATASET\PART_III_TEST\Images\Oil\00052.tif,C:\SlickTrace\outputs\part_iii_predictions\prediction_0052.tif,2,79225,5.766167522278993,396.6663174502998,788.4273650994004,9.23946851777125,43.317628088090025,0,564,1056,372,EPSG:4326
52,Oil,A:\SIH26143_DATA\OFFICIAL_DATASET\PART_III_TEST\Images\Oil\00052.tif,C:\SlickTrace\outputs\part_iii_predictions\prediction_0052.tif,3,10287,0.7487101962976838,1241.2058909303005,918.689705453485,9.315334798461336,43.3059264229615,1071,888,301,69,EPSG:4326
52,Oil,A:\SIH26143_DATA\OFFICIAL_DATASET\PART_III_TEST\Images\Oil\00052.tif,C:\SlickTrace\outputs\part_iii_predictions\prediction_0052.tif,4,1987,0.14461817439909572,1469.5158530447911,973.1796678409663,9.335844231309757,43.30103150635713,1423,953,96,38,EPSG:4326
52,Oil,A:\SIH26143_DATA\OFFICIAL_DATASET\PART_III_TEST\Images\Oil\00052.tif,C:\SlickTrace\outputs\part_iii_predictions\prediction_0052.tif,5,531,0.03864733296724702,1681.6365348399247,995.030131826742,9.354899356363198,43.29906864578077,1674,976,17,39,EPSG:4326
52,Oil,A:\SIH26143_DATA\OFFICIAL_DATASET\PART_III_TEST\Images\Oil\00052.tif,C:\SlickTrace\outputs\part_iii_predictions\prediction_0052.tif,6,673,0.04898240129370479,1712.0148588410104,1020.0906389301634,9.357628287638809,43.296817422124896,1699,1006,29,32,EPSG:4326
52,Oil,A:\SIH26143_DATA\OFFICIAL_DATASET\PART_III_TEST\Images\Oil\00052.tif,C:\SlickTrace\outputs\part_iii_predictions\prediction_0052.tif,7,1812,0.1318812944193062,1682.6622516556292,1048.809050772627,9.35499149807247,43.29423760329552,1627,1020,108,56,EPSG:4326
52,Oil,A:\SIH26143_DATA\OFFICIAL_DATASET\PART_III_TEST\Images\Oil\00052.tif,C:\SlickTrace\outputs\part_iii_predictions\prediction_0052.tif,8,3296,0.23989003664792122,1781.7691140776699,1070.0379247572816,9.363894418999957,43.292330581099016,1739,1039,86,60,EPSG:4326
52,Oil,A:\SIH26143_DATA\OFFICIAL_DATASET\PART_III_TEST\Images\Oil\00052.tif,C:\SlickTrace\outputs\part_iii_predictions\prediction_0052.tif,9,2396,0.17438608246614662,1926.067612687813,1107.7662771285475,9.376856973677656,43.28894138554104,1865,1070,121,66,EPSG:4326
52,Oil,A:\SIH26143_DATA\OFFICIAL_DATASET\PART_III_TEST\Images\Oil\00052.tif,C:\SlickTrace\outputs\part_iii_predictions\prediction_0052.tif,10,547,0.03981184770825635,1835.5923217550273,1103.1773308957952,9.368729440009647,43.28935361759493,1816,1093,37,22,EPSG:4326
53,Oil,A:\SIH26143_DATA\OFFICIAL_DATASET\PART_III_TEST\Images\Oil\00053.tif,C:\SlickTrace\outputs\part_iii_predictions\prediction_0053.tif,1,3511,0.3261799495670171,1654.788949017374,1141.5306180575335,38.073504319871475,21.707742237643867,1613,1094,100,82,EPSG:4326
53,Oil,A:\SIH26143_DATA\OFFICIAL_DATASET\PART_III_TEST\Images\Oil\00053.tif,C:\SlickTrace\outputs\part_iii_predictions\prediction_0053.tif,2,544,0.05053884721289015,1256.1783088235295,1127.7261029411766,38.0376965168216,21.708982318335753,1243,1115,26,27,EPSG:4326
53,Oil,A:\SIH26143_DATA\OFFICIAL_DATASET\PART_III_TEST\Images\Oil\00053.tif,C:\SlickTrace\outputs\part_iii_predictions\prediction_0053.tif,3,1077,0.10005576920640201,1329.7130919220056,1146.3416898792943,38.04430225877877,21.707310051708816,1310,1120,39,55,EPSG:4326
53,Oil,A:\SIH26143_DATA\OFFICIAL_DATASET\PART_III_TEST\Images\Oil\00053.tif,C:\SlickTrace\outputs\part_iii_predictions\prediction_0053.tif,4,4782,0.44425876355154537,1136.500627352572,1206.8508992053535,38.02694568777826,21.70187441695206,1097,1132,99,140,EPSG:4326
53,Oil,A:\SIH26143_DATA\OFFICIAL_DATASET\PART_III_TEST\Images\Oil\00053.tif,C:\SlickTrace\outputs\part_iii_predictions\prediction_0053.tif,5,515,0.047844680725438286,1063.0912621359223,1158.2679611650485,38.020351212301094,21.706238696530963,1052,1143,24,32,EPSG:4326
53,Oil,A:\SIH26143_DATA\OFFICIAL_DATASET\PART_III_TEST\Images\Oil\00053.tif,C:\SlickTrace\outputs\part_iii_predictions\prediction_0053.tif,6,4319,0.4012450020449863,1213.510071775874,1214.468163926835,38.03386356387296,21.70119014641981,1157,1167,107,95,EPSG:4326
53,Oil,A:\SIH26143_DATA\OFFICIAL_DATASET\PART_III_TEST\Images\Oil\00053.tif,C:\SlickTrace\outputs\part_iii_predictions\prediction_0053.tif,7,558,0.051839479310280705,1026.0340501792114,1189.5143369175628,38.01702230631234,21.70343178683978,1014,1173,22,38,EPSG:4326
53,Oil,A:\SIH26143_DATA\OFFICIAL_DATASET\PART_III_TEST\Images\Oil\00053.tif,C:\SlickTrace\outputs\part_iii_predictions\prediction_0053.tif,8,810,0.0752508570633107,1315.0864197530864,1214.079012345679,38.04298832246226,21.701225104501127,1305,1189,25,52,EPSG:4326
53,Oil,A:\SIH26143_DATA\OFFICIAL_DATASET\PART_III_TEST\Images\Oil\00053.tif,C:\SlickTrace\outputs\part_iii_predictions\prediction_0053.tif,9,1621,0.15059461641929214,1419.6681061073411,1215.3399136335595,38.052383055191356,21.70111183581126,1383,1191,73,51,EPSG:4326
53,Oil,A:\SIH26143_DATA\OFFICIAL_DATASET\PART_III_TEST\Images\Oil\00053.tif,C:\SlickTrace\outputs\part_iii_predictions\prediction_0053.tif,10,852,0.07915275335548237,1561.81220657277,1215.5023474178404,38.06515207699091,21.701097244136154,1545,1190,37,53,EPSG:4326
53,Oil,A:\SIH26143_DATA\OFFICIAL_DATASET\PART_III_TEST\Images\Oil\00053.tif,C:\SlickTrace\outputs\part_iii_predictions\prediction_0053.tif,11,2499,0.23216282938421412,1641.1960784313726,1236.0692276910763,38.072283251531225,21.699249689846543,1605,1204,69,70,EPSG:4326
53,Oil,A:\SIH26143_DATA\OFFICIAL_DATASET\PART_III_TEST\Images\Oil\00053.tif,C:\SlickTrace\outputs\part_iii_predictions\prediction_0053.tif,12,1375,0.1277406524222867,1353.4414545454545,1263.085090909091,38.04643381385995,21.6968228135623,1329,1235,52,60,EPSG:4326
53,Oil,A:\SIH26143_DATA\OFFICIAL_DATASET\PART_III_TEST\Images\Oil\00053.tif,C:\SlickTrace\outputs\part_iii_predictions\prediction_0053.tif,13,1200,0.11148275120490474,1735.4575,1270.145,38.08075089910102,21.696188611138215,1711,1251,46,43,EPSG:4326
53,Oil,A:\SIH26143_DATA\OFFICIAL_DATASET\PART_III_TEST\Images\Oil\00053.tif,C:\SlickTrace\outputs\part_iii_predictions\prediction_0053.tif,14,7398,0.6872911611782377,1248.9651257096511,1298.645850229792,38.03704854555776,21.693628336201034,1142,1263,198,73,EPSG:4326
53,Oil,A:\SIH26143_DATA\OFFICIAL_DATASET\PART_III_TEST\Images\Oil\00053.tif,C:\SlickTrace\outputs\part_iii_predictions\prediction_0053.tif,15,2814,0.2614270515755016,1685.7149964463397,1326.5437100213219,38.07628245397976,21.69112222881654,1652,1270,62,110,EPSG:4326
53,Oil,A:\SIH26143_DATA\OFFICIAL_DATASET\PART_III_TEST\Images\Oil\00053.tif,C:\SlickTrace\outputs\part_iii_predictions\prediction_0053.tif,16,1303,0.1210516873499924,1567.5410590943975,1303.0813507290868,38.065666708568976,21.69322988841191,1536,1285,65,37,EPSG:4326
53,Oil,A:\SIH26143_DATA\OFFICIAL_DATASET\PART_III_TEST\Images\Oil\00053.tif,C:\SlickTrace\outputs\part_iii_predictions\prediction_0053.tif,17,11052,1.0267561385971726,1763.6645855953673,1389.1285740137532,38.0832847847121,21.685500134828644,1717,1297,94,216,EPSG:4326
53,Oil,A:\SIH26143_DATA\OFFICIAL_DATASET\PART_III_TEST\Images\Oil\00053.tif,C:\SlickTrace\outputs\part_iii_predictions\prediction_0053.tif,18,610,0.05667039852915991,1136.032786885246,1741.1327868852459,38.02690366095403,21.65387905837895,1125,1725,25,35,EPSG:4326
53,Oil,A:\SIH26143_DATA\OFFICIAL_DATASET\PART_III_TEST\Images\Oil\00053.tif,C:\SlickTrace\outputs\part_iii_predictions\prediction_0053.tif,19,786,0.0730212020392126,936.1717557251908,1988.6844783715012,38.00894983905493,21.631641111571778,920,1964,34,53,EPSG:4326
53,Oil,A:\SIH26143_DATA\OFFICIAL_DATASET\PART_III_TEST\Images\Oil\00053.tif,C:\SlickTrace\outputs\part_iii_predictions\prediction_0053.tif,20,697,0.0647528979915155,978.6786226685796,1988.7331420373027,38.012768295880456,21.6316367400403,964,1970,30,35,EPSG:4326
53,Oil,A:\SIH26143_DATA\OFFICIAL_DATASET\PART_III_TEST\Images\Oil\00053.tif,C:\SlickTrace\outputs\part_iii_predictions\prediction_0053.tif,21,3323,0.3087143185449154,1046.507974721637,2013.84532049353,38.01886151024658,21.629380874667824,1011,1979,72,68,EPSG:4326
53,Oil,A:\SIH26143_DATA\OFFICIAL_DATASET\PART_III_TEST\Images\Oil\00053.tif,C:\SlickTrace\outputs\part_iii_predictions\prediction_0053.tif,22,740,0.06874769657635792,1103.9621621621623,2030.3716216216217,38.024022707718025,21.62789629177849,1086,2015,36,30,EPSG:4326
54,Oil,A:\SIH26143_DATA\OFFICIAL_DATASET\PART_III_TEST\Images\Oil\00054.tif,C:\SlickTrace\outputs\part_iii_predictions\prediction_0054.tif,1,1221,0.1137165000773473,598.5380835380836,1152.4414414414414,37.97861969023902,21.34528003137336,580,1130,39,59,EPSG:4326
54,Oil,A:\SIH26143_DATA\OFFICIAL_DATASET\PART_III_TEST\Images\Oil\00054.tif,C:\SlickTrace\outputs\part_iii_predictions\prediction_0054.tif,2,511,0.04759142632229686,683.6692759295499,1159.454011741683,37.98626715536708,21.344650081465193,673,1147,24,27,EPSG:4326
54,Oil,A:\SIH26143_DATA\OFFICIAL_DATASET\PART_III_TEST\Images\Oil\00054.tif,C:\SlickTrace\outputs\part_iii_predictions\prediction_0054.tif,3,26577,2.475219838292923,656.1648041539677,1324.149866425857,37.983796386629315,21.3298552011158,527,1182,284,269,EPSG:4326
54,Oil,A:\SIH26143_DATA\OFFICIAL_DATASET\PART_III_TEST\Images\Oil\00054.tif,C:\SlickTrace\outputs\part_iii_predictions\prediction_0054.tif,4,846,0.078791285065877,743.6513002364067,1239.2553191489362,37.99165543228781,21.337481408051527,725,1212,38,55,EPSG:4326
54,Oil,A:\SIH26143_DATA\OFFICIAL_DATASET\PART_III_TEST\Images\Oil\00054.tif,C:\SlickTrace\outputs\part_iii_predictions\prediction_0054.tif,5,765,0.07124743862339941,779.4222222222222,1267.2052287581698,37.9948687888825,21.334970624952355,759,1255,41,27,EPSG:4326
54,Oil,A:\SIH26143_DATA\OFFICIAL_DATASET\PART_III_TEST\Images\Oil\00054.tif,C:\SlickTrace\outputs\part_iii_predictions\prediction_0054.tif,6,532,0.0495472383629392,412.9661654135338,1298.998120300752,37.961949481203554,21.33211462091245,400,1282,26,41,EPSG:4326
54,Oil,A:\SIH26143_DATA\OFFICIAL_DATASET\PART_III_TEST\Images\Oil\00054.tif,C:\SlickTrace\outputs\part_iii_predictions\prediction_0054.tif,7,99453,9.262446422762014,357.3518747549094,1555.997576744794,37.956953564472144,21.309027966939038,54,1292,504,464,EPSG:4326
54,Oil,A:\SIH26143_DATA\OFFICIAL_DATASET\PART_III_TEST\Images\Oil\00054.tif,C:\SlickTrace\outputs\part_iii_predictions\prediction_0054.tif,8,625,0.05820869168578383,1555.8944,1422.4304,38.06462047138163,21.321026510571695,1542,1401,29,43,EPSG:4326
54,Oil,A:\SIH26143_DATA\OFFICIAL_DATASET\PART_III_TEST\Images\Oil\00054.tif,C:\SlickTrace\outputs\part_iii_predictions\prediction_0054.tif,9,1372,0.12777971998863266,28.06268221574344,1462.2485422740524,37.92737301301682,21.31744958599269,1,1439,58,45,EPSG:4326
54,Oil,A:\SIH26143_DATA\OFFICIAL_DATASET\PART_III_TEST\Images\Oil\00054.tif,C:\SlickTrace\outputs\part_iii_predictions\prediction_0054.tif,10,678,0.0631447887407383,242.83333333333334,1486.8126843657817,37.94666618886474,21.31524295156446,227,1464,31,46,EPSG:4326
54,Oil,A:\SIH26143_DATA\OFFICIAL_DATASET\PART_III_TEST\Images\Oil\00054.tif,C:\SlickTrace\outputs\part_iii_predictions\prediction_0054.tif,11,894,0.0832617125873452,1508.6711409395973,1561.434004474273,38.060378333843644,21.308539604327,1489,1544,41,37,EPSG:4326
54,Oil,A:\SIH26143_DATA\OFFICIAL_DATASET\PART_III_TEST\Images\Oil\00054.tif,C:\SlickTrace\outputs\part_iii_predictions\prediction_0054.tif,12,714,0.06649760938183945,1580.7843137254902,1590.172268907563,38.066856370373635,21.30595800210905,1565,1572,31,39,EPSG:4326
54,Oil,A:\SIH26143_DATA\OFFICIAL_DATASET\PART_III_TEST\Images\Oil\00054.tif,C:\SlickTrace\outputs\part_iii_predictions\prediction_0054.tif,13,791,0.07366892019752802,1960.149178255373,1716.8761061946902,38.10093529598015,21.29457600274989,1938,1704,45,32,EPSG:4326
54,Oil,A:\SIH26143_DATA\OFFICIAL_DATASET\PART_III_TEST\Images\Oil\00054.tif,C:\SlickTrace\outputs\part_iii_predictions\prediction_0054.tif,14,1136,0.1058001180080807,2021.9207746478874,1750.7588028169014,38.106484332896535,21.291532268325597,1990,1733,56,52,EPSG:4326
54,Oil,A:\SIH26143_DATA\OFFICIAL_DATASET\PART_III_TEST\Images\Oil\00054.tif,C:\SlickTrace\outputs\part_iii_predictions\prediction_0054.tif,15,15356,1.4301642712430345,1954.9974602761135,1873.4654858035947,38.100472509280124,21.280509339446542,1803,1744,245,275,EPSG:4326
55,Oil,A:\SIH26143_DATA\OFFICIAL_DATASET\PART_III_TEST\Images\Oil\00055.tif,C:\SlickTrace\outputs\part_iii_predictions\prediction_0055.tif,1,6847,0.6828421863979753,103.49788228421207,141.6394041185921,98.37713684833624,4.308053188679024,13,67,169,159,EPSG:4326
55,Oil,A:\SIH26143_DATA\OFFICIAL_DATASET\PART_III_TEST\Images\Oil\00055.tif,C:\SlickTrace\outputs\part_iii_predictions\prediction_0055.tif,2,32746,3.2657149460768364,135.47327917913637,302.2002076589507,98.38000924711089,4.293629766293941,23,167,293,255,EPSG:4326
55,Oil,A:\SIH26143_DATA\OFFICIAL_DATASET\PART_III_TEST\Images\Oil\00055.tif,C:\SlickTrace\outputs\part_iii_predictions\prediction_0055.tif,3,5837,0.5821162322192175,299.1358574610245,402.8853863285935,98.39471130666179,4.2845850628056175,216,348,168,102,EPSG:4326
55,Oil,A:\SIH26143_DATA\OFFICIAL_DATASET\PART_III_TEST\Images\Oil\00055.tif,C:\SlickTrace\outputs\part_iii_predictions\prediction_0055.tif,4,36605,3.6505678739736944,425.46439011064064,1386.571506624778,98.40605959183175,4.196219035141787,201,1187,414,400,EPSG:4326
56,Oil,A:\SIH26143_DATA\OFFICIAL_DATASET\PART_III_TEST\Images\Oil\00056.tif,C:\SlickTrace\outputs\part_iii_predictions\prediction_0056.tif,1,15086,1.426885325096871,1876.7101948826726,1092.5614476998542,39.7161627498509,18.93976127720427,1722,984,292,249,EPSG:4326
56,Oil,A:\SIH26143_DATA\OFFICIAL_DATASET\PART_III_TEST\Images\Oil\00056.tif,C:\SlickTrace\outputs\part_iii_predictions\prediction_0056.tif,2,5089,0.4813349741096365,1633.3478089998034,1285.1208488897623,39.69430113476906,18.92246337188529,1583,1241,94,82,EPSG:4326
56,Oil,A:\SIH26143_DATA\OFFICIAL_DATASET\PART_III_TEST\Images\Oil\00056.tif,C:\SlickTrace\outputs\part_iii_predictions\prediction_0056.tif,3,6217,0.5880250607269817,1179.8307865529998,1708.3677014637285,39.65356100748183,18.884442460223024,1104,1616,154,180,EPSG:4326
56,Oil,A:\SIH26143_DATA\OFFICIAL_DATASET\PART_III_TEST\Images\Oil\00056.tif,C:\SlickTrace\outputs\part_iii_predictions\prediction_0056.tif,4,651,0.06157379998926574,1052.8402457757297,1832.3271889400921,39.642153253109946,18.873306990001858,1041,1814,25,38,EPSG:4326
56,Oil,A:\SIH26143_DATA\OFFICIAL_DATASET\PART_III_TEST\Images\Oil\00056.tif,C:\SlickTrace\outputs\part_iii_predictions\prediction_0056.tif,5,7924,0.749478941804826,987.4839727410399,1937.878218071681,39.636282199211934,18.863825179729513,925,1862,110,132,EPSG:4326
56,Oil,A:\SIH26143_DATA\OFFICIAL_DATASET\PART_III_TEST\Images\Oil\00056.tif,C:\SlickTrace\outputs\part_iii_predictions\prediction_0056.tif,6,2555,0.24166061286109672,879.5960861056751,2010.2125244618396,39.62659046545834,18.857327278429867,854,1976,55,67,EPSG:4326
57,Oil,A:\SIH26143_DATA\OFFICIAL_DATASET\PART_III_TEST\Images\Oil\00057.tif,C:\SlickTrace\outputs\part_iii_predictions\prediction_0057.tif,1,16826,1.5795121541613204,280.5158088672293,830.4387257815285,37.7969367204438,20.178957330021714,198,677,196,272,EPSG:4326
57,Oil,A:\SIH26143_DATA\OFFICIAL_DATASET\PART_III_TEST\Images\Oil\00057.tif,C:\SlickTrace\outputs\part_iii_predictions\prediction_0057.tif,2,5933,0.5569502918482773,40.13500758469577,800.2900724759818,37.7753429456637,20.181665629627712,0,734,78,124,EPSG:4326
57,Oil,A:\SIH26143_DATA\OFFICIAL_DATASET\PART_III_TEST\Images\Oil\00057.tif,C:\SlickTrace\outputs\part_iii_predictions\prediction_0057.tif,3,13468,1.2642856110926342,110.13580338580338,862.3827591327591,37.78163122414057,20.17608774868213,0,782,193,166,EPSG:4326
57,Oil,A:\SIH26143_DATA\OFFICIAL_DATASET\PART_III_TEST\Images\Oil\00057.tif,C:\SlickTrace\outputs\part_iii_predictions\prediction_0057.tif,4,203443,19.097865872996643,1235.505094793136,1149.0714057500136,37.882724867615565,20.150334069378147,345,831,1703,733,EPSG:4326
57,Oil,A:\SIH26143_DATA\OFFICIAL_DATASET\PART_III_TEST\Images\Oil\00057.tif,C:\SlickTrace\outputs\part_iii_predictions\prediction_0057.tif,5,711,0.06674391665331622,1194.1786216596342,901.732770745429,37.87901244737011,20.172552876995937,1180,887,29,32,EPSG:4326
57,Oil,A:\SIH26143_DATA\OFFICIAL_DATASET\PART_III_TEST\Images\Oil\00057.tif,C:\SlickTrace\outputs\part_iii_predictions\prediction_0057.tif,6,2120,0.1990113970534886,575.3188679245283,1041.1896226415095,37.82341932981944,20.16002525484259,553,1002,46,78,EPSG:4326
57,Oil,A:\SIH26143_DATA\OFFICIAL_DATASET\PART_III_TEST\Images\Oil\00057.tif,C:\SlickTrace\outputs\part_iii_predictions\prediction_0057.tif,7,578,0.05425876768722472,606.3546712802768,1655.621107266436,37.82620732347038,20.10482993547431,592,1642,29,28,EPSG:4326
58,Oil,A:\SIH26143_DATA\OFFICIAL_DATASET\PART_III_TEST\Images\Oil\00058.tif,C:\SlickTrace\outputs\part_iii_predictions\prediction_0058.tif,1,518,0.04812338760345054,1052.0752895752896,1201.5984555984555,38.20198912791053,21.702346251989162,1040,1189,26,27,EPSG:4326
58,Oil,A:\SIH26143_DATA\OFFICIAL_DATASET\PART_III_TEST\Images\Oil\00058.tif,C:\SlickTrace\outputs\part_iii_predictions\prediction_0058.tif,2,527,0.048959508237487334,948.5199240986717,1201.8557874762807,38.192686591154505,21.702323135473268,933,1190,35,26,EPSG:4326
58,Oil,A:\SIH26143_DATA\OFFICIAL_DATASET\PART_III_TEST\Images\Oil\00058.tif,C:\SlickTrace\outputs\part_iii_predictions\prediction_0058.tif,3,71975,6.686642514977516,887.8825564432094,1464.9448836401527,38.18723944373914,21.67868943985635,575,1198,537,551,EPSG:4326
58,Oil,A:\SIH26143_DATA\OFFICIAL_DATASET\PART_III_TEST\Images\Oil\00058.tif,C:\SlickTrace\outputs\part_iii_predictions\prediction_0058.tif,4,1544,0.1434411398836441,904.9417098445596,1284.2532383419689,38.188771893562595,21.694921246524757,879,1257,58,61,EPSG:4326
58,Oil,A:\SIH26143_DATA\OFFICIAL_DATASET\PART_III_TEST\Images\Oil\00058.tif,C:\SlickTrace\outputs\part_iii_predictions\prediction_0058.tif,5,871,0.0809178969162267,1129.6762342135476,1311.7083811710677,38.208960139373595,21.69245490908165,1108,1293,39,40,EPSG:4326
58,Oil,A:\SIH26143_DATA\OFFICIAL_DATASET\PART_III_TEST\Images\Oil\00058.tif,C:\SlickTrace\outputs\part_iii_predictions\prediction_0058.tif,6,1078,0.10014867149907276,548.2940630797774,1357.9341372912802,38.15673369034919,21.688302378757374,530,1335,42,50,EPSG:4326
58,Oil,A:\SIH26143_DATA\OFFICIAL_DATASET\PART_III_TEST\Images\Oil\00058.tif,C:\SlickTrace\outputs\part_iii_predictions\prediction_0058.tif,7,1271,0.11807881398452827,800.1030684500394,1373.9409913453974,38.179354078169496,21.686864458592623,767,1340,53,79,EPSG:4326
58,Oil,A:\SIH26143_DATA\OFFICIAL_DATASET\PART_III_TEST\Images\Oil\00058.tif,C:\SlickTrace\outputs\part_iii_predictions\prediction_0058.tif,8,765,0.07107025389312677,656.6366013071895,1412.5111111111112,38.16646626615019,21.683399645783037,640,1397,32,37,EPSG:4326
58,Oil,A:\SIH26143_DATA\OFFICIAL_DATASET\PART_III_TEST\Images\Oil\00058.tif,C:\SlickTrace\outputs\part_iii_predictions\prediction_0058.tif,9,960,0.0891862009639238,771.6770833333334,1411.134375,38.176800528479845,21.68352332009212,745,1398,50,38,EPSG:4326
58,Oil,A:\SIH26143_DATA\OFFICIAL_DATASET\PART_III_TEST\Images\Oil\00058.tif,C:\SlickTrace\outputs\part_iii_predictions\prediction_0058.tif,10,519,0.0482162898961213,755.4662813102119,1454.5895953757226,38.175344287357326,21.67961967122829,734,1440,40,31,EPSG:4326
58,Oil,A:\SIH26143_DATA\OFFICIAL_DATASET\PART_III_TEST\Images\Oil\00058.tif,C:\SlickTrace\outputs\part_iii_predictions\prediction_0058.tif,11,502,0.046636950920718484,1000.406374501992,1550.8605577689243,38.19734763029811,21.67097150353482,984,1539,34,25,EPSG:4326
58,Oil,A:\SIH26143_DATA\OFFICIAL_DATASET\PART_III_TEST\Images\Oil\00058.tif,C:\SlickTrace\outputs\part_iii_predictions\prediction_0058.tif,12,527,0.048959508237487334,225.9696394686907,1587.3168880455407,38.127778794731704,21.66769657566578,212,1576,30,24,EPSG:4326
58,Oil,A:\SIH26143_DATA\OFFICIAL_DATASET\PART_III_TEST\Images\Oil\00058.tif,C:\SlickTrace\outputs\part_iii_predictions\prediction_0058.tif,13,915,0.08500559779373987,602.2120218579234,1646.2939890710381,38.161577222995085,21.662398572539352,580,1629,41,42,EPSG:4326
58,Oil,A:\SIH26143_DATA\OFFICIAL_DATASET\PART_III_TEST\Images\Oil\00058.tif,C:\SlickTrace\outputs\part_iii_predictions\prediction_0058.tif,14,2440,0.22668159411663963,500.78934426229506,1842.6225409836065,38.152466268851036,21.644762078650142,467,1814,70,54,EPSG:4326
58,Oil,A:\SIH26143_DATA\OFFICIAL_DATASET\PART_III_TEST\Images\Oil\00058.tif,C:\SlickTrace\outputs\part_iii_predictions\prediction_0058.tif,15,703,0.06531031174754003,457.8705547652916,1877.2048364153627,38.14861080839293,21.641655498195515,447,1854,22,49,EPSG:4326
58,Oil,A:\SIH26143_DATA\OFFICIAL_DATASET\PART_III_TEST\Images\Oil\00058.tif,C:\SlickTrace\outputs\part_iii_predictions\prediction_0058.tif,16,6713,0.6236530906987713,315.2837777446745,1977.105020110234,38.13580202028184,21.63268131200557,256,1910,122,134,EPSG:4326
59,Oil,A:\SIH26143_DATA\OFFICIAL_DATASET\PART_III_TEST\Images\Oil\00059.tif,C:\SlickTrace\outputs\part_iii_predictions\prediction_0059.tif,1,1476852,120.26798067623817,1446.6754177128107,961.3046256496928,34.721328038972295,35.48286586427244,744,0,1304,2048,EPSG:4326
59,Oil,A:\SIH26143_DATA\OFFICIAL_DATASET\PART_III_TEST\Images\Oil\00059.tif,C:\SlickTrace\outputs\part_iii_predictions\prediction_0059.tif,2,912,0.07426905226571735,551.7401315789474,792.671052631579,34.6409346343891,35.49801447587823,527,763,46,49,EPSG:4326
59,Oil,A:\SIH26143_DATA\OFFICIAL_DATASET\PART_III_TEST\Images\Oil\00059.tif,C:\SlickTrace\outputs\part_iii_predictions\prediction_0059.tif,3,3096,0.25212388795467205,1538.7280361757105,1477.2551679586563,34.72959726638314,35.43651723847185,1472,1436,141,73,EPSG:4326
59,Oil,A:\SIH26143_DATA\OFFICIAL_DATASET\PART_III_TEST\Images\Oil\00059.tif,C:\SlickTrace\outputs\part_iii_predictions\prediction_0059.tif,4,950,0.07736359611012225,1839.003157894737,1797.9147368421052,34.75657143951124,35.40771189929913,1827,1774,28,55,EPSG:4326
59,Oil,A:\SIH26143_DATA\OFFICIAL_DATASET\PART_III_TEST\Images\Oil\00059.tif,C:\SlickTrace\outputs\part_iii_predictions\prediction_0059.tif,5,520,0.04234638944975112,1905.3673076923078,1951.6807692307693,34.762533032519315,35.393898861591815,1893,1940,28,25,EPSG:4326
59,Oil,A:\SIH26143_DATA\OFFICIAL_DATASET\PART_III_TEST\Images\Oil\00059.tif,C:\SlickTrace\outputs\part_iii_predictions\prediction_0059.tif,6,2143,0.17451598575157048,1905.428371441904,2004.895473635091,34.762538517969276,35.38911850336119,1874,1979,75,58,EPSG:4326
60,Oil,A:\SIH26143_DATA\OFFICIAL_DATASET\PART_III_TEST\Images\Oil\00060.tif,C:\SlickTrace\outputs\part_iii_predictions\prediction_0060.tif,1,12367,0.8611106384684838,625.2466240802135,1452.7513544109322,-125.58828779034832,45.831322505146666,600,1206,53,477,EPSG:4326
61,Oil,A:\SIH26143_DATA\OFFICIAL_DATASET\PART_III_TEST\Images\Oil\00061.tif,C:\SlickTrace\outputs\part_iii_predictions\prediction_0061.tif,1,863605,70.47862956054354,1395.3001140567737,1018.7064780773618,34.71671291692224,35.30514300205583,828,0,1220,2048,EPSG:4326
61,Oil,A:\SIH26143_DATA\OFFICIAL_DATASET\PART_III_TEST\Images\Oil\00061.tif,C:\SlickTrace\outputs\part_iii_predictions\prediction_0061.tif,2,15363,1.253771325940251,1927.0896960229122,86.10753108116904,34.76448438786381,35.38891979085987,1863,0,130,200,EPSG:4326
61,Oil,A:\SIH26143_DATA\OFFICIAL_DATASET\PART_III_TEST\Images\Oil\00061.tif,C:\SlickTrace\outputs\part_iii_predictions\prediction_0061.tif,3,1492,0.1217618185447409,2030.1199731903484,48.59450402144772,34.77373975513447,35.39228964341601,2002,19,45,64,EPSG:4326
61,Oil,A:\SIH26143_DATA\OFFICIAL_DATASET\PART_III_TEST\Images\Oil\00061.tif,C:\SlickTrace\outputs\part_iii_predictions\prediction_0061.tif,4,2122,0.1731759912546516,1716.147973609802,195.8147973609802,34.74553517053359,35.37906461945206,1696,137,38,122,EPSG:4326
61,Oil,A:\SIH26143_DATA\OFFICIAL_DATASET\PART_III_TEST\Images\Oil\00061.tif,C:\SlickTrace\outputs\part_iii_predictions\prediction_0061.tif,5,3291,0.2685778450608192,1531.7368580978425,215.12336675782436,34.728969238171004,35.37733010115169,1512,159,42,114,EPSG:4326
61,Oil,A:\SIH26143_DATA\OFFICIAL_DATASET\PART_III_TEST\Images\Oil\00061.tif,C:\SlickTrace\outputs\part_iii_predictions\prediction_0061.tif,6,512,0.041784216551546474,1498.919921875,286.484375,34.72602124263231,35.37091963271228,1485,276,30,24,EPSG:4326
61,Oil,A:\SIH26143_DATA\OFFICIAL_DATASET\PART_III_TEST\Images\Oil\00061.tif,C:\SlickTrace\outputs\part_iii_predictions\prediction_0061.tif,7,825,0.06732808331059735,976.3515151515152,324.5987878787879,34.679078123956536,35.36749575674885,965,300,26,61,EPSG:4326
61,Oil,A:\SIH26143_DATA\OFFICIAL_DATASET\PART_III_TEST\Images\Oil\00061.tif,C:\SlickTrace\outputs\part_iii_predictions\prediction_0061.tif,8,622,0.05076129432629279,1939.8697749196142,423.0048231511254,34.76563244188433,35.35865579219538,1932,398,18,53,EPSG:4326
61,Oil,A:\SIH26143_DATA\OFFICIAL_DATASET\PART_III_TEST\Images\Oil\00061.tif,C:\SlickTrace\outputs\part_iii_predictions\prediction_0061.tif,9,1048,0.0855270682539467,925.3845419847328,608.6650763358779,34.67449968285843,35.341977647886445,909,587,35,45,EPSG:4326
61,Oil,A:\SIH26143_DATA\OFFICIAL_DATASET\PART_III_TEST\Images\Oil\00061.tif,C:\SlickTrace\outputs\part_iii_predictions\prediction_0061.tif,10,3758,0.30668962070451494,1997.9297498669505,1129.7594465141033,34.77084805817341,35.29516694416647,1950,1083,85,94,EPSG:4326
61,Oil,A:\SIH26143_DATA\OFFICIAL_DATASET\PART_III_TEST\Images\Oil\00061.tif,C:\SlickTrace\outputs\part_iii_predictions\prediction_0061.tif,11,36493,2.9781863566710656,1973.8277751897624,1317.5504069273559,34.76868294095041,35.2782973951706,1875,1101,173,455,EPSG:4326
61,Oil,A:\SIH26143_DATA\OFFICIAL_DATASET\PART_III_TEST\Images\Oil\00061.tif,C:\SlickTrace\outputs\part_iii_predictions\prediction_0061.tif,12,866,0.07067408502663915,1876.5981524249423,1382.8591224018476,34.759948655330525,35.2724306134409,1861,1366,35,34,EPSG:4326
61,Oil,A:\SIH26143_DATA\OFFICIAL_DATASET\PART_III_TEST\Images\Oil\00061.tif,C:\SlickTrace\outputs\part_iii_predictions\prediction_0061.tif,13,1412,0.11523303470856176,1823.46388101983,1462.1515580736543,34.75517552251915,35.265307652753,1808,1435,34,53,EPSG:4326
61,Oil,A:\SIH26143_DATA\OFFICIAL_DATASET\PART_III_TEST\Images\Oil\00061.tif,C:\SlickTrace\outputs\part_iii_predictions\prediction_0061.tif,14,864,0.07051086543073468,1824.976851851852,1559.4270833333333,34.75531143500144,35.25656924364185,1808,1539,35,43,EPSG:4326
61,Oil,A:\SIH26143_DATA\OFFICIAL_DATASET\PART_III_TEST\Images\Oil\00061.tif,C:\SlickTrace\outputs\part_iii_predictions\prediction_0061.tif,15,5378,0.43889749338714246,1752.331907772406,1798.4142804016362,34.748785628643375,35.235100658458315,1718,1740,76,121,EPSG:4326
61,Oil,A:\SIH26143_DATA\OFFICIAL_DATASET\PART_III_TEST\Images\Oil\00061.tif,C:\SlickTrace\outputs\part_iii_predictions\prediction_0061.tif,16,1178,0.09613634198773778,1596.4320882852292,1784.1689303904923,34.7347809095797,35.23638034002258,1574,1764,46,39,EPSG:4326
61,Oil,A:\SIH26143_DATA\OFFICIAL_DATASET\PART_III_TEST\Images\Oil\00061.tif,C:\SlickTrace\outputs\part_iii_predictions\prediction_0061.tif,17,1242,0.1013593690566811,1167.9734299516908,1816.4299516908213,34.69629181344026,35.23348228317104,1144,1787,50,65,EPSG:4326
61,Oil,A:\SIH26143_DATA\OFFICIAL_DATASET\PART_III_TEST\Images\Oil\00061.tif,C:\SlickTrace\outputs\part_iii_predictions\prediction_0061.tif,18,665,0.05427051563823907,1192.8586466165414,1872.345864661654,34.69852729048813,35.22845927124632,1174,1860,37,26,EPSG:4326
61,Oil,A:\SIH26143_DATA\OFFICIAL_DATASET\PART_III_TEST\Images\Oil\00061.tif,C:\SlickTrace\outputs\part_iii_predictions\prediction_0061.tif,19,6156,0.5023899161939845,1776.7024041585446,1912.6512345679012,34.7509748675819,35.22483857826443,1718,1867,111,108,EPSG:4326
61,Oil,A:\SIH26143_DATA\OFFICIAL_DATASET\PART_III_TEST\Images\Oil\00061.tif,C:\SlickTrace\outputs\part_iii_predictions\prediction_0061.tif,20,722,0.05892227412151671,1723.4293628808864,2002.52216066482,34.746189268860775,35.216765335613346,1708,1986,30,34,EPSG:4326
62,Oil,A:\SIH26143_DATA\OFFICIAL_DATASET\PART_III_TEST\Images\Oil\00062.tif,C:\SlickTrace\outputs\part_iii_predictions\prediction_0062.tif,1,19865,1.3874444668886106,515.8604077523282,1643.217920966524,-125.59811412134825,45.643173372265245,482,1306,85,625,EPSG:4326
62,Oil,A:\SIH26143_DATA\OFFICIAL_DATASET\PART_III_TEST\Images\Oil\00062.tif,C:\SlickTrace\outputs\part_iii_predictions\prediction_0062.tif,2,840,0.05866868120747208,543.2654761904762,1960.4595238095237,-125.59565228216421,45.614675074206005,528,1939,30,45,EPSG:4326
62,Oil,A:\SIH26143_DATA\OFFICIAL_DATASET\PART_III_TEST\Images\Oil\00062.tif,C:\SlickTrace\outputs\part_iii_predictions\prediction_0062.tif,3,647,0.04518885326337433,580.1066460587326,2004.0077279752704,-125.59234278356647,45.6107630724662,564,1990,37,28,EPSG:4326
63,Oil,A:\SIH26143_DATA\OFFICIAL_DATASET\PART_III_TEST\Images\Oil\00063.tif,C:\SlickTrace\outputs\part_iii_predictions\prediction_0063.tif,1,773,0.05415406300886574,566.9689521345407,291.8978007761966,-125.59352296269148,45.59352529393941,550,268,33,49,EPSG:4326
63,Oil,A:\SIH26143_DATA\OFFICIAL_DATASET\PART_III_TEST\Images\Oil\00063.tif,C:\SlickTrace\outputs\part_iii_predictions\prediction_0063.tif,2,1929,0.13513995801306858,558.5287713841368,384.94038361845514,-125.59428115702836,45.585167136515295,540,349,39,72,EPSG:4326
63,Oil,A:\SIH26143_DATA\OFFICIAL_DATASET\PART_III_TEST\Images\Oil\00063.tif,C:\SlickTrace\outputs\part_iii_predictions\prediction_0063.tif,3,2097,0.1469095344496655,558.2865999046256,489.74916547448737,-125.59430291166251,45.57575200345017,545,439,28,101,EPSG:4326
63,Oil,A:\SIH26143_DATA\OFFICIAL_DATASET\PART_III_TEST\Images\Oil\00063.tif,C:\SlickTrace\outputs\part_iii_predictions\prediction_0063.tif,4,2771,0.1941279542012509,567.9447852760736,651.6878383255142,-125.5934353021089,45.56120480495896,552,593,33,113,EPSG:4326
63,Oil,A:\SIH26143_DATA\OFFICIAL_DATASET\PART_III_TEST\Images\Oil\00063.tif,C:\SlickTrace\outputs\part_iii_predictions\prediction_0063.tif,5,3002,0.21031112180157172,565.1562291805463,774.367088607595,-125.59368580236503,45.55018434040169,547,716,46,110,EPSG:4326
63,Oil,A:\SIH26143_DATA\OFFICIAL_DATASET\PART_III_TEST\Images\Oil\00063.tif,C:\SlickTrace\outputs\part_iii_predictions\prediction_0063.tif,6,3426,0.24001529090345927,561.3111500291885,935.0373613543491,-125.59403121170206,45.53575108423048,536,874,47,132,EPSG:4326
63,Oil,A:\SIH26143_DATA\OFFICIAL_DATASET\PART_III_TEST\Images\Oil\00063.tif,C:\SlickTrace\outputs\part_iii_predictions\prediction_0063.tif,7,1243,0.08708085423029768,562.232502011263,1100.7385358004826,-125.5939484452453,45.52086589447033,550,1062,26,77,EPSG:4326
63,Oil,A:\SIH26143_DATA\OFFICIAL_DATASET\PART_III_TEST\Images\Oil\00063.tif,C:\SlickTrace\outputs\part_iii_predictions\prediction_0063.tif,8,712,0.049880585850339464,584.1165730337078,1257.1699438202247,-125.59198256569748,45.506813421996284,572,1240,25,37,EPSG:4326
63,Oil,A:\SIH26143_DATA\OFFICIAL_DATASET\PART_III_TEST\Images\Oil\00063.tif,C:\SlickTrace\outputs\part_iii_predictions\prediction_0063.tif,9,9503,0.6657516956963144,607.1824686940967,1483.5105756077028,-125.58991052103612,45.48648089710109,579,1286,67,346,EPSG:4326
63,Oil,A:\SIH26143_DATA\OFFICIAL_DATASET\PART_III_TEST\Images\Oil\00063.tif,C:\SlickTrace\outputs\part_iii_predictions\prediction_0063.tif,10,30961,2.1690348574611797,707.0413100352056,1934.0620780982526,-125.580940048693,45.44600716700406,596,1736,203,312,EPSG:4326
64,Oil,A:\SIH26143_DATA\OFFICIAL_DATASET\PART_III_TEST\Images\Oil\00064.tif,C:\SlickTrace\outputs\part_iii_predictions\prediction_0064.tif,1,74749,5.252590761157451,723.4757521839757,286.8692423978916,-125.57946371763617,45.42293778692788,635,2,198,566,EPSG:4326
65,Oil,A:\SIH26143_DATA\OFFICIAL_DATASET\PART_III_TEST\Images\Oil\00065.tif,C:\SlickTrace\outputs\part_iii_predictions\prediction_0065.tif,1,1044,0.08509089495741609,707.75,683.742337164751,34.78141180647524,35.43930503110111,689,661,38,45,EPSG:4326
65,Oil,A:\SIH26143_DATA\OFFICIAL_DATASET\PART_III_TEST\Images\Oil\00065.tif,C:\SlickTrace\outputs\part_iii_predictions\prediction_0065.tif,2,155803,12.698675006753161,1345.833084086956,1052.3555579802699,34.838731785172584,35.406191942082394,780,742,1268,751,EPSG:4326
65,Oil,A:\SIH26143_DATA\OFFICIAL_DATASET\PART_III_TEST\Images\Oil\00065.tif,C:\SlickTrace\outputs\part_iii_predictions\prediction_0065.tif,3,3339,0.27214415542414977,1149.8224019167415,837.4168912848158,34.82112384600817,35.425500211026474,1120,789,63,98,EPSG:4326
65,Oil,A:\SIH26143_DATA\OFFICIAL_DATASET\PART_III_TEST\Images\Oil\00065.tif,C:\SlickTrace\outputs\part_iii_predictions\prediction_0065.tif,4,826,0.06732287283029281,2029.9467312348668,1048.046004842615,34.90018675970336,35.40657907582752,2012,1030,36,39,EPSG:4326
65,Oil,A:\SIH26143_DATA\OFFICIAL_DATASET\PART_III_TEST\Images\Oil\00065.tif,C:\SlickTrace\outputs\part_iii_predictions\prediction_0065.tif,5,715,0.05827585238941811,1797.2391608391608,1071.1174825174826,34.87928228298168,35.40450652972527,1784,1047,27,46,EPSG:4326
65,Oil,A:\SIH26143_DATA\OFFICIAL_DATASET\PART_III_TEST\Images\Oil\00065.tif,C:\SlickTrace\outputs\part_iii_predictions\prediction_0065.tif,6,951,0.07751095891235892,1686.1903259726603,1125.8622502628812,34.86930659641725,35.39958872356614,1669,1104,37,41,EPSG:4326
66,Oil,A:\SIH26143_DATA\OFFICIAL_DATASET\PART_III_TEST\Images\Oil\00066.tif,C:\SlickTrace\outputs\part_iii_predictions\prediction_0066.tif,1,12296,1.154266102910234,1891.271551724138,335.3549934938191,38.11887097627975,20.22343145838501,1740,282,308,124,EPSG:4326
66,Oil,A:\SIH26143_DATA\OFFICIAL_DATASET\PART_III_TEST\Images\Oil\00066.tif,C:\SlickTrace\outputs\part_iii_predictions\prediction_0066.tif,2,8261,0.775487335405127,1621.9737319937053,402.17080256627526,38.094679541535356,20.217429292133954,1518,354,213,95,EPSG:4326
66,Oil,A:\SIH26143_DATA\OFFICIAL_DATASET\PART_III_TEST\Images\Oil\00066.tif,C:\SlickTrace\outputs\part_iii_predictions\prediction_0066.tif,3,5579,0.5237191434723646,1443.5940132640258,480.4728445958057,38.07865541876418,20.21039530002066,1370,439,139,83,EPSG:4326
66,Oil,A:\SIH26143_DATA\OFFICIAL_DATASET\PART_III_TEST\Images\Oil\00066.tif,C:\SlickTrace\outputs\part_iii_predictions\prediction_0066.tif,4,14051,1.3190137452823436,1237.8557398049961,563.4220340189311,38.06017363520652,20.202943847554252,1070,506,302,105,EPSG:4326
66,Oil,A:\SIH26143_DATA\OFFICIAL_DATASET\PART_III_TEST\Images\Oil\00066.tif,C:\SlickTrace\outputs\part_iii_predictions\prediction_0066.tif,5,90202,8.467559451423952,452.2021241214164,1200.2176115828918,37.98959717010728,20.14573952753571,0,641,1035,925,EPSG:4326
66,Oil,A:\SIH26143_DATA\OFFICIAL_DATASET\PART_III_TEST\Images\Oil\00066.tif,C:\SlickTrace\outputs\part_iii_predictions\prediction_0066.tif,6,3545,0.3327808502616118,1970.4880112834978,1061.4634696755995,38.12598711191735,20.15820402417673,1916,1010,105,109,EPSG:4326
66,Oil,A:\SIH26143_DATA\OFFICIAL_DATASET\PART_III_TEST\Images\Oil\00066.tif,C:\SlickTrace\outputs\part_iii_predictions\prediction_0066.tif,7,5508,0.5170541391370826,1837.4862018881627,1164.517792302106,38.11403935609781,20.148946496865733,1786,1119,120,97,EPSG:4326
66,Oil,A:\SIH26143_DATA\OFFICIAL_DATASET\PART_III_TEST\Images\Oil\00066.tif,C:\SlickTrace\outputs\part_iii_predictions\prediction_0066.tif,8,18112,1.7002332186003706,1971.884054770318,1993.942469081272,38.1261125206375,20.07443801044807,1824,1886,224,162,EPSG:4326
67,Oil,A:\SIH26143_DATA\OFFICIAL_DATASET\PART_III_TEST\Images\Oil\00067.tif,C:\SlickTrace\outputs\part_iii_predictions\prediction_0067.tif,1,9280,0.7540945815819937,1463.0994612068966,86.63157327586207,34.89653761185078,35.734005447507286,1381,29,157,118,EPSG:4326
67,Oil,A:\SIH26143_DATA\OFFICIAL_DATASET\PART_III_TEST\Images\Oil\00067.tif,C:\SlickTrace\outputs\part_iii_predictions\prediction_0067.tif,2,1578,0.12822858294573125,1882.8618504435995,121.60392902408111,34.93424550884576,35.73086382733826,1856,100,56,55,EPSG:4326
67,Oil,A:\SIH26143_DATA\OFFICIAL_DATASET\PART_III_TEST\Images\Oil\00067.tif,C:\SlickTrace\outputs\part_iii_predictions\prediction_0067.tif,3,2560905,208.09963194463748,1105.1579730603048,1318.1004359786873,34.864383180888524,35.623380717378964,32,150,2015,1898,EPSG:4326
67,Oil,A:\SIH26143_DATA\OFFICIAL_DATASET\PART_III_TEST\Images\Oil\00067.tif,C:\SlickTrace\outputs\part_iii_predictions\prediction_0067.tif,4,4031,0.3275598338746785,1348.6789878442073,211.060034730836,34.88625904584699,35.72282784863684,1296,172,103,80,EPSG:4326
67,Oil,A:\SIH26143_DATA\OFFICIAL_DATASET\PART_III_TEST\Images\Oil\00067.tif,C:\SlickTrace\outputs\part_iii_predictions\prediction_0067.tif,5,720,0.05850733822618917,1936.7152777777778,200.0,34.939083244533414,35.723821388461,1921,180,33,42,EPSG:4326
67,Oil,A:\SIH26143_DATA\OFFICIAL_DATASET\PART_III_TEST\Images\Oil\00067.tif,C:\SlickTrace\outputs\part_iii_predictions\prediction_0067.tif,6,796,0.06468311281673136,1506.713567839196,315.45226130653265,34.90045553370988,35.71345013536922,1493,294,29,42,EPSG:4326
67,Oil,A:\SIH26143_DATA\OFFICIAL_DATASET\PART_III_TEST\Images\Oil\00067.tif,C:\SlickTrace\outputs\part_iii_predictions\prediction_0067.tif,7,536,0.043555462901718606,876.2444029850747,568.8507462686567,34.84381952501443,35.690686962167796,864,548,23,41,EPSG:4326
67,Oil,A:\SIH26143_DATA\OFFICIAL_DATASET\PART_III_TEST\Images\Oil\00067.tif,C:\SlickTrace\outputs\part_iii_predictions\prediction_0067.tif,8,596,0.0484310744205677,853.8758389261745,593.9127516778524,34.84181012271664,35.68843560391682,834,579,35,30,EPSG:4326
67,Oil,A:\SIH26143_DATA\OFFICIAL_DATASET\PART_III_TEST\Images\Oil\00067.tif,C:\SlickTrace\outputs\part_iii_predictions\prediction_0067.tif,9,506,0.04111765714229405,2020.0454545454545,988.2648221343874,34.94656892167529,35.65301035469529,2008,976,25,28,EPSG:4326
68,Oil,A:\SIH26143_DATA\OFFICIAL_DATASET\PART_III_TEST\Images\Oil\00068.tif,C:\SlickTrace\outputs\part_iii_predictions\prediction_0068.tif,1,4216,0.3440669081666405,34.33989563567363,71.47604364326375,34.76818995634232,35.39023415973936,1,0,54,151,EPSG:4326
68,Oil,A:\SIH26143_DATA\OFFICIAL_DATASET\PART_III_TEST\Images\Oil\00068.tif,C:\SlickTrace\outputs\part_iii_predictions\prediction_0068.tif,2,1096655,89.49779297331288,691.0951265438994,482.10633790936987,34.82718728252735,35.35334661279319,0,0,1446,1236,EPSG:4326
68,Oil,A:\SIH26143_DATA\OFFICIAL_DATASET\PART_III_TEST\Images\Oil\00068.tif,C:\SlickTrace\outputs\part_iii_predictions\prediction_0068.tif,3,507,0.041376167561785276,489.9033530571992,109.7534516765286,34.80911391801113,35.38679564167208,478,94,24,34,EPSG:4326
68,Oil,A:\SIH26143_DATA\OFFICIAL_DATASET\PART_III_TEST\Images\Oil\00068.tif,C:\SlickTrace\outputs\part_iii_predictions\prediction_0068.tif,4,543,0.04431412028806589,14.136279926335176,308.25782688766117,34.7663750346637,35.36896369025041,2,289,24,39,EPSG:4326
68,Oil,A:\SIH26143_DATA\OFFICIAL_DATASET\PART_III_TEST\Images\Oil\00068.tif,C:\SlickTrace\outputs\part_iii_predictions\prediction_0068.tif,5,1020,0.08324199391128399,169.89607843137256,769.2647058823529,34.780367175428545,35.32755073770189,156,738,28,59,EPSG:4326
68,Oil,A:\SIH26143_DATA\OFFICIAL_DATASET\PART_III_TEST\Images\Oil\00068.tif,C:\SlickTrace\outputs\part_iii_predictions\prediction_0068.tif,6,1812,0.14787695388945746,168.8167770419426,1035.282008830022,34.780270220135115,35.303653996794075,152,997,37,80,EPSG:4326
68,Oil,A:\SIH26143_DATA\OFFICIAL_DATASET\PART_III_TEST\Images\Oil\00068.tif,C:\SlickTrace\outputs\part_iii_predictions\prediction_0068.tif,7,601,0.049047488569295764,212.13144758735442,1015.5424292845258,34.78416124319287,35.30542723339486,198,1002,29,29,EPSG:4326
68,Oil,A:\SIH26143_DATA\OFFICIAL_DATASET\PART_III_TEST\Images\Oil\00068.tif,C:\SlickTrace\outputs\part_iii_predictions\prediction_0068.tif,8,1487,0.1213537695549797,76.64828513786146,1135.2979152656355,34.77199058363595,35.294669415053455,63,1097,28,76,EPSG:4326
68,Oil,A:\SIH26143_DATA\OFFICIAL_DATASET\PART_III_TEST\Images\Oil\00068.tif,C:\SlickTrace\outputs\part_iii_predictions\prediction_0068.tif,9,895,0.07304076916725409,32.52625698324022,1131.3988826815641,34.76802703441019,35.29501967110981,15,1113,34,39,EPSG:4326
68,Oil,A:\SIH26143_DATA\OFFICIAL_DATASET\PART_III_TEST\Images\Oil\00068.tif,C:\SlickTrace\outputs\part_iii_predictions\prediction_0068.tif,10,26956,2.19987371360056,76.58272740762725,1289.3161819261018,34.77198469448484,35.28083371875599,0,1156,171,251,EPSG:4326
69,Oil,A:\SIH26143_DATA\OFFICIAL_DATASET\PART_III_TEST\Images\Oil\00069.tif,C:\SlickTrace\outputs\part_iii_predictions\prediction_0069.tif,1,22735,1.994500840345608,1627.6159665713658,154.60250714756984,48.73593025512436,28.76283524373539,1553,0,148,363,EPSG:4326
69,Oil,A:\SIH26143_DATA\OFFICIAL_DATASET\PART_III_TEST\Images\Oil\00069.tif,C:\SlickTrace\outputs\part_iii_predictions\prediction_0069.tif,2,631,0.05535650012131421,1925.1695721077654,392.00792393026944,48.76265995029418,28.741508752292525,1914,372,23,40,EPSG:4326
69,Oil,A:\SIH26143_DATA\OFFICIAL_DATASET\PART_III_TEST\Images\Oil\00069.tif,C:\SlickTrace\outputs\part_iii_predictions\prediction_0069.tif,3,1163,0.10202790751361082,1986.7454858125539,465.9036973344798,48.76819140873564,28.73487058202444,1962,441,57,57,EPSG:4326
69,Oil,A:\SIH26143_DATA\OFFICIAL_DATASET\PART_III_TEST\Images\Oil\00069.tif,C:\SlickTrace\outputs\part_iii_predictions\prediction_0069.tif,4,17907,1.5709490454395778,2021.2826269056793,666.0594739487351,48.771293932907014,28.7168902826907,1977,456,71,396,EPSG:4326
69,Oil,A:\SIH26143_DATA\OFFICIAL_DATASET\PART_III_TEST\Images\Oil\00069.tif,C:\SlickTrace\outputs\part_iii_predictions\prediction_0069.tif,5,23674,2.0768776289571993,132.23337838979472,1430.23861620343,48.601597751667384,28.648242902361428,0,1342,289,195,EPSG:4326
69,Oil,A:\SIH26143_DATA\OFFICIAL_DATASET\PART_III_TEST\Images\Oil\00069.tif,C:\SlickTrace\outputs\part_iii_predictions\prediction_0069.tif,6,28424,2.493586623531276,75.10237827188291,1962.420384182381,48.59646558660709,28.600436200750902,0,1814,190,234,EPSG:4326
69,Oil,A:\SIH26143_DATA\OFFICIAL_DATASET\PART_III_TEST\Images\Oil\00069.tif,C:\SlickTrace\outputs\part_iii_predictions\prediction_0069.tif,7,702,0.061585202987579364,95.2094017094017,1827.3247863247864,48.5982718312543,28.612572044788177,79,1815,35,28,EPSG:4326
70,Oil,A:\SIH26143_DATA\OFFICIAL_DATASET\PART_III_TEST\Images\Oil\00070.tif,C:\SlickTrace\outputs\part_iii_predictions\prediction_0070.tif,1,28461,2.703043125632181,408.1007343382172,1001.5456941077264,39.23308387280762,18.24689211373214,260,896,302,244,EPSG:4326
70,Oil,A:\SIH26143_DATA\OFFICIAL_DATASET\PART_III_TEST\Images\Oil\00070.tif,C:\SlickTrace\outputs\part_iii_predictions\prediction_0070.tif,2,44595,4.235346902342402,225.5839219643458,1163.7855813432,39.2166881085912,18.232317856692397,0,1037,374,245,EPSG:4326
70,Oil,A:\SIH26143_DATA\OFFICIAL_DATASET\PART_III_TEST\Images\Oil\00070.tif,C:\SlickTrace\outputs\part_iii_predictions\prediction_0070.tif,3,1097,0.10418601977507827,233.36007292616227,1293.4548769371013,39.21738665211726,18.220669465681095,210,1272,45,39,EPSG:4326
70,Oil,A:\SIH26143_DATA\OFFICIAL_DATASET\PART_III_TEST\Images\Oil\00070.tif,C:\SlickTrace\outputs\part_iii_predictions\prediction_0070.tif,4,12820,1.2175613249922548,776.9304212168487,1491.1902496099844,39.26621640730363,18.202906594932784,641,1320,276,312,EPSG:4326
70,Oil,A:\SIH26143_DATA\OFFICIAL_DATASET\PART_III_TEST\Images\Oil\00070.tif,C:\SlickTrace\outputs\part_iii_predictions\prediction_0070.tif,5,12910,1.2261089473985967,1910.6213787761426,1428.2316808675446,39.36805759876799,18.208562259389545,1739,1365,309,162,EPSG:4326
70,Oil,A:\SIH26143_DATA\OFFICIAL_DATASET\PART_III_TEST\Images\Oil\00070.tif,C:\SlickTrace\outputs\part_iii_predictions\prediction_0070.tif,6,617,0.05859870027458824,1709.0210696920583,1390.0405186385738,39.349947534874644,18.211993029864402,1689,1378,37,24,EPSG:4326
70,Oil,A:\SIH26143_DATA\OFFICIAL_DATASET\PART_III_TEST\Images\Oil\00070.tif,C:\SlickTrace\outputs\part_iii_predictions\prediction_0070.tif,7,29574,2.8087487227239425,1350.52322986407,1505.9461013052005,39.31774312599052,18.201581054221982,1200,1396,427,233,EPSG:4326
70,Oil,A:\SIH26143_DATA\OFFICIAL_DATASET\PART_III_TEST\Images\Oil\00070.tif,C:\SlickTrace\outputs\part_iii_predictions\prediction_0070.tif,8,1640,0.15575667496000764,1262.779268292683,1650.154268292683,39.30986095181364,18.18862661417201,1230,1628,61,50,EPSG:4326
70,Oil,A:\SIH26143_DATA\OFFICIAL_DATASET\PART_III_TEST\Images\Oil\00070.tif,C:\SlickTrace\outputs\part_iii_predictions\prediction_0070.tif,9,1981,0.1881426665218141,1296.9056032306917,1710.4487632508833,39.312926572640215,18.183210267535088,1263,1679,81,66,EPSG:4326
71,Oil,A:\SIH26143_DATA\OFFICIAL_DATASET\PART_III_TEST\Images\Oil\00071.tif,C:\SlickTrace\outputs\part_iii_predictions\prediction_0071.tif,1,2596,0.24450468294031322,837.5504622496148,505.2661787365177,38.91040162807625,19.683192624880924,789,472,91,69,EPSG:4326
71,Oil,A:\SIH26143_DATA\OFFICIAL_DATASET\PART_III_TEST\Images\Oil\00071.tif,C:\SlickTrace\outputs\part_iii_predictions\prediction_0071.tif,2,89275,8.408380419682768,458.7141865023803,737.6739512741528,38.87637018640799,19.662315079459052,0,515,871,371,EPSG:4326
71,Oil,A:\SIH26143_DATA\OFFICIAL_DATASET\PART_III_TEST\Images\Oil\00071.tif,C:\SlickTrace\outputs\part_iii_predictions\prediction_0071.tif,3,1001,0.0942793480829174,770.7972027972028,568.961038961039,38.904405080753165,19.67747081823497,752,548,38,39,EPSG:4326
72,Oil,A:\SIH26143_DATA\OFFICIAL_DATASET\PART_III_TEST\Images\Oil\00072.tif,C:\SlickTrace\outputs\part_iii_predictions\prediction_0072.tif,1,432947,37.89842642291171,963.8545041309907,597.0127036334701,-89.01800597799838,28.951756458600972,0,181,2021,692,EPSG:4326
72,Oil,A:\SIH26143_DATA\OFFICIAL_DATASET\PART_III_TEST\Images\Oil\00072.tif,C:\SlickTrace\outputs\part_iii_predictions\prediction_0072.tif,2,5548,0.4856494439141839,1121.9194304253786,425.4554794520548,-89.00380676408103,28.9671677062593,1033,394,180,61,EPSG:4326
72,Oil,A:\SIH26143_DATA\OFFICIAL_DATASET\PART_III_TEST\Images\Oil\00072.tif,C:\SlickTrace\outputs\part_iii_predictions\prediction_0072.tif,3,3177,0.27810170932144235,91.70286433742524,943.8168083097262,-89.09635269280804,28.920602515818366,4,922,172,42,EPSG:4326
73,Oil,A:\SIH26143_DATA\OFFICIAL_DATASET\PART_III_TEST\Images\Oil\00073.tif,C:\SlickTrace\outputs\part_iii_predictions\prediction_0073.tif,1,918,0.07479241500624724,1242.2244008714597,1005.4357298474946,35.42663115136508,35.441514156700684,1219,993,62,30,EPSG:4326
73,Oil,A:\SIH26143_DATA\OFFICIAL_DATASET\PART_III_TEST\Images\Oil\00073.tif,C:\SlickTrace\outputs\part_iii_predictions\prediction_0073.tif,2,667,0.05434263704702278,1357.1304347826087,1005.1064467766117,35.43695333601507,35.44154373670222,1321,997,64,23,EPSG:4326
73,Oil,A:\SIH26143_DATA\OFFICIAL_DATASET\PART_III_TEST\Images\Oil\00073.tif,C:\SlickTrace\outputs\part_iii_predictions\prediction_0073.tif,3,517,0.04212165420286473,943.1334622823985,1017.8143133462282,35.39976335521746,35.440402169625415,923,1009,38,18,EPSG:4326
73,Oil,A:\SIH26143_DATA\OFFICIAL_DATASET\PART_III_TEST\Images\Oil\00073.tif,C:\SlickTrace\outputs\part_iii_predictions\prediction_0073.tif,4,218006,17.76165057282346,972.2931111987743,1287.8882874783262,35.40238281104757,35.41614101174484,0,1113,2048,294,EPSG:4326
74,Oil,A:\SIH26143_DATA\OFFICIAL_DATASET\PART_III_TEST\Images\Oil\00074.tif,C:\SlickTrace\outputs\part_iii_predictions\prediction_0074.tif,1,96523,9.53949994187335,1082.877821866291,1277.2577313179243,114.32791299483178,-8.794152337293701,0,1081,2048,429,EPSG:4326
75,Oil,A:\SIH26143_DATA\OFFICIAL_DATASET\PART_III_TEST\Images\Oil\00075.tif,C:\SlickTrace\outputs\part_iii_predictions\prediction_0075.tif,1,65289,6.136504098180382,1513.671828332491,632.1428571428571,39.46997856461962,20.002106046704803,1090,449,798,345,EPSG:4326
75,Oil,A:\SIH26143_DATA\OFFICIAL_DATASET\PART_III_TEST\Images\Oil\00075.tif,C:\SlickTrace\outputs\part_iii_predictions\prediction_0075.tif,2,210143,19.751311564029468,731.5240145995822,817.3343389977301,39.39971703106793,19.985470012840903,0,483,1360,621,EPSG:4326
75,Oil,A:\SIH26143_DATA\OFFICIAL_DATASET\PART_III_TEST\Images\Oil\00075.tif,C:\SlickTrace\outputs\part_iii_predictions\prediction_0075.tif,3,1171,0.11006212836724757,17.184457728437234,989.6233988044406,39.335546816869076,19.969993023269808,0,971,38,39,EPSG:4326
75,Oil,A:\SIH26143_DATA\OFFICIAL_DATASET\PART_III_TEST\Images\Oil\00075.tif,C:\SlickTrace\outputs\part_iii_predictions\prediction_0075.tif,4,656,0.06165734945253152,1416.559451219512,987.1768292682926,39.46125481135585,19.97021280235061,1404,971,26,33,EPSG:4326
75,Oil,A:\SIH26143_DATA\OFFICIAL_DATASET\PART_III_TEST\Images\Oil\00075.tif,C:\SlickTrace\outputs\part_iii_predictions\prediction_0075.tif,5,4798,0.4509633577336071,1495.3059608170072,1020.5560650270946,39.468328730670095,19.967214294585172,1434,971,116,101,EPSG:4326
75,Oil,A:\SIH26143_DATA\OFFICIAL_DATASET\PART_III_TEST\Images\Oil\00075.tif,C:\SlickTrace\outputs\part_iii_predictions\prediction_0075.tif,6,4053,0.38094091056571683,328.8953861337281,1139.5773501110289,39.36354828599043,19.95652243063253,269,1115,111,55,EPSG:4326
76,Oil,A:\SIH26143_DATA\OFFICIAL_DATASET\PART_III_TEST\Images\Oil\00076.tif,C:\SlickTrace\outputs\part_iii_predictions\prediction_0076.tif,1,7664,0.7256450166168382,1374.0305323590815,38.933716075156575,39.319854822902485,18.859148954781613,1305,0,151,88,EPSG:4326
76,Oil,A:\SIH26143_DATA\OFFICIAL_DATASET\PART_III_TEST\Images\Oil\00076.tif,C:\SlickTrace\outputs\part_iii_predictions\prediction_0076.tif,2,72019,6.81892333660335,1628.6729196462045,441.5505213901887,39.34272973775095,18.822981271795825,1377,89,497,734,EPSG:4326
76,Oil,A:\SIH26143_DATA\OFFICIAL_DATASET\PART_III_TEST\Images\Oil\00076.tif,C:\SlickTrace\outputs\part_iii_predictions\prediction_0076.tif,3,1078,0.10206750103248326,1538.464749536178,205.48237476808904,39.33462619995473,18.844187634216265,1528,177,24,58,EPSG:4326
76,Oil,A:\SIH26143_DATA\OFFICIAL_DATASET\PART_III_TEST\Images\Oil\00076.tif,C:\SlickTrace\outputs\part_iii_predictions\prediction_0076.tif,4,12699,1.2023703113279265,1953.5690999291282,793.8104575163399,39.371915658200976,18.79133722333532,1867,712,181,185,EPSG:4326
77,Oil,A:\SIH26143_DATA\OFFICIAL_DATASET\PART_III_TEST\Images\Oil\00077.tif,C:\SlickTrace\outputs\part_iii_predictions\prediction_0077.tif,1,704823,63.47902573652286,1083.0350073706447,1694.7126682869316,54.60976470989995,25.698800937498035,203,1161,1532,887,EPSG:4326
77,Oil,A:\SIH26143_DATA\OFFICIAL_DATASET\PART_III_TEST\Images\Oil\00077.tif,C:\SlickTrace\outputs\part_iii_predictions\prediction_0077.tif,2,1297,0.11681272657145148,1072.764070932922,1979.7671549730146,54.608842055981526,25.67319405727834,1047,1955,61,44,EPSG:4326
78,Oil,A:\SIH26143_DATA\OFFICIAL_DATASET\PART_III_TEST\Images\Oil\00078.tif,C:\SlickTrace\outputs\part_iii_predictions\prediction_0078.tif,1,263819,24.600679620319717,559.0217914555055,1907.4906924823458,38.52313203616539,21.09671176796121,0,1732,1401,316,EPSG:4326
78,Oil,A:\SIH26143_DATA\OFFICIAL_DATASET\PART_III_TEST\Images\Oil\00078.tif,C:\SlickTrace\outputs\part_iii_predictions\prediction_0078.tif,2,1366,0.1273772107443237,612.3777452415812,2033.2042459736456,38.52792508304387,21.085418727308987,580,2009,73,39,EPSG:4326
78,Oil,A:\SIH26143_DATA\OFFICIAL_DATASET\PART_III_TEST\Images\Oil\00078.tif,C:\SlickTrace\outputs\part_iii_predictions\prediction_0078.tif,3,885,0.08252476684387004,270.6542372881356,2030.9751412429378,38.49722753803012,21.085618971193938,250,2017,41,30,EPSG:4326
79,Oil,A:\SIH26143_DATA\OFFICIAL_DATASET\PART_III_TEST\Images\Oil\00079.tif,C:\SlickTrace\outputs\part_iii_predictions\prediction_0079.tif,1,288359,26.92171921390541,1088.3018910455369,132.88036093896844,38.57067807646959,21.075386691214543,0,0,1939,383,EPSG:4326
79,Oil,A:\SIH26143_DATA\OFFICIAL_DATASET\PART_III_TEST\Images\Oil\00079.tif,C:\SlickTrace\outputs\part_iii_predictions\prediction_0079.tif,2,529,0.049388399405449326,364.6578449905482,9.376181474480152,38.50567202578626,21.086481260421102,347,0,38,22,EPSG:4326
79,Oil,A:\SIH26143_DATA\OFFICIAL_DATASET\PART_III_TEST\Images\Oil\00079.tif,C:\SlickTrace\outputs\part_iii_predictions\prediction_0079.tif,3,4476,0.41788747776709106,1995.6954870420018,278.1206434316354,38.65219063006917,21.062339534651244,1936,239,112,92,EPSG:4326
79,Oil,A:\SIH26143_DATA\OFFICIAL_DATASET\PART_III_TEST\Images\Oil\00079.tif,C:\SlickTrace\outputs\part_iii_predictions\prediction_0079.tif,4,7282,0.6798607267873006,1952.8667948365833,354.12688821752266,38.64834326318847,21.055511777513274,1886,287,130,133,EPSG:4326
79,Oil,A:\SIH26143_DATA\OFFICIAL_DATASET\PART_III_TEST\Images\Oil\00079.tif,C:\SlickTrace\outputs\part_iii_predictions\prediction_0079.tif,5,801,0.07478281271033065,1832.147315855181,346.2434456928839,38.63749884788248,21.056219959204412,1810,335,45,24,EPSG:4326
80,Oil,A:\SIH26143_DATA\OFFICIAL_DATASET\PART_III_TEST\Images\Oil\00080.tif,C:\SlickTrace\outputs\part_iii_predictions\prediction_0080.tif,1,258387,22.618065447906453,1239.105810276833,1191.1869250387983,-88.99121459190015,28.898774168941895,1059,712,414,1170,EPSG:4326
80,Oil,A:\SIH26143_DATA\OFFICIAL_DATASET\PART_III_TEST\Images\Oil\00080.tif,C:\SlickTrace\outputs\part_iii_predictions\prediction_0080.tif,2,1234,0.10801895127354148,1063.8087520259319,1937.9424635332252,-89.00696179456895,28.831691977568852,1044,1909,38,62,EPSG:4326
80,Oil,A:\SIH26143_DATA\OFFICIAL_DATASET\PART_III_TEST\Images\Oil\00080.tif,C:\SlickTrace\outputs\part_iii_predictions\prediction_0080.tif,3,1078,0.09436339503474694,1234.5686456400742,1988.9554730983302,-88.99162217233413,28.827109400950725,1198,1971,68,34,EPSG:4326
80,Oil,A:\SIH26143_DATA\OFFICIAL_DATASET\PART_III_TEST\Images\Oil\00080.tif,C:\SlickTrace\outputs\part_iii_predictions\prediction_0080.tif,4,915,0.08009508947754494,1035.1540983606558,2026.8819672131146,-89.00953588590382,28.823702406017087,1009,1994,48,53,EPSG:4326
80,Oil,A:\SIH26143_DATA\OFFICIAL_DATASET\PART_III_TEST\Images\Oil\00080.tif,C:\SlickTrace\outputs\part_iii_predictions\prediction_0080.tif,5,977,0.08552229772629662,1130.2558853633573,2025.6786079836234,-89.00099274702265,28.8238105056159,1107,2009,49,38,EPSG:4326
81,Oil,A:\SIH26143_DATA\OFFICIAL_DATASET\PART_III_TEST\Images\Oil\00081.tif,C:\SlickTrace\outputs\part_iii_predictions\prediction_0081.tif,1,1200,0.11934196085555719,141.9675,593.9325,107.3205759614862,-5.969392992933682,126,563,33,67,EPSG:4326
81,Oil,A:\SIH26143_DATA\OFFICIAL_DATASET\PART_III_TEST\Images\Oil\00081.tif,C:\SlickTrace\outputs\part_iii_predictions\prediction_0081.tif,2,4910,0.4883075231673215,200.17718940936862,642.5826883910387,107.32580502685423,-5.973763313714378,164,588,76,109,EPSG:4326
81,Oil,A:\SIH26143_DATA\OFFICIAL_DATASET\PART_III_TEST\Images\Oil\00081.tif,C:\SlickTrace\outputs\part_iii_predictions\prediction_0081.tif,3,8512,0.8465323090020858,1815.7313204887218,793.6347509398496,107.47093272368133,-5.987332551362916,1682,744,234,125,EPSG:4326
81,Oil,A:\SIH26143_DATA\OFFICIAL_DATASET\PART_III_TEST\Images\Oil\00081.tif,C:\SlickTrace\outputs\part_iii_predictions\prediction_0081.tif,4,520,0.051714849704074785,128.2923076923077,813.9403846153846,107.31934749805987,-5.989156637471362,115,801,30,34,EPSG:4326
81,Oil,A:\SIH26143_DATA\OFFICIAL_DATASET\PART_III_TEST\Images\Oil\00081.tif,C:\SlickTrace\outputs\part_iii_predictions\prediction_0081.tif,5,586,0.05827865755113043,102.2815699658703,841.0051194539249,107.31701091373479,-5.9915879039679725,88,816,27,55,EPSG:4326
81,Oil,A:\SIH26143_DATA\OFFICIAL_DATASET\PART_III_TEST\Images\Oil\00081.tif,C:\SlickTrace\outputs\part_iii_predictions\prediction_0081.tif,6,1286,0.1278948013835388,426.47356143079315,902.461897356143,107.346133575827,-5.997108660258203,410,865,39,74,EPSG:4326
81,Oil,A:\SIH26143_DATA\OFFICIAL_DATASET\PART_III_TEST\Images\Oil\00081.tif,C:\SlickTrace\outputs\part_iii_predictions\prediction_0081.tif,7,819,0.08145088828391779,161.1001221001221,892.5995115995116,107.32229467417199,-5.9962227070718965,144,872,35,48,EPSG:4326
81,Oil,A:\SIH26143_DATA\OFFICIAL_DATASET\PART_III_TEST\Images\Oil\00081.tif,C:\SlickTrace\outputs\part_iii_predictions\prediction_0081.tif,8,1429,0.14211638505215937,360.55773268019595,916.3407977606718,107.34021225618379,-5.998355423094218,345,875,43,76,EPSG:4326
81,Oil,A:\SIH26143_DATA\OFFICIAL_DATASET\PART_III_TEST\Images\Oil\00081.tif,C:\SlickTrace\outputs\part_iii_predictions\prediction_0081.tif,9,612,0.06086440003633417,1939.4150326797385,899.5261437908497,107.48204342058712,-5.996844937028391,1917,886,42,31,EPSG:4326
81,Oil,A:\SIH26143_DATA\OFFICIAL_DATASET\PART_III_TEST\Images\Oil\00081.tif,C:\SlickTrace\outputs\part_iii_predictions\prediction_0081.tif,10,950,0.09447905234398278,263.1221052631579,923.6536842105263,107.33145946485114,-5.999012350861112,252,896,24,59,EPSG:4326
81,Oil,A:\SIH26143_DATA\OFFICIAL_DATASET\PART_III_TEST\Images\Oil\00081.tif,C:\SlickTrace\outputs\part_iii_predictions\prediction_0081.tif,11,583,0.05798030264899154,170.82161234991423,931.47512864494,107.32316797049957,-5.999714963169045,157,917,29,30,EPSG:4326
81,Oil,A:\SIH26143_DATA\OFFICIAL_DATASET\PART_III_TEST\Images\Oil\00081.tif,C:\SlickTrace\outputs\part_iii_predictions\prediction_0081.tif,12,851,0.08463334057339932,473.2220916568743,949.1280846063455,107.35033306774821,-6.0013007551840465,459,927,36,50,EPSG:4326
81,Oil,A:\SIH26143_DATA\OFFICIAL_DATASET\PART_III_TEST\Images\Oil\00081.tif,C:\SlickTrace\outputs\part_iii_predictions\prediction_0081.tif,13,772,0.07677666148374179,499.19300518134713,964.8834196891191,107.35266607460437,-6.0027160810151745,484,946,29,42,EPSG:4326
81,Oil,A:\SIH26143_DATA\OFFICIAL_DATASET\PART_III_TEST\Images\Oil\00081.tif,C:\SlickTrace\outputs\part_iii_predictions\prediction_0081.tif,14,3590,0.3570313662262086,423.04623955431754,1013.7467966573817,107.34582569426448,-6.007105552851603,394,962,60,106,EPSG:4326
81,Oil,A:\SIH26143_DATA\OFFICIAL_DATASET\PART_III_TEST\Images\Oil\00081.tif,C:\SlickTrace\outputs\part_iii_predictions\prediction_0081.tif,15,684,0.06802491768766761,377.6856725146199,1008.9941520467836,107.34175088519767,-6.006678615522234,359,986,33,45,EPSG:4326
82,Oil,A:\SIH26143_DATA\OFFICIAL_DATASET\PART_III_TEST\Images\Oil\00082.tif,C:\SlickTrace\outputs\part_iii_predictions\prediction_0082.tif,1,1145,0.11432430764395907,905.1336244541485,24.47248908296943,104.39915686222199,3.273664341590833,887,0,32,56,EPSG:4326
82,Oil,A:\SIH26143_DATA\OFFICIAL_DATASET\PART_III_TEST\Images\Oil\00082.tif,C:\SlickTrace\outputs\part_iii_predictions\prediction_0082.tif,2,41117,4.105390879822415,651.5468540992777,480.33314687355596,104.37637677505596,3.232713681958627,129,70,803,667,EPSG:4326
82,Oil,A:\SIH26143_DATA\OFFICIAL_DATASET\PART_III_TEST\Images\Oil\00082.tif,C:\SlickTrace\outputs\part_iii_predictions\prediction_0082.tif,3,1572,0.15695878743781977,865.4701017811705,308.5381679389313,104.39559382735807,3.2481462874898233,853,265,25,91,EPSG:4326
82,Oil,A:\SIH26143_DATA\OFFICIAL_DATASET\PART_III_TEST\Images\Oil\00082.tif,C:\SlickTrace\outputs\part_iii_predictions\prediction_0082.tif,4,2059,0.20558406064533774,282.9446333171442,380.37736765420107,104.34326467418705,3.241692862379509,234,360,108,43,EPSG:4326
82,Oil,A:\SIH26143_DATA\OFFICIAL_DATASET\PART_III_TEST\Images\Oil\00082.tif,C:\SlickTrace\outputs\part_iii_predictions\prediction_0082.tif,5,2880,0.2875580838555477,64.40868055555555,389.6361111111111,104.32363325553752,3.2408611353036005,0,372,150,35,EPSG:4326
82,Oil,A:\SIH26143_DATA\OFFICIAL_DATASET\PART_III_TEST\Images\Oil\00082.tif,C:\SlickTrace\outputs\part_iii_predictions\prediction_0082.tif,6,622,0.06210455838824676,207.2379421221865,388.6511254019293,104.336463826406,3.2409496180753203,189,379,37,22,EPSG:4326
82,Oil,A:\SIH26143_DATA\OFFICIAL_DATASET\PART_III_TEST\Images\Oil\00082.tif,C:\SlickTrace\outputs\part_iii_predictions\prediction_0082.tif,7,25614,2.5574697082902773,137.87936284844227,474.9052471304755,104.33023323922136,3.2332012784886146,0,397,383,164,EPSG:4326
82,Oil,A:\SIH26143_DATA\OFFICIAL_DATASET\PART_III_TEST\Images\Oil\00082.tif,C:\SlickTrace\outputs\part_iii_predictions\prediction_0082.tif,8,1319,0.13169760854356508,95.9529946929492,745.6595905989386,104.32646692948919,3.208879001990668,60,723,64,45,EPSG:4326
83,Oil,A:\SIH26143_DATA\OFFICIAL_DATASET\PART_III_TEST\Images\Oil\00083.tif,C:\SlickTrace\outputs\part_iii_predictions\prediction_0083.tif,1,228046,19.962222978885,1537.7158073371163,775.7501469001868,-89.14809449048389,28.93570020088788,702,523,1346,536,EPSG:4326
83,Oil,A:\SIH26143_DATA\OFFICIAL_DATASET\PART_III_TEST\Images\Oil\00083.tif,C:\SlickTrace\outputs\part_iii_predictions\prediction_0083.tif,2,564,0.0493702751203316,1728.1719858156027,1046.9432624113474,-89.13098552087565,28.91133850882671,1712,1034,35,27,EPSG:4326
84,Oil,A:\SIH26143_DATA\OFFICIAL_DATASET\PART_III_TEST\Images\Oil\00084.tif,C:\SlickTrace\outputs\part_iii_predictions\prediction_0084.tif,1,104821,9.45375097968026,658.5623300674483,405.78777153433,54.958123209481016,25.648376835040622,0,0,1443,927,EPSG:4326
85,Oil,A:\SIH26143_DATA\OFFICIAL_DATASET\PART_III_TEST\Images\Oil\00085.tif,C:\SlickTrace\outputs\part_iii_predictions\prediction_0085.tif,1,840,0.0735298752106375,1482.5107142857144,314.11071428571427,-88.97121586921634,28.977623925081957,1464,293,36,46,EPSG:4326
85,Oil,A:\SIH26143_DATA\OFFICIAL_DATASET\PART_III_TEST\Images\Oil\00085.tif,C:\SlickTrace\outputs\part_iii_predictions\prediction_0085.tif,2,526,0.04604370757237539,1436.8859315589355,370.4771863117871,-88.97531441318215,28.972560438748665,1420,350,33,46,EPSG:4326
85,Oil,A:\SIH26143_DATA\OFFICIAL_DATASET\PART_III_TEST\Images\Oil\00085.tif,C:\SlickTrace\outputs\part_iii_predictions\prediction_0085.tif,3,36187,3.1676495169611183,1190.001630419764,592.237516235112,-88.9974924072944,28.952639369370512,1036,377,320,468,EPSG:4326
85,Oil,A:\SIH26143_DATA\OFFICIAL_DATASET\PART_III_TEST\Images\Oil\00085.tif,C:\SlickTrace\outputs\part_iii_predictions\prediction_0085.tif,4,100221,8.772901932720597,793.936699893236,1297.2703026311851,-89.03307152535398,28.889305196588015,90,867,1300,860,EPSG:4326
85,Oil,A:\SIH26143_DATA\OFFICIAL_DATASET\PART_III_TEST\Images\Oil\00085.tif,C:\SlickTrace\outputs\part_iii_predictions\prediction_0085.tif,5,3797,0.3323725430652269,1008.0489860416118,1286.0226494601002,-89.01383749143749,28.890315590463423,932,1244,151,83,EPSG:4326
85,Oil,A:\SIH26143_DATA\OFFICIAL_DATASET\PART_III_TEST\Images\Oil\00085.tif,C:\SlickTrace\outputs\part_iii_predictions\prediction_0085.tif,6,868,0.07598087105099209,902.7799539170506,1334.5472350230414,-89.02329396948768,28.885956552776747,878,1317,48,34,EPSG:4326
85,Oil,A:\SIH26143_DATA\OFFICIAL_DATASET\PART_III_TEST\Images\Oil\00085.tif,C:\SlickTrace\outputs\part_iii_predictions\prediction_0085.tif,7,540,0.04726920549255268,816.9944444444444,1385.6,-89.0310002129192,28.881370404869212,803,1372,30,28,EPSG:4326
85,Oil,A:\SIH26143_DATA\OFFICIAL_DATASET\PART_III_TEST\Images\Oil\00085.tif,C:\SlickTrace\outputs\part_iii_predictions\prediction_0085.tif,8,1382,0.12097415183464409,37.505065123010134,1763.8979739507959,-89.10102293524453,28.847387319674066,0,1742,78,46,EPSG:4326
86,Oil,A:\SIH26143_DATA\OFFICIAL_DATASET\PART_III_TEST\Images\Oil\00086.tif,C:\SlickTrace\outputs\part_iii_predictions\prediction_0086.tif,1,20378,1.684219916883688,101.3776131121798,117.31730297379526,-119.69589794335553,34.342441951808304,0,0,294,211,EPSG:4326
86,Oil,A:\SIH26143_DATA\OFFICIAL_DATASET\PART_III_TEST\Images\Oil\00086.tif,C:\SlickTrace\outputs\part_iii_predictions\prediction_0086.tif,2,4926,0.40712863433943697,1212.03694681283,28.767762890783597,-119.59612571786421,34.350396492334134,1155,0,127,70,EPSG:4326
86,Oil,A:\SIH26143_DATA\OFFICIAL_DATASET\PART_III_TEST\Images\Oil\00086.tif,C:\SlickTrace\outputs\part_iii_predictions\prediction_0086.tif,3,658,0.05438299662918179,253.2872340425532,104.67021276595744,-119.68225166992688,34.343578059251634,235,90,38,31,EPSG:4326
86,Oil,A:\SIH26143_DATA\OFFICIAL_DATASET\PART_III_TEST\Images\Oil\00086.tif,C:\SlickTrace\outputs\part_iii_predictions\prediction_0086.tif,4,3606,0.2980320453568838,1221.5271769273434,148.71575152523573,-119.59527319598804,34.33962138118516,1178,92,90,109,EPSG:4326
86,Oil,A:\SIH26143_DATA\OFFICIAL_DATASET\PART_III_TEST\Images\Oil\00086.tif,C:\SlickTrace\outputs\part_iii_predictions\prediction_0086.tif,5,13219,1.0925362195154318,296.3985929344126,233.6112413949618,-119.67837891066571,34.33199508957488,196,147,193,175,EPSG:4326
86,Oil,A:\SIH26143_DATA\OFFICIAL_DATASET\PART_III_TEST\Images\Oil\00086.tif,C:\SlickTrace\outputs\part_iii_predictions\prediction_0086.tif,6,2564,0.21191185920550476,163.76092043681749,205.29251170046803,-119.69029395551117,34.33453900434603,121,183,88,45,EPSG:4326
86,Oil,A:\SIH26143_DATA\OFFICIAL_DATASET\PART_III_TEST\Images\Oil\00086.tif,C:\SlickTrace\outputs\part_iii_predictions\prediction_0086.tif,7,2019,0.16686819178467788,1273.709757305597,212.5304606240713,-119.59058555503618,34.33388880833165,1245,184,56,55,EPSG:4326
86,Oil,A:\SIH26143_DATA\OFFICIAL_DATASET\PART_III_TEST\Images\Oil\00086.tif,C:\SlickTrace\outputs\part_iii_predictions\prediction_0086.tif,8,3244,0.2681131323177291,1317.6763255240444,310.5123304562269,-119.58663597101409,34.325086947207964,1276,250,81,121,EPSG:4326
86,Oil,A:\SIH26143_DATA\OFFICIAL_DATASET\PART_III_TEST\Images\Oil\00086.tif,C:\SlickTrace\outputs\part_iii_predictions\prediction_0086.tif,9,11807,0.9758359288765189,86.46845091894639,327.5680528500042,-119.6972372561827,34.32355480559716,0,253,187,177,EPSG:4326
86,Oil,A:\SIH26143_DATA\OFFICIAL_DATASET\PART_III_TEST\Images\Oil\00086.tif,C:\SlickTrace\outputs\part_iii_predictions\prediction_0086.tif,10,564,0.04661399711072725,874.2695035460993,313.68971631205676,-119.62646788354066,34.32480151778018,861,302,28,25,EPSG:4326
86,Oil,A:\SIH26143_DATA\OFFICIAL_DATASET\PART_III_TEST\Images\Oil\00086.tif,C:\SlickTrace\outputs\part_iii_predictions\prediction_0086.tif,11,23858,1.9718381969286007,585.4388465085087,420.7498952133456,-119.65241398291457,34.315184138277424,379,365,475,133,EPSG:4326
86,Oil,A:\SIH26143_DATA\OFFICIAL_DATASET\PART_III_TEST\Images\Oil\00086.tif,C:\SlickTrace\outputs\part_iii_predictions\prediction_0086.tif,12,2055,0.16984355330238388,268.93430656934305,450.185401459854,-119.68084606948662,34.31253990176172,212,426,114,48,EPSG:4326
86,Oil,A:\SIH26143_DATA\OFFICIAL_DATASET\PART_III_TEST\Images\Oil\00086.tif,C:\SlickTrace\outputs\part_iii_predictions\prediction_0086.tif,13,4517,0.37332522154105496,1316.1833075049813,498.8545494797432,-119.58677009110468,34.308167877808586,1279,437,89,109,EPSG:4326
86,Oil,A:\SIH26143_DATA\OFFICIAL_DATASET\PART_III_TEST\Images\Oil\00086.tif,C:\SlickTrace\outputs\part_iii_predictions\prediction_0086.tif,14,1090,0.09008733484165374,1040.9018348623854,490.4137614678899,-119.61149904653567,34.30892612669669,1001,477,75,27,EPSG:4326
86,Oil,A:\SIH26143_DATA\OFFICIAL_DATASET\PART_III_TEST\Images\Oil\00086.tif,C:\SlickTrace\outputs\part_iii_predictions\prediction_0086.tif,15,3487,0.28819682256224455,1146.2354459420706,548.901347863493,-119.60203676725922,34.303672097417646,1100,500,92,115,EPSG:4326
86,Oil,A:\SIH26143_DATA\OFFICIAL_DATASET\PART_III_TEST\Images\Oil\00086.tif,C:\SlickTrace\outputs\part_iii_predictions\prediction_0086.tif,16,5686,0.4699418219354524,1421.433169187478,634.94231445656,-119.5773153351646,34.29594290588255,1362,566,142,130,EPSG:4326
86,Oil,A:\SIH26143_DATA\OFFICIAL_DATASET\PART_III_TEST\Images\Oil\00086.tif,C:\SlickTrace\outputs\part_iii_predictions\prediction_0086.tif,17,22672,1.8738165647063978,1451.1758556810162,724.9236062103034,-119.57464350417781,34.28785974891583,1290,632,319,169,EPSG:4326
86,Oil,A:\SIH26143_DATA\OFFICIAL_DATASET\PART_III_TEST\Images\Oil\00086.tif,C:\SlickTrace\outputs\part_iii_predictions\prediction_0086.tif,18,1214,0.10033580229152994,1230.0131795716638,706.1070840197693,-119.5945108854004,34.2895500658636,1211,675,40,59,EPSG:4326
87,Oil,A:\SIH26143_DATA\OFFICIAL_DATASET\PART_III_TEST\Images\Oil\00087.tif,C:\SlickTrace\outputs\part_iii_predictions\prediction_0087.tif,1,29774,2.798104890017354,93.24487808154765,70.3342513602472,38.13458909761776,20.072246859365258,0,0,259,202,EPSG:4326
87,Oil,A:\SIH26143_DATA\OFFICIAL_DATASET\PART_III_TEST\Images\Oil\00087.tif,C:\SlickTrace\outputs\part_iii_predictions\prediction_0087.tif,2,457835,43.026477877379435,314.66925202310875,972.476549411906,38.15447998755659,19.991206037886204,0,269,842,1741,EPSG:4326
87,Oil,A:\SIH26143_DATA\OFFICIAL_DATASET\PART_III_TEST\Images\Oil\00087.tif,C:\SlickTrace\outputs\part_iii_predictions\prediction_0087.tif,3,1175,0.11042430462048737,267.8263829787234,671.2561702127659,38.150272021035136,20.01826512493849,239,652,54,41,EPSG:4326
88,Oil,A:\SIH26143_DATA\OFFICIAL_DATASET\PART_III_TEST\Images\Oil\00088.tif,C:\SlickTrace\outputs\part_iii_predictions\prediction_0088.tif,1,13486,1.2198238512980657,1805.3695684413465,251.01920510158683,54.35470751706644,25.31301494944773,1499,226,549,51,EPSG:4326
88,Oil,A:\SIH26143_DATA\OFFICIAL_DATASET\PART_III_TEST\Images\Oil\00088.tif,C:\SlickTrace\outputs\part_iii_predictions\prediction_0088.tif,2,1026,0.09280285269403941,1060.2056530214425,248.09649122807016,54.287768303626834,25.3132775013021,1018,240,81,21,EPSG:4326
88,Oil,A:\SIH26143_DATA\OFFICIAL_DATASET\PART_III_TEST\Images\Oil\00088.tif,C:\SlickTrace\outputs\part_iii_predictions\prediction_0088.tif,3,2636,0.23842916150242482,1221.3076631259485,250.046282245827,54.30224034342476,25.313102348594892,1120,241,213,20,EPSG:4326
88,Oil,A:\SIH26143_DATA\OFFICIAL_DATASET\PART_III_TEST\Images\Oil\00088.tif,C:\SlickTrace\outputs\part_iii_predictions\prediction_0088.tif,4,1584,0.14327457959781523,1419.1306818181818,249.01388888888889,54.32001108754895,25.313195090068067,1353,241,134,21,EPSG:4326
89,Oil,A:\SIH26143_DATA\OFFICIAL_DATASET\PART_III_TEST\Images\Oil\00089.tif,C:\SlickTrace\outputs\part_iii_predictions\prediction_0089.tif,1,30305,2.7331920458611374,418.29503382280154,989.5468734532255,54.406713276458255,25.59593686269086,304,885,258,250,EPSG:4326
89,Oil,A:\SIH26143_DATA\OFFICIAL_DATASET\PART_III_TEST\Images\Oil\00089.tif,C:\SlickTrace\outputs\part_iii_predictions\prediction_0089.tif,2,1042,0.09397743315582595,781.7946257197697,1105.130518234165,54.43936700037548,25.585553807220762,764,1086,37,40,EPSG:4326
89,Oil,A:\SIH26143_DATA\OFFICIAL_DATASET\PART_III_TEST\Images\Oil\00089.tif,C:\SlickTrace\outputs\part_iii_predictions\prediction_0089.tif,3,1417,0.12779848635489957,598.1891319689485,1133.03105151729,54.42287343824702,25.583047459672432,562,1113,71,39,EPSG:4326
89,Oil,A:\SIH26143_DATA\OFFICIAL_DATASET\PART_III_TEST\Images\Oil\00089.tif,C:\SlickTrace\outputs\part_iii_predictions\prediction_0089.tif,4,64658,5.831471087321875,889.3347458937795,1221.1988307711342,54.44902749373632,25.57512721330537,516,1118,748,188,EPSG:4326
90,Oil,A:\SIH26143_DATA\OFFICIAL_DATASET\PART_III_TEST\Images\Oil\00090.tif,C:\SlickTrace\outputs\part_iii_predictions\prediction_0090.tif,1,2618,0.24787821679317362,978.6218487394958,13.813216195569137,39.6354861010679,18.86140556768027,923,0,111,39,EPSG:4326
90,Oil,A:\SIH26143_DATA\OFFICIAL_DATASET\PART_III_TEST\Images\Oil\00090.tif,C:\SlickTrace\outputs\part_iii_predictions\prediction_0090.tif,2,2812,0.26624657968770216,879.6664295874822,58.71479374110953,39.62659678452083,18.857371990341246,853,24,57,69,EPSG:4326
90,Oil,A:\SIH26143_DATA\OFFICIAL_DATASET\PART_III_TEST\Images\Oil\00090.tif,C:\SlickTrace\outputs\part_iii_predictions\prediction_0090.tif,3,20274,1.9195886047611925,661.2348327907665,288.21673078820163,39.60697474032712,18.8367554805628,534,149,282,278,EPSG:4326
90,Oil,A:\SIH26143_DATA\OFFICIAL_DATASET\PART_III_TEST\Images\Oil\00090.tif,C:\SlickTrace\outputs\part_iii_predictions\prediction_0090.tif,4,44687,4.2310671786999805,235.41698928099896,602.6744243292233,39.56872287261955,18.808507265331116,0,396,531,389,EPSG:4326
91,Oil,A:\SIH26143_DATA\OFFICIAL_DATASET\PART_III_TEST\Images\Oil\00091.tif,C:\SlickTrace\outputs\part_iii_predictions\prediction_0091.tif,1,43742,3.828979857331235,1092.993781720086,1336.0063783091766,-89.0047655993127,28.8858487388632,785,811,669,1061,EPSG:4326
91,Oil,A:\SIH26143_DATA\OFFICIAL_DATASET\PART_III_TEST\Images\Oil\00091.tif,C:\SlickTrace\outputs\part_iii_predictions\prediction_0091.tif,2,635,0.05558507177096004,804.8346456692914,2029.2944881889764,-89.03065137493002,28.823569608322863,787,2012,34,35,EPSG:4326
92,Oil,A:\SIH26143_DATA\OFFICIAL_DATASET\PART_III_TEST\Images\Oil\00092.tif,C:\SlickTrace\outputs\part_iii_predictions\prediction_0092.tif,1,215140,19.431599457563532,1200.6545040438784,1234.3162312912523,54.653602608293674,25.39931636593502,161,456,1887,1564,EPSG:4326
93,Oil,A:\SIH26143_DATA\OFFICIAL_DATASET\PART_III_TEST\Images\Oil\00093.tif,C:\SlickTrace\outputs\part_iii_predictions\prediction_0093.tif,1,11849,1.1062441295938923,499.98168621824624,448.59059836273104,38.88326303085415,21.047025958051467,425,314,169,239,EPSG:4326
93,Oil,A:\SIH26143_DATA\OFFICIAL_DATASET\PART_III_TEST\Images\Oil\00093.tif,C:\SlickTrace\outputs\part_iii_predictions\prediction_0093.tif,2,581,0.05424321371373546,130.1944922547332,335.76764199655764,38.85004448203324,21.057161016661798,111,317,35,37,EPSG:4326
93,Oil,A:\SIH26143_DATA\OFFICIAL_DATASET\PART_III_TEST\Images\Oil\00093.tif,C:\SlickTrace\outputs\part_iii_predictions\prediction_0093.tif,3,1059,0.09887016062451953,577.0028328611897,392.2389046270066,38.89018195817712,21.05208811682835,553,372,50,45,EPSG:4326
93,Oil,A:\SIH26143_DATA\OFFICIAL_DATASET\PART_III_TEST\Images\Oil\00093.tif,C:\SlickTrace\outputs\part_iii_predictions\prediction_0093.tif,4,629,0.058724580767538045,389.060413354531,407.7329093799682,38.873298803379406,21.05069626670017,373,393,32,30,EPSG:4326
93,Oil,A:\SIH26143_DATA\OFFICIAL_DATASET\PART_III_TEST\Images\Oil\00093.tif,C:\SlickTrace\outputs\part_iii_predictions\prediction_0093.tif,5,4222,0.3941735771073857,661.7153008053056,462.53292278540977,38.897791808648094,21.045773497738963,615,396,86,114,EPSG:4326
93,Oil,A:\SIH26143_DATA\OFFICIAL_DATASET\PART_III_TEST\Images\Oil\00093.tif,C:\SlickTrace\outputs\part_iii_predictions\prediction_0093.tif,6,692,0.06460637502565393,264.08670520231215,414.3670520231214,38.862072224164784,21.050100311526833,245,403,41,24,EPSG:4326
93,Oil,A:\SIH26143_DATA\OFFICIAL_DATASET\PART_III_TEST\Images\Oil\00093.tif,C:\SlickTrace\outputs\part_iii_predictions\prediction_0093.tif,7,752,0.07020808384290717,601.031914893617,435.7593085106383,38.892340527342434,21.04817861243038,589,407,23,61,EPSG:4326
93,Oil,A:\SIH26143_DATA\OFFICIAL_DATASET\PART_III_TEST\Images\Oil\00093.tif,C:\SlickTrace\outputs\part_iii_predictions\prediction_0093.tif,8,580,0.05414985190011457,553.3689655172413,429.38448275862066,38.888058891751335,21.048751272771042,536,416,39,27,EPSG:4326
93,Oil,A:\SIH26143_DATA\OFFICIAL_DATASET\PART_III_TEST\Images\Oil\00093.tif,C:\SlickTrace\outputs\part_iii_predictions\prediction_0093.tif,9,993,0.09270828092554098,324.5840886203424,483.527693856999,38.86750679658215,21.043887505364943,303,467,45,34,EPSG:4326
93,Oil,A:\SIH26143_DATA\OFFICIAL_DATASET\PART_III_TEST\Images\Oil\00093.tif,C:\SlickTrace\outputs\part_iii_predictions\prediction_0093.tif,10,812,0.0758097926601604,648.570197044335,531.0775862068965,38.89661096388611,21.039616025859328,627,517,42,32,EPSG:4326
93,Oil,A:\SIH26143_DATA\OFFICIAL_DATASET\PART_III_TEST\Images\Oil\00093.tif,C:\SlickTrace\outputs\part_iii_predictions\prediction_0093.tif,11,6815,0.6362607598263462,700.4909757887013,626.0633895818048,38.90127508679706,21.031083305964724,626,537,137,199,EPSG:4326
93,Oil,A:\SIH26143_DATA\OFFICIAL_DATASET\PART_III_TEST\Images\Oil\00093.tif,C:\SlickTrace\outputs\part_iii_predictions\prediction_0093.tif,12,590,0.05508347003632344,450.6728813559322,572.2610169491526,38.8788335455492,21.035916455330504,440,553,22,41,EPSG:4326
93,Oil,A:\SIH26143_DATA\OFFICIAL_DATASET\PART_III_TEST\Images\Oil\00093.tif,C:\SlickTrace\outputs\part_iii_predictions\prediction_0093.tif,13,799,0.07459608908308886,409.4355444305382,615.566958698373,38.87512913254555,21.032026216393852,387,601,42,37,EPSG:4326
93,Oil,A:\SIH26143_DATA\OFFICIAL_DATASET\PART_III_TEST\Images\Oil\00093.tif,C:\SlickTrace\outputs\part_iii_predictions\prediction_0093.tif,14,718,0.067033782179797,486.4317548746518,624.8036211699165,38.88204581981168,21.03119647288661,473,603,28,47,EPSG:4326
93,Oil,A:\SIH26143_DATA\OFFICIAL_DATASET\PART_III_TEST\Images\Oil\00093.tif,C:\SlickTrace\outputs\part_iii_predictions\prediction_0093.tif,15,799,0.07459608908308886,386.93617021276594,648.2653316645807,38.87310797937126,21.029088871573713,373,628,29,41,EPSG:4326
93,Oil,A:\SIH26143_DATA\OFFICIAL_DATASET\PART_III_TEST\Images\Oil\00093.tif,C:\SlickTrace\outputs\part_iii_predictions\prediction_0093.tif,16,1488,0.13892237866788015,333.1444892473118,672.4926075268817,38.868275790454284,21.026912498353745,305,634,53,72,EPSG:4326
93,Oil,A:\SIH26143_DATA\OFFICIAL_DATASET\PART_III_TEST\Images\Oil\00093.tif,C:\SlickTrace\outputs\part_iii_predictions\prediction_0093.tif,17,7045,0.6577339769591503,464.12604684173175,758.4797728885735,38.88004206396677,21.019188139865495,424,680,96,170,EPSG:4326
93,Oil,A:\SIH26143_DATA\OFFICIAL_DATASET\PART_III_TEST\Images\Oil\00093.tif,C:\SlickTrace\outputs\part_iii_predictions\prediction_0093.tif,18,844,0.0787973706960288,669.6208530805687,798.9549763033175,38.89850197649192,21.015552190479962,659,769,23,59,EPSG:4326
93,Oil,A:\SIH26143_DATA\OFFICIAL_DATASET\PART_III_TEST\Images\Oil\00093.tif,C:\SlickTrace\outputs\part_iii_predictions\prediction_0093.tif,19,1076,0.10045731145607462,713.2592936802974,839.9265799256506,38.90242208430851,21.01187164870508,693,813,45,54,EPSG:4326
93,Oil,A:\SIH26143_DATA\OFFICIAL_DATASET\PART_III_TEST\Images\Oil\00093.tif,C:\SlickTrace\outputs\part_iii_predictions\prediction_0093.tif,20,4813,0.44935040895733,443.82152503635984,909.9418242260545,38.87821807773932,21.00558207229744,399,857,90,133,EPSG:4326
93,Oil,A:\SIH26143_DATA\OFFICIAL_DATASET\PART_III_TEST\Images\Oil\00093.tif,C:\SlickTrace\outputs\part_iii_predictions\prediction_0093.tif,21,797,0.07440936545584709,668.9096612296111,880.577164366374,38.89843808904096,21.00821994457393,654,865,33,32,EPSG:4326
93,Oil,A:\SIH26143_DATA\OFFICIAL_DATASET\PART_III_TEST\Images\Oil\00093.tif,C:\SlickTrace\outputs\part_iii_predictions\prediction_0093.tif,22,685,0.06395284233030772,505.03795620437955,898.0861313868613,38.88371724331507,21.006647087305566,489,882,32,34,EPSG:4326
93,Oil,A:\SIH26143_DATA\OFFICIAL_DATASET\PART_III_TEST\Images\Oil\00093.tif,C:\SlickTrace\outputs\part_iii_predictions\prediction_0093.tif,23,621,0.05797768625857094,386.3365539452496,907.658615136876,38.87305411492549,21.005787176459602,376,891,23,40,EPSG:4326
93,Oil,A:\SIH26143_DATA\OFFICIAL_DATASET\PART_III_TEST\Images\Oil\00093.tif,C:\SlickTrace\outputs\part_iii_predictions\prediction_0093.tif,24,1168,0.10904659830919625,728.6900684931506,927.513698630137,38.90380825439453,21.004003563962655,699,911,59,40,EPSG:4326
93,Oil,A:\SIH26143_DATA\OFFICIAL_DATASET\PART_III_TEST\Images\Oil\00093.tif,C:\SlickTrace\outputs\part_iii_predictions\prediction_0093.tif,25,564,0.052656062882180374,835.6666666666666,938.8421985815603,38.91341812571277,21.002985907497404,817,929,39,21,EPSG:4326
93,Oil,A:\SIH26143_DATA\OFFICIAL_DATASET\PART_III_TEST\Images\Oil\00093.tif,C:\SlickTrace\outputs\part_iii_predictions\prediction_0093.tif,26,569,0.05312287195028481,785.7504393673111,957.9929701230228,38.908934074721905,21.00126556441957,775,939,25,35,EPSG:4326
93,Oil,A:\SIH26143_DATA\OFFICIAL_DATASET\PART_III_TEST\Images\Oil\00093.tif,C:\SlickTrace\outputs\part_iii_predictions\prediction_0093.tif,27,2700,0.25207689677639544,518.0985185185185,983.6174074074074,38.884890493589666,20.998963682053617,482,948,64,83,EPSG:4326
93,Oil,A:\SIH26143_DATA\OFFICIAL_DATASET\PART_III_TEST\Images\Oil\00093.tif,C:\SlickTrace\outputs\part_iii_predictions\prediction_0093.tif,28,1578,0.14732494189376,440.13941698352346,992.6343472750317,38.87788730834516,20.998153676563707,417,964,49,59,EPSG:4326
93,Oil,A:\SIH26143_DATA\OFFICIAL_DATASET\PART_III_TEST\Images\Oil\00093.tif,C:\SlickTrace\outputs\part_iii_predictions\prediction_0093.tif,29,2613,0.24395441899137824,849.726368159204,1053.0968235744356,38.91468113018686,20.99272223990616,818,998,71,101,EPSG:4326
93,Oil,A:\SIH26143_DATA\OFFICIAL_DATASET\PART_III_TEST\Images\Oil\00093.tif,C:\SlickTrace\outputs\part_iii_predictions\prediction_0093.tif,30,504,0.04705435406492715,718.8670634920635,1016.515873015873,38.90292583884168,20.9960083626056,707,1003,26,29,EPSG:4326
93,Oil,A:\SIH26143_DATA\OFFICIAL_DATASET\PART_III_TEST\Images\Oil\00093.tif,C:\SlickTrace\outputs\part_iii_predictions\prediction_0093.tif,31,565,0.05274942469580126,689.8159292035398,1022.178761061947,38.900316131046445,20.995499656717193,680,1004,22,38,EPSG:4326
93,Oil,A:\SIH26143_DATA\OFFICIAL_DATASET\PART_III_TEST\Images\Oil\00093.tif,C:\SlickTrace\outputs\part_iii_predictions\prediction_0093.tif,32,874,0.0815982251046554,750.4336384439359,1037.2231121281463,38.90576151251634,20.994148199666952,732,1024,45,37,EPSG:4326
93,Oil,A:\SIH26143_DATA\OFFICIAL_DATASET\PART_III_TEST\Images\Oil\00093.tif,C:\SlickTrace\outputs\part_iii_predictions\prediction_0093.tif,33,1346,0.12566500113371415,508.49851411589896,1062.4546805349182,38.88402811052142,20.991881609312742,483,1039,56,45,EPSG:4326
93,Oil,A:\SIH26143_DATA\OFFICIAL_DATASET\PART_III_TEST\Images\Oil\00093.tif,C:\SlickTrace\outputs\part_iii_predictions\prediction_0093.tif,34,1242,0.11595537251714189,707.7745571658616,1096.4983896940419,38.90192938204448,20.988823410886166,690,1070,47,55,EPSG:4326
93,Oil,A:\SIH26143_DATA\OFFICIAL_DATASET\PART_III_TEST\Images\Oil\00093.tif,C:\SlickTrace\outputs\part_iii_predictions\prediction_0093.tif,35,948,0.08850699931260106,837.870253164557,1119.8786919831223,38.91361607725586,20.986723122596803,825,1098,27,50,EPSG:4326
93,Oil,A:\SIH26143_DATA\OFFICIAL_DATASET\PART_III_TEST\Images\Oil\00093.tif,C:\SlickTrace\outputs\part_iii_predictions\prediction_0093.tif,36,682,0.06367275688944507,873.0117302052786,1153.1495601173021,38.916772889849085,20.98373434966072,859,1138,29,31,EPSG:4326
93,Oil,A:\SIH26143_DATA\OFFICIAL_DATASET\PART_III_TEST\Images\Oil\00093.tif,C:\SlickTrace\outputs\part_iii_predictions\prediction_0093.tif,37,1006,0.09392198450261252,715.4681908548707,1200.1421471172962,38.90262051291781,20.979512933746477,696,1174,41,52,EPSG:4326
93,Oil,A:\SIH26143_DATA\OFFICIAL_DATASET\PART_III_TEST\Images\Oil\00093.tif,C:\SlickTrace\outputs\part_iii_predictions\prediction_0093.tif,38,618,0.057697600817708285,884.7411003236246,1232.3770226537217,38.91782655709412,20.97661722560887,869,1220,33,32,EPSG:4326
93,Oil,A:\SIH26143_DATA\OFFICIAL_DATASET\PART_III_TEST\Images\Oil\00093.tif,C:\SlickTrace\outputs\part_iii_predictions\prediction_0093.tif,39,975,0.09102776828036502,846.6953846153846,1348.3805128205129,38.91440885230253,20.966196454786065,823,1330,54,35,EPSG:4326
93,Oil,A:\SIH26143_DATA\OFFICIAL_DATASET\PART_III_TEST\Images\Oil\00093.tif,C:\SlickTrace\outputs\part_iii_predictions\prediction_0093.tif,40,3659,0.34161087603882623,862.2279311287236,1500.17354468434,38.91580416469595,20.952560654731453,806,1453,105,88,EPSG:4326
93,Oil,A:\SIH26143_DATA\OFFICIAL_DATASET\PART_III_TEST\Images\Oil\00093.tif,C:\SlickTrace\outputs\part_iii_predictions\prediction_0093.tif,41,896,0.08365218500431493,771.5390625,1521.033482142857,38.90765744501708,20.950686774666977,758,1495,32,50,EPSG:4326
93,Oil,A:\SIH26143_DATA\OFFICIAL_DATASET\PART_III_TEST\Images\Oil\00093.tif,C:\SlickTrace\outputs\part_iii_predictions\prediction_0093.tif,42,8687,0.8110340749246471,916.8577184298376,1620.3300333832162,38.920711641986024,20.941766813703023,836,1546,138,174,EPSG:4326
93,Oil,A:\SIH26143_DATA\OFFICIAL_DATASET\PART_III_TEST\Images\Oil\00093.tif,C:\SlickTrace\outputs\part_iii_predictions\prediction_0093.tif,43,1269,0.11847614148490584,761.7029156816391,1625.0520094562648,38.9067738489147,20.941342631375253,745,1601,37,55,EPSG:4326
93,Oil,A:\SIH26143_DATA\OFFICIAL_DATASET\PART_III_TEST\Images\Oil\00093.tif,C:\SlickTrace\outputs\part_iii_predictions\prediction_0093.tif,44,949,0.08860036112622194,835.813487881981,1625.918861959958,38.91343131488694,20.94126476068994,818,1609,36,37,EPSG:4326
93,Oil,A:\SIH26143_DATA\OFFICIAL_DATASET\PART_III_TEST\Images\Oil\00093.tif,C:\SlickTrace\outputs\part_iii_predictions\prediction_0093.tif,45,667,0.06227232968513176,882.7946026986507,1646.0029985007495,38.91765170023742,20.939460572007647,871,1630,26,34,EPSG:4326
93,Oil,A:\SIH26143_DATA\OFFICIAL_DATASET\PART_III_TEST\Images\Oil\00093.tif,C:\SlickTrace\outputs\part_iii_predictions\prediction_0093.tif,46,696,0.06497982228013749,846.985632183908,1666.1896551724137,38.91443492568522,20.937647173785304,822,1650,48,35,EPSG:4326
93,Oil,A:\SIH26143_DATA\OFFICIAL_DATASET\PART_III_TEST\Images\Oil\00093.tif,C:\SlickTrace\outputs\part_iii_predictions\prediction_0093.tif,47,828,0.07730358167809459,928.7572463768116,1791.6074879227053,38.92178059476888,20.92638069817923,909,1778,40,33,EPSG:4326
93,Oil,A:\SIH26143_DATA\OFFICIAL_DATASET\PART_III_TEST\Images\Oil\00093.tif,C:\SlickTrace\outputs\part_iii_predictions\prediction_0093.tif,48,3453,0.32237834243292346,772.3066898349261,1846.1120764552563,38.90772640215383,20.921484467685886,728,1803,102,100,EPSG:4326
93,Oil,A:\SIH26143_DATA\OFFICIAL_DATASET\PART_III_TEST\Images\Oil\00093.tif,C:\SlickTrace\outputs\part_iii_predictions\prediction_0093.tif,49,837,0.07814383800068259,941.4850657108722,1846.1696535244923,38.92292395423301,20.921479295449757,920,1822,43,46,EPSG:4326
93,Oil,A:\SIH26143_DATA\OFFICIAL_DATASET\PART_III_TEST\Images\Oil\00093.tif,C:\SlickTrace\outputs\part_iii_predictions\prediction_0093.tif,50,575,0.053683042832010135,775.1443478260869,1905.3373913043479,38.907981313308284,20.916164167132315,759,1888,35,36,EPSG:4326
94,Oil,A:\SIH26143_DATA\OFFICIAL_DATASET\PART_III_TEST\Images\Oil\00094.tif,C:\SlickTrace\outputs\part_iii_predictions\prediction_0094.tif,1,89059,8.884673808827893,587.6305482882134,770.8279679762854,116.52434632377825,-3.9414184790497653,0,0,1071,1736,EPSG:4326
95,Oil,A:\SIH26143_DATA\OFFICIAL_DATASET\PART_III_TEST\Images\Oil\00095.tif,C:\SlickTrace\outputs\part_iii_predictions\prediction_0095.tif,1,10781,0.7846367365623735,195.62109266301826,371.2585103422688,9.36542919731887,43.357261405827735,0,332,419,65,EPSG:4326
95,Oil,A:\SIH26143_DATA\OFFICIAL_DATASET\PART_III_TEST\Images\Oil\00095.tif,C:\SlickTrace\outputs\part_iii_predictions\prediction_0095.tif,2,35129,2.5566741414246934,1300.6719519485325,444.6131970736429,9.464697604981428,43.35067184220248,882,386,791,109,EPSG:4326
95,Oil,A:\SIH26143_DATA\OFFICIAL_DATASET\PART_III_TEST\Images\Oil\00095.tif,C:\SlickTrace\outputs\part_iii_predictions\prediction_0095.tif,3,25838,1.8804789907521202,496.881337564827,467.58057899218204,9.392491865568157,43.348608647181116,163,431,738,78,EPSG:4326
95,Oil,A:\SIH26143_DATA\OFFICIAL_DATASET\PART_III_TEST\Images\Oil\00095.tif,C:\SlickTrace\outputs\part_iii_predictions\prediction_0095.tif,4,7583,0.5518876146324533,1323.741922721878,505.0745087696163,9.466770015716417,43.34524051016304,1150,488,334,36,EPSG:4326
95,Oil,A:\SIH26143_DATA\OFFICIAL_DATASET\PART_III_TEST\Images\Oil\00095.tif,C:\SlickTrace\outputs\part_iii_predictions\prediction_0095.tif,5,17782,1.2941666310687439,350.83584523675626,647.6351928916882,9.37937237577465,43.3324340660169,209,567,341,180,EPSG:4326
95,Oil,A:\SIH26143_DATA\OFFICIAL_DATASET\PART_III_TEST\Images\Oil\00095.tif,C:\SlickTrace\outputs\part_iii_predictions\prediction_0095.tif,6,610,0.04439554858575716,1876.693442622951,983.5065573770491,9.516442495886842,43.30226222799537,1861,972,32,24,EPSG:4326
95,Oil,A:\SIH26143_DATA\OFFICIAL_DATASET\PART_III_TEST\Images\Oil\00095.tif,C:\SlickTrace\outputs\part_iii_predictions\prediction_0095.tif,7,6566,0.4778707737935762,1973.74246116357,1026.2471824550717,9.525160557553226,43.29842277231933,1906,985,142,97,EPSG:4326
96,Oil,A:\SIH26143_DATA\OFFICIAL_DATASET\PART_III_TEST\Images\Oil\00096.tif,C:\SlickTrace\outputs\part_iii_predictions\prediction_0096.tif,1,99872,8.742526429843968,132.35012816404998,302.7699054790131,-89.1092039634021,28.976573173725328,0,0,362,539,EPSG:4326
96,Oil,A:\SIH26143_DATA\OFFICIAL_DATASET\PART_III_TEST\Images\Oil\00096.tif,C:\SlickTrace\outputs\part_iii_predictions\prediction_0096.tif,2,891,0.07799574504356552,219.26374859708193,162.76430976430976,-89.10139638003878,28.989150090374604,200,141,38,44,EPSG:4326
96,Oil,A:\SIH26143_DATA\OFFICIAL_DATASET\PART_III_TEST\Images\Oil\00096.tif,C:\SlickTrace\outputs\part_iii_predictions\prediction_0096.tif,3,854,0.07475686449742419,394.8372365339578,365.3290398126464,-89.08562434526878,28.97095339107201,374,352,46,29,EPSG:4326
96,Oil,A:\SIH26143_DATA\OFFICIAL_DATASET\PART_III_TEST\Images\Oil\00096.tif,C:\SlickTrace\outputs\part_iii_predictions\prediction_0096.tif,4,2588,0.2265465636057773,144.98686244204018,601.4227202472952,-89.10806878624777,28.949744734910162,113,567,65,67,EPSG:4326
96,Oil,A:\SIH26143_DATA\OFFICIAL_DATASET\PART_III_TEST\Images\Oil\00096.tif,C:\SlickTrace\outputs\part_iii_predictions\prediction_0096.tif,5,659,0.05768708864613881,129.66616084977238,751.1335356600911,-89.10944506828814,28.93629598354183,116,735,30,32,EPSG:4326
96,Oil,A:\SIH26143_DATA\OFFICIAL_DATASET\PART_III_TEST\Images\Oil\00096.tif,C:\SlickTrace\outputs\part_iii_predictions\prediction_0096.tif,6,161468,14.13447470336076,951.5516015557262,1242.2624606733223,-89.03561384297,28.89217712156057,0,750,1695,947,EPSG:4326
96,Oil,A:\SIH26143_DATA\OFFICIAL_DATASET\PART_III_TEST\Images\Oil\00096.tif,C:\SlickTrace\outputs\part_iii_predictions\prediction_0096.tif,7,3351,0.293337532705935,335.2193375111907,802.1357803640705,-89.09097991225872,28.93171437394763,301,763,83,72,EPSG:4326
97,Oil,A:\SIH26143_DATA\OFFICIAL_DATASET\PART_III_TEST\Images\Oil\00097.tif,C:\SlickTrace\outputs\part_iii_predictions\prediction_0097.tif,1,176489,17.610620905753073,1448.0065669815117,1092.129974106035,116.60163521654646,-3.7883726843080248,971,0,997,2048,EPSG:4326
98,Oil,A:\SIH26143_DATA\OFFICIAL_DATASET\PART_III_TEST\Images\Oil\00098.tif,C:\SlickTrace\outputs\part_iii_predictions\prediction_0098.tif,1,81603,8.064935960928391,1140.3860887467372,974.2686053208828,114.15718891771137,-8.766934361013185,0,756,2048,398,EPSG:4326
99,Oil,A:\SIH26143_DATA\OFFICIAL_DATASET\PART_III_TEST\Images\Oil\00099.tif,C:\SlickTrace\outputs\part_iii_predictions\prediction_0099.tif,1,1630,0.1621061634954652,313.74233128834356,1279.898773006135,107.50821379708925,-6.031014391676873,286,1248,54,69,EPSG:4326
99,Oil,A:\SIH26143_DATA\OFFICIAL_DATASET\PART_III_TEST\Images\Oil\00099.tif,C:\SlickTrace\outputs\part_iii_predictions\prediction_0099.tif,2,2600,0.2585742485203739,366.9853846153846,1350.2326923076923,107.51299670194695,-6.037332595146935,326,1329,79,47,EPSG:4326
99,Oil,A:\SIH26143_DATA\OFFICIAL_DATASET\PART_III_TEST\Images\Oil\00099.tif,C:\SlickTrace\outputs\part_iii_predictions\prediction_0099.tif,3,8011,0.7967070403448906,473.7379852702534,1540.002371738859,107.52258645122572,-6.054379895496483,402,1478,157,133,EPSG:4326
99,Oil,A:\SIH26143_DATA\OFFICIAL_DATASET\PART_III_TEST\Images\Oil\00099.tif,C:\SlickTrace\outputs\part_iii_predictions\prediction_0099.tif,4,795,0.07906404906680664,586.4125786163522,1616.2566037735849,107.5327081821592,-6.061229929708042,569,1604,37,27,EPSG:4326
99,Oil,A:\SIH26143_DATA\OFFICIAL_DATASET\PART_III_TEST\Images\Oil\00099.tif,C:\SlickTrace\outputs\part_iii_predictions\prediction_0099.tif,5,990,0.09845711770583469,621.6969696969697,1727.550505050505,107.53587783293905,-6.071227630962677,600,1712,45,32,EPSG:4326
99,Oil,A:\SIH26143_DATA\OFFICIAL_DATASET\PART_III_TEST\Images\Oil\00099.tif,C:\SlickTrace\outputs\part_iii_predictions\prediction_0099.tif,6,553,0.05499675362760261,722.8499095840868,1779.74321880651,107.54496455613247,-6.075916182211346,711,1766,25,30,EPSG:4326
99,Oil,A:\SIH26143_DATA\OFFICIAL_DATASET\PART_III_TEST\Images\Oil\00099.tif,C:\SlickTrace\outputs\part_iii_predictions\prediction_0099.tif,7,1264,0.12570686543452025,878.2943037974684,1800.25,107.55892836364772,-6.077758337708767,855,1784,47,35,EPSG:4326
99,Oil,A:\SIH26143_DATA\OFFICIAL_DATASET\PART_III_TEST\Images\Oil\00099.tif,C:\SlickTrace\outputs\part_iii_predictions\prediction_0099.tif,8,62783,6.243871940328706,1080.3744803529619,1929.7016071229473,107.57708153476946,-6.089387173432005,578,1808,1061,196,EPSG:4326
99,Oil,A:\SIH26143_DATA\OFFICIAL_DATASET\PART_III_TEST\Images\Oil\00099.tif,C:\SlickTrace\outputs\part_iii_predictions\prediction_0099.tif,9,837,0.08324101769675114,758.1373954599761,1821.3990442054958,107.54813448492251,-6.079658188674198,732,1810,51,25,EPSG:4326
100,Oil,A:\SIH26143_DATA\OFFICIAL_DATASET\PART_III_TEST\Images\Oil\00100.tif,C:\SlickTrace\outputs\part_iii_predictions\prediction_0100.tif,1,212530,18.60393135581483,962.9548346115843,184.76445678257187,-88.65338975054064,28.989256835876038,0,0,2048,435,EPSG:4326
100,Oil,A:\SIH26143_DATA\OFFICIAL_DATASET\PART_III_TEST\Images\Oil\00100.tif,C:\SlickTrace\outputs\part_iii_predictions\prediction_0100.tif,2,2489,0.21787599465780413,57.867014865407796,112.21815990357574,-88.73469517273548,28.995773780605305,0,88,103,49,EPSG:4326
100,Oil,A:\SIH26143_DATA\OFFICIAL_DATASET\PART_III_TEST\Images\Oil\00100.tif,C:\SlickTrace\outputs\part_iii_predictions\prediction_0100.tif,3,2138,0.18715101509778434,227.68147801683816,140.49485500467728,-88.71944047996413,28.993233641865935,183,123,92,38,EPSG:4326
101,Oil,A:\SIH26143_DATA\OFFICIAL_DATASET\PART_III_TEST\Images\Oil\00101.tif,C:\SlickTrace\outputs\part_iii_predictions\prediction_0101.tif,1,18924,1.7917675227631846,1945.0360917353626,783.5039632213063,39.54667993154993,18.79226307147041,1838,638,210,282,EPSG:4326
101,Oil,A:\SIH26143_DATA\OFFICIAL_DATASET\PART_III_TEST\Images\Oil\00101.tif,C:\SlickTrace\outputs\part_iii_predictions\prediction_0101.tif,2,55383,5.243788877256049,252.9641586768503,1027.6472022100645,39.394678523620314,18.770331311160607,0,769,504,454,EPSG:4326
101,Oil,A:\SIH26143_DATA\OFFICIAL_DATASET\PART_III_TEST\Images\Oil\00101.tif,C:\SlickTrace\outputs\part_iii_predictions\prediction_0101.tif,3,68148,6.452408219259433,1547.4180606914363,1079.865836121383,39.5109612960971,18.765640431464767,1213,939,661,314,EPSG:4326
101,Oil,A:\SIH26143_DATA\OFFICIAL_DATASET\PART_III_TEST\Images\Oil\00101.tif,C:\SlickTrace\outputs\part_iii_predictions\prediction_0101.tif,4,59825,5.664367578170975,833.4255913079816,1218.0064688675302,39.44682226129776,18.753231047289386,537,997,651,382,EPSG:4326
102,Oil,A:\SIH26143_DATA\OFFICIAL_DATASET\PART_III_TEST\Images\Oil\00102.tif,C:\SlickTrace\outputs\part_iii_predictions\prediction_0102.tif,1,39769,2.895360728271356,361.89421408634865,973.8383162764968,9.376088642435047,43.28234395955477,222,760,353,416,EPSG:4326
102,Oil,A:\SIH26143_DATA\OFFICIAL_DATASET\PART_III_TEST\Images\Oil\00102.tif,C:\SlickTrace\outputs\part_iii_predictions\prediction_0102.tif,2,819,0.05962685600478364,537.4310134310134,949.0451770451771,9.39185738141272,43.284571165146055,519,934,39,30,EPSG:4326
102,Oil,A:\SIH26143_DATA\OFFICIAL_DATASET\PART_III_TEST\Images\Oil\00102.tif,C:\SlickTrace\outputs\part_iii_predictions\prediction_0102.tif,3,955,0.06952826310692109,431.0041884816754,978.6261780104712,9.38229689706349,43.281913858617386,400,964,63,32,EPSG:4326
102,Oil,A:\SIH26143_DATA\OFFICIAL_DATASET\PART_III_TEST\Images\Oil\00102.tif,C:\SlickTrace\outputs\part_iii_predictions\prediction_0102.tif,4,1743,0.12689818072812928,610.6219162363741,1191.6224899598394,9.398432232077576,43.26278007436887,583,1166,63,50,EPSG:4326
102,Oil,A:\SIH26143_DATA\OFFICIAL_DATASET\PART_III_TEST\Images\Oil\00102.tif,C:\SlickTrace\outputs\part_iii_predictions\prediction_0102.tif,5,29635,2.157560290234143,1097.3311624768012,1317.2793318710983,9.442154067559583,43.25149212820456,658,1193,768,188,EPSG:4326
103,Oil,A:\SIH26143_DATA\OFFICIAL_DATASET\PART_III_TEST\Images\Oil\00103.tif,C:\SlickTrace\outputs\part_iii_predictions\prediction_0103.tif,1,102884,9.010833517608521,1563.8987889273355,1001.1531530655884,-89.08603932386704,28.860289507367124,889,648,1158,800,EPSG:4326
104,Oil,A:\SIH26143_DATA\OFFICIAL_DATASET\PART_III_TEST\Images\Oil\00104.tif,C:\SlickTrace\outputs\part_iii_predictions\prediction_0104.tif,1,1116,0.10065147134787086,770.681899641577,257.2876344086022,54.628621886602886,25.66169659228802,753,232,40,49,EPSG:4326
104,Oil,A:\SIH26143_DATA\OFFICIAL_DATASET\PART_III_TEST\Images\Oil\00104.tif,C:\SlickTrace\outputs\part_iii_predictions\prediction_0104.tif,2,681,0.061419042999910446,846.7812041116006,370.057268722467,54.635458003434515,25.65156632367915,829,356,34,31,EPSG:4326
104,Oil,A:\SIH26143_DATA\OFFICIAL_DATASET\PART_III_TEST\Images\Oil\00104.tif,C:\SlickTrace\outputs\part_iii_predictions\prediction_0104.tif,3,718,0.06475605414674845,749.0431754874652,395.2827298050139,54.62667804693923,25.649300281955206,729,378,36,33,EPSG:4326
104,Oil,A:\SIH26143_DATA\OFFICIAL_DATASET\PART_III_TEST\Images\Oil\00104.tif,C:\SlickTrace\outputs\part_iii_predictions\prediction_0104.tif,4,3252,0.29329622295992475,850.7091020910209,426.75061500615004,54.63581085251345,25.646473473731696,810,385,91,86,EPSG:4326
104,Oil,A:\SIH26143_DATA\OFFICIAL_DATASET\PART_III_TEST\Images\Oil\00104.tif,C:\SlickTrace\outputs\part_iii_predictions\prediction_0104.tif,5,1917,0.17289325320239107,799.5299947835159,472.8904538341158,54.63121335508126,25.6423286614891,781,430,41,98,EPSG:4326
104,Oil,A:\SIH26143_DATA\OFFICIAL_DATASET\PART_III_TEST\Images\Oil\00104.tif,C:\SlickTrace\outputs\part_iii_predictions\prediction_0104.tif,6,826,0.07449651911589725,846.7978208232446,537.5617433414044,54.63545949613912,25.636519140708288,821,527,52,24,EPSG:4326
104,Oil,A:\SIH26143_DATA\OFFICIAL_DATASET\PART_III_TEST\Images\Oil\00104.tif,C:\SlickTrace\outputs\part_iii_predictions\prediction_0104.tif,7,1049,0.0946087754873804,964.0343183984747,552.9361296472831,54.645991029901964,25.635138036088033,940,531,54,42,EPSG:4326
104,Oil,A:\SIH26143_DATA\OFFICIAL_DATASET\PART_III_TEST\Images\Oil\00104.tif,C:\SlickTrace\outputs\part_iii_predictions\prediction_0104.tif,8,1111,0.10020052389559544,911.6255625562557,551.6489648964897,54.641283071262485,25.635253664064916,880,533,57,45,EPSG:4326
104,Oil,A:\SIH26143_DATA\OFFICIAL_DATASET\PART_III_TEST\Images\Oil\00104.tif,C:\SlickTrace\outputs\part_iii_predictions\prediction_0104.tif,9,20886,1.8836976976448305,1188.3993584219095,686.6223786268314,54.66614608436948,25.62312879601454,1074,568,209,230,EPSG:4326
104,Oil,A:\SIH26143_DATA\OFFICIAL_DATASET\PART_III_TEST\Images\Oil\00104.tif,C:\SlickTrace\outputs\part_iii_predictions\prediction_0104.tif,10,500,0.04509474522754071,999.216,586.33,54.64915145413233,25.63213821367466,987,574,27,25,EPSG:4326
104,Oil,A:\SIH26143_DATA\OFFICIAL_DATASET\PART_III_TEST\Images\Oil\00104.tif,C:\SlickTrace\outputs\part_iii_predictions\prediction_0104.tif,11,1318,0.1188697484197973,1260.1289833080425,600.9370257966616,54.67258966620542,25.63082604222179,1230,576,54,48,EPSG:4326
104,Oil,A:\SIH26143_DATA\OFFICIAL_DATASET\PART_III_TEST\Images\Oil\00104.tif,C:\SlickTrace\outputs\part_iii_predictions\prediction_0104.tif,12,592,0.053392178349408195,948.2804054054054,639.902027027027,54.644575831819324,25.627325756606695,932,629,37,23,EPSG:4326
104,Oil,A:\SIH26143_DATA\OFFICIAL_DATASET\PART_III_TEST\Images\Oil\00104.tif,C:\SlickTrace\outputs\part_iii_predictions\prediction_0104.tif,13,1004,0.09055024841690174,530.3585657370518,767.5009960159363,54.607033274205186,25.615863346198633,506,744,41,45,EPSG:4326
104,Oil,A:\SIH26143_DATA\OFFICIAL_DATASET\PART_III_TEST\Images\Oil\00104.tif,C:\SlickTrace\outputs\part_iii_predictions\prediction_0104.tif,14,715,0.06448548567538322,566.2699300699301,773.5818181818182,54.61025924695056,25.61531709664947,552,756,30,44,EPSG:4326
104,Oil,A:\SIH26143_DATA\OFFICIAL_DATASET\PART_III_TEST\Images\Oil\00104.tif,C:\SlickTrace\outputs\part_iii_predictions\prediction_0104.tif,15,1123,0.10128279778105642,165.24577025823686,788.6954585930544,54.57423463374456,25.61395941523146,148,761,39,53,EPSG:4326
104,Oil,A:\SIH26143_DATA\OFFICIAL_DATASET\PART_III_TEST\Images\Oil\00104.tif,C:\SlickTrace\outputs\part_iii_predictions\prediction_0104.tif,16,563,0.050776683126210836,1317.7175843694495,804.3854351687389,54.677762938257864,25.61254996065492,1307,786,22,42,EPSG:4326
104,Oil,A:\SIH26143_DATA\OFFICIAL_DATASET\PART_III_TEST\Images\Oil\00104.tif,C:\SlickTrace\outputs\part_iii_predictions\prediction_0104.tif,17,19977,1.8017154508211615,259.27741903188667,941.3019972968914,54.582681640473,25.600250536614038,157,802,219,261,EPSG:4326
104,Oil,A:\SIH26143_DATA\OFFICIAL_DATASET\PART_III_TEST\Images\Oil\00104.tif,C:\SlickTrace\outputs\part_iii_predictions\prediction_0104.tif,18,621,0.05600767357260556,540.1384863123993,816.8518518518518,54.60791181941821,25.611430083390456,527,802,26,30,EPSG:4326
104,Oil,A:\SIH26143_DATA\OFFICIAL_DATASET\PART_III_TEST\Images\Oil\00104.tif,C:\SlickTrace\outputs\part_iii_predictions\prediction_0104.tif,19,721,0.0650266226181137,272.7073509015257,820.7309292649098,54.58388807177931,25.61108161993761,256,806,35,29,EPSG:4326
104,Oil,A:\SIH26143_DATA\OFFICIAL_DATASET\PART_III_TEST\Images\Oil\00104.tif,C:\SlickTrace\outputs\part_iii_predictions\prediction_0104.tif,20,908,0.08189205733321392,1200.509911894273,856.1828193832599,54.66723399389782,25.607896922463187,1180,840,45,34,EPSG:4326
104,Oil,A:\SIH26143_DATA\OFFICIAL_DATASET\PART_III_TEST\Images\Oil\00104.tif,C:\SlickTrace\outputs\part_iii_predictions\prediction_0104.tif,21,545,0.04915327229801937,1296.1284403669724,881.743119266055,54.67582355245502,25.60560080165805,1287,862,19,39,EPSG:4326
104,Oil,A:\SIH26143_DATA\OFFICIAL_DATASET\PART_III_TEST\Images\Oil\00104.tif,C:\SlickTrace\outputs\part_iii_predictions\prediction_0104.tif,22,639,0.05763108440079703,668.3176838810641,933.2801251956181,54.61942635264643,25.60097115364562,649,919,37,31,EPSG:4326
104,Oil,A:\SIH26143_DATA\OFFICIAL_DATASET\PART_III_TEST\Images\Oil\00104.tif,C:\SlickTrace\outputs\part_iii_predictions\prediction_0104.tif,23,1180,0.10642359873699607,1292.072033898305,967.1262711864407,54.675459159262076,25.59793070262041,1269,944,45,47,EPSG:4326
104,Oil,A:\SIH26143_DATA\OFFICIAL_DATASET\PART_III_TEST\Images\Oil\00104.tif,C:\SlickTrace\outputs\part_iii_predictions\prediction_0104.tif,24,1980,0.1785751911010612,420.74242424242425,1033.3181818181818,54.5971862886761,25.591984582119853,389,1007,63,60,EPSG:4326
104,Oil,A:\SIH26143_DATA\OFFICIAL_DATASET\PART_III_TEST\Images\Oil\00104.tif,C:\SlickTrace\outputs\part_iii_predictions\prediction_0104.tif,25,1661,0.14980474364589022,1121.3792895845877,1190.541240216737,54.660125569151546,25.57786099448231,1092,1159,56,76,EPSG:4326
104,Oil,A:\SIH26143_DATA\OFFICIAL_DATASET\PART_III_TEST\Images\Oil\00104.tif,C:\SlickTrace\outputs\part_iii_predictions\prediction_0104.tif,26,1319,0.11895993791025239,763.6406368460955,1583.2979529946929,54.627989359204015,25.54257905867941,745,1556,41,55,EPSG:4326
104,Oil,A:\SIH26143_DATA\OFFICIAL_DATASET\PART_III_TEST\Images\Oil\00104.tif,C:\SlickTrace\outputs\part_iii_predictions\prediction_0104.tif,27,727,0.0655677595608442,384.10453920220084,1603.9972489683632,54.593895051465154,25.540719609285045,361,1584,52,34,EPSG:4326
104,Oil,A:\SIH26143_DATA\OFFICIAL_DATASET\PART_III_TEST\Images\Oil\00104.tif,C:\SlickTrace\outputs\part_iii_predictions\prediction_0104.tif,28,1510,0.13618613058717294,247.93708609271522,1625.4649006622517,54.58166292103237,25.53879113732197,221,1604,50,47,EPSG:4326
104,Oil,A:\SIH26143_DATA\OFFICIAL_DATASET\PART_III_TEST\Images\Oil\00104.tif,C:\SlickTrace\outputs\part_iii_predictions\prediction_0104.tif,29,1462,0.13185703504532903,726.5478796169631,1627.4124487004103,54.62465726012911,25.538616186105045,696,1610,60,37,EPSG:4326
104,Oil,A:\SIH26143_DATA\OFFICIAL_DATASET\PART_III_TEST\Images\Oil\00104.tif,C:\SlickTrace\outputs\part_iii_predictions\prediction_0104.tif,30,530,0.04780042994119315,382.3377358490566,1684.054716981132,54.59373633681954,25.533527924572667,370,1669,24,35,EPSG:4326
104,Oil,A:\SIH26143_DATA\OFFICIAL_DATASET\PART_III_TEST\Images\Oil\00104.tif,C:\SlickTrace\outputs\part_iii_predictions\prediction_0104.tif,31,674,0.060787716566724874,372.25370919881306,1782.685459940653,54.592830473293006,25.52466777418421,355,1766,32,35,EPSG:4326
105,Oil,A:\SIH26143_DATA\OFFICIAL_DATASET\PART_III_TEST\Images\Oil\00105.tif,C:\SlickTrace\outputs\part_iii_predictions\prediction_0105.tif,1,12377,1.0816090949510042,500.617112385877,1132.7978508523875,-88.87778152176396,29.07772435273327,389,982,215,278,EPSG:4326
105,Oil,A:\SIH26143_DATA\OFFICIAL_DATASET\PART_III_TEST\Images\Oil\00105.tif,C:\SlickTrace\outputs\part_iii_predictions\prediction_0105.tif,2,20495,1.7910300073540302,248.8464503537448,1405.9164674310807,-88.9003984651436,29.05318968996825,76,1265,316,296,EPSG:4326
106,Oil,A:\SIH26143_DATA\OFFICIAL_DATASET\PART_III_TEST\Images\Oil\00106.tif,C:\SlickTrace\outputs\part_iii_predictions\prediction_0106.tif,1,76972,7.6771264395383145,1376.5169802005923,1077.4783427739958,116.41177721668318,-4.150874195940144,867,0,1033,2048,EPSG:4326
107,Oil,A:\SIH26143_DATA\OFFICIAL_DATASET\PART_III_TEST\Images\Oil\00107.tif,C:\SlickTrace\outputs\part_iii_predictions\prediction_0107.tif,1,82442,7.837670746689506,476.29099245530193,1075.74043570025,39.94160222857013,18.064965774763035,21,910,1205,504,EPSG:4326
107,Oil,A:\SIH26143_DATA\OFFICIAL_DATASET\PART_III_TEST\Images\Oil\00107.tif,C:\SlickTrace\outputs\part_iii_predictions\prediction_0107.tif,2,64221,6.105420210853046,1489.8057488983354,1051.2285389514334,40.03264780820948,18.06716771591226,1150,944,717,256,EPSG:4326
107,Oil,A:\SIH26143_DATA\OFFICIAL_DATASET\PART_III_TEST\Images\Oil\00107.tif,C:\SlickTrace\outputs\part_iii_predictions\prediction_0107.tif,3,2335,0.221985895460081,139.1580299785867,1445.726766595289,39.911317059272804,18.031729337167203,106,1415,66,60,EPSG:4326
107,Oil,A:\SIH26143_DATA\OFFICIAL_DATASET\PART_III_TEST\Images\Oil\00107.tif,C:\SlickTrace\outputs\part_iii_predictions\prediction_0107.tif,4,510,0.048485142049096916,377.6764705882353,1466.1980392156863,39.93274353534721,18.029890371459175,362,1457,33,19,EPSG:4326
107,Oil,A:\SIH26143_DATA\OFFICIAL_DATASET\PART_III_TEST\Images\Oil\00107.tif,C:\SlickTrace\outputs\part_iii_predictions\prediction_0107.tif,5,46115,4.384102599204126,449.5179442697604,1548.9118074379269,39.93919716473138,18.02246006723906,111,1458,604,204,EPSG:4326
107,Oil,A:\SIH26143_DATA\OFFICIAL_DATASET\PART_III_TEST\Images\Oil\00107.tif,C:\SlickTrace\outputs\part_iii_predictions\prediction_0107.tif,6,731,0.06949537027037225,26.44733242134063,1511.8632010943913,39.90119208504286,18.025788200172432,11,1496,33,31,EPSG:4326
107,Oil,A:\SIH26143_DATA\OFFICIAL_DATASET\PART_III_TEST\Images\Oil\00107.tif,C:\SlickTrace\outputs\part_iii_predictions\prediction_0107.tif,7,613,0.05827723936489492,231.35073409461663,1648.1566068515497,39.91959887079198,18.013544755220796,204,1641,56,18,EPSG:4326
107,Oil,A:\SIH26143_DATA\OFFICIAL_DATASET\PART_III_TEST\Images\Oil\00107.tif,C:\SlickTrace\outputs\part_iii_predictions\prediction_0107.tif,8,749,0.07120661057798744,125.46728971962617,1664.0921228304405,39.91008719915025,18.01211324346438,105,1652,43,26,EPSG:4326
107,Oil,A:\SIH26143_DATA\OFFICIAL_DATASET\PART_III_TEST\Images\Oil\00107.tif,C:\SlickTrace\outputs\part_iii_predictions\prediction_0107.tif,9,1309,0.12444519792601542,37.80748663101604,1681.8357524828114,39.90221258505851,18.01051930609313,3,1669,71,29,EPSG:4326
108,Oil,A:\SIH26143_DATA\OFFICIAL_DATASET\PART_III_TEST\Images\Oil\00108.tif,C:\SlickTrace\outputs\part_iii_predictions\prediction_0108.tif,1,877,0.0789859377048288,296.0672748004561,15.486887115165336,54.362012253172324,25.849648355969446,272,2,45,31,EPSG:4326
108,Oil,A:\SIH26143_DATA\OFFICIAL_DATASET\PART_III_TEST\Images\Oil\00108.tif,C:\SlickTrace\outputs\part_iii_predictions\prediction_0108.tif,2,108220,9.746702597966445,308.77206616152284,483.58685085936054,54.36315354399844,25.80759822077673,21,159,534,600,EPSG:4326
108,Oil,A:\SIH26143_DATA\OFFICIAL_DATASET\PART_III_TEST\Images\Oil\00108.tif,C:\SlickTrace\outputs\part_iii_predictions\prediction_0108.tif,3,1700,0.1531084311268061,387.3911764705882,211.91411764705882,54.37021601883989,25.83200299762904,359,187,60,46,EPSG:4326
108,Oil,A:\SIH26143_DATA\OFFICIAL_DATASET\PART_III_TEST\Images\Oil\00108.tif,C:\SlickTrace\outputs\part_iii_predictions\prediction_0108.tif,4,990,0.08916314518561061,494.83131313131315,227.44444444444446,54.37986753052891,25.830607884636095,475,205,44,45,EPSG:4326
108,Oil,A:\SIH26143_DATA\OFFICIAL_DATASET\PART_III_TEST\Images\Oil\00108.tif,C:\SlickTrace\outputs\part_iii_predictions\prediction_0108.tif,5,542,0.04881457039454642,265.05350553505536,323.30258302583024,54.3592262388774,25.821996801536603,241,315,52,20,EPSG:4326
108,Oil,A:\SIH26143_DATA\OFFICIAL_DATASET\PART_III_TEST\Images\Oil\00108.tif,C:\SlickTrace\outputs\part_iii_predictions\prediction_0108.tif,6,509,0.04584246555502606,82.71709233791749,409.6954813359529,54.34284668019475,25.814235995437468,66,399,32,25,EPSG:4326
108,Oil,A:\SIH26143_DATA\OFFICIAL_DATASET\PART_III_TEST\Images\Oil\00108.tif,C:\SlickTrace\outputs\part_iii_predictions\prediction_0108.tif,7,1432,0.1289713372785802,269.784217877095,432.74650837988827,54.35965120599756,25.812165286446646,239,408,65,44,EPSG:4326
108,Oil,A:\SIH26143_DATA\OFFICIAL_DATASET\PART_III_TEST\Images\Oil\00108.tif,C:\SlickTrace\outputs\part_iii_predictions\prediction_0108.tif,8,650,0.05854145896024939,21.48923076923077,620.1169230769231,54.33734648780863,25.795333515715228,7,606,32,28,EPSG:4326
108,Oil,A:\SIH26143_DATA\OFFICIAL_DATASET\PART_III_TEST\Images\Oil\00108.tif,C:\SlickTrace\outputs\part_iii_predictions\prediction_0108.tif,9,2320,0.20894797659658243,364.3581896551724,754.0439655172414,54.36814693043037,25.783302644797125,326,712,74,84,EPSG:4326
108,Oil,A:\SIH26143_DATA\OFFICIAL_DATASET\PART_III_TEST\Images\Oil\00108.tif,C:\SlickTrace\outputs\part_iii_predictions\prediction_0108.tif,10,845,0.0761038966483242,169.9147928994083,769.4887573964497,54.35067978291019,25.78191521553661,150,751,43,39,EPSG:4326
108,Oil,A:\SIH26143_DATA\OFFICIAL_DATASET\PART_III_TEST\Images\Oil\00108.tif,C:\SlickTrace\outputs\part_iii_predictions\prediction_0108.tif,11,2003,0.1803977573805839,169.1692461308038,827.7358961557663,54.350612809304465,25.776682786036236,123,799,86,59,EPSG:4326
108,Oil,A:\SIH26143_DATA\OFFICIAL_DATASET\PART_III_TEST\Images\Oil\00108.tif,C:\SlickTrace\outputs\part_iii_predictions\prediction_0108.tif,12,722,0.0650260513373847,223.792243767313,830.6509695290858,54.35551967666859,25.776420920539678,208,813,30,38,EPSG:4326
108,Oil,A:\SIH26143_DATA\OFFICIAL_DATASET\PART_III_TEST\Images\Oil\00108.tif,C:\SlickTrace\outputs\part_iii_predictions\prediction_0108.tif,13,17613,1.586293410256727,969.5859876227786,1183.4433089195481,54.422515468559205,25.744729045480206,919,948,99,412,EPSG:4326
108,Oil,A:\SIH26143_DATA\OFFICIAL_DATASET\PART_III_TEST\Images\Oil\00108.tif,C:\SlickTrace\outputs\part_iii_predictions\prediction_0108.tif,14,1520,0.1368969501839678,1360.4986842105263,1007.1526315789474,54.457631753569316,25.760565506470492,1328,973,60,67,EPSG:4326
108,Oil,A:\SIH26143_DATA\OFFICIAL_DATASET\PART_III_TEST\Images\Oil\00108.tif,C:\SlickTrace\outputs\part_iii_predictions\prediction_0108.tif,15,6788,0.6113529591110352,189.3952563347083,1071.8389805539186,54.352429742714754,25.75475463287468,131,998,163,124,EPSG:4326
108,Oil,A:\SIH26143_DATA\OFFICIAL_DATASET\PART_III_TEST\Images\Oil\00108.tif,C:\SlickTrace\outputs\part_iii_predictions\prediction_0108.tif,16,1451,0.1306825491558798,109.60854583046175,1045.7732598208133,54.3452623805632,25.757096156407293,94,1020,36,54,EPSG:4326
108,Oil,A:\SIH26143_DATA\OFFICIAL_DATASET\PART_III_TEST\Images\Oil\00108.tif,C:\SlickTrace\outputs\part_iii_predictions\prediction_0108.tif,17,1351,0.12167617085430296,72.62620281273131,1145.7446336047371,54.34194020016566,25.74811557510284,51,1108,52,73,EPSG:4326
108,Oil,A:\SIH26143_DATA\OFFICIAL_DATASET\PART_III_TEST\Images\Oil\00108.tif,C:\SlickTrace\outputs\part_iii_predictions\prediction_0108.tif,18,263179,23.702896350306883,1372.3899931225515,1697.3416533993973,54.4586999680237,25.698564771747208,985,1199,874,849,EPSG:4326
108,Oil,A:\SIH26143_DATA\OFFICIAL_DATASET\PART_III_TEST\Images\Oil\00108.tif,C:\SlickTrace\outputs\part_iii_predictions\prediction_0108.tif,19,542,0.04881457039454642,1266.5147601476015,1261.6273062730627,54.44918903402459,25.737705657500584,1254,1249,27,26,EPSG:4326
108,Oil,A:\SIH26143_DATA\OFFICIAL_DATASET\PART_III_TEST\Images\Oil\00108.tif,C:\SlickTrace\outputs\part_iii_predictions\prediction_0108.tif,20,533,0.0480039963474045,1464.5347091932458,1358.1200750469043,54.46697746870342,25.72903756460093,1453,1341,26,32,EPSG:4326
108,Oil,A:\SIH26143_DATA\OFFICIAL_DATASET\PART_III_TEST\Images\Oil\00108.tif,C:\SlickTrace\outputs\part_iii_predictions\prediction_0108.tif,21,716,0.0644856686392901,1372.5642458100558,1384.2597765363128,54.45871562140895,25.726689395263904,1358,1370,34,33,EPSG:4326
108,Oil,A:\SIH26143_DATA\OFFICIAL_DATASET\PART_III_TEST\Images\Oil\00108.tif,C:\SlickTrace\outputs\part_iii_predictions\prediction_0108.tif,22,724,0.06520617890341625,1563.603591160221,1497.3052486187846,54.47587697778857,25.716534347726682,1542,1480,42,35,EPSG:4326
108,Oil,A:\SIH26143_DATA\OFFICIAL_DATASET\PART_III_TEST\Images\Oil\00108.tif,C:\SlickTrace\outputs\part_iii_predictions\prediction_0108.tif,23,1104,0.0994304164494082,1601.8351449275362,1554.6385869565217,54.479311376697055,25.711384006314844,1590,1520,30,65,EPSG:4326
108,Oil,A:\SIH26143_DATA\OFFICIAL_DATASET\PART_III_TEST\Images\Oil\00108.tif,C:\SlickTrace\outputs\part_iii_predictions\prediction_0108.tif,24,989,0.08907308140259484,952.793731041456,1541.0475227502527,54.42100699448502,25.71260491238524,935,1522,35,38,EPSG:4326
108,Oil,A:\SIH26143_DATA\OFFICIAL_DATASET\PART_III_TEST\Images\Oil\00108.tif,C:\SlickTrace\outputs\part_iii_predictions\prediction_0108.tif,25,653,0.0588116503092967,1508.220520673813,1622.6921898928024,54.47090183191863,25.70527064714914,1491,1607,34,33,EPSG:4326
108,Oil,A:\SIH26143_DATA\OFFICIAL_DATASET\PART_III_TEST\Images\Oil\00108.tif,C:\SlickTrace\outputs\part_iii_predictions\prediction_0108.tif,26,941,0.08475001981783796,1178.6524973432518,1699.4059511158341,54.44129623266714,25.698379332728244,1165,1681,31,40,EPSG:4326
109,Oil,A:\SIH26143_DATA\OFFICIAL_DATASET\PART_III_TEST\Images\Oil\00109.tif,C:\SlickTrace\outputs\part_iii_predictions\prediction_0109.tif,1,54385,4.919184350648473,1365.2011400202261,145.76309644203366,54.49177529924058,25.322470266563315,684,23,1364,215,EPSG:4326
109,Oil,A:\SIH26143_DATA\OFFICIAL_DATASET\PART_III_TEST\Images\Oil\00109.tif,C:\SlickTrace\outputs\part_iii_predictions\prediction_0109.tif,2,2370,0.21436916265582204,38.44050632911392,244.36919831223628,54.3725903636793,25.31361232972157,0,227,84,41,EPSG:4326
110,Oil,A:\SIH26143_DATA\OFFICIAL_DATASET\PART_III_TEST\Images\Oil\00110.tif,C:\SlickTrace\outputs\part_iii_predictions\prediction_0110.tif,1,1165,0.10491694304989764,1857.0815450643777,1193.2206008583692,55.24239680725318,25.75218320016512,1840,1169,36,48,EPSG:4326
110,Oil,A:\SIH26143_DATA\OFFICIAL_DATASET\PART_III_TEST\Images\Oil\00110.tif,C:\SlickTrace\outputs\part_iii_predictions\prediction_0110.tif,2,1727,0.15552923660701565,1814.53155761436,1214.6960046323104,55.23857447684663,25.750254031820845,1782,1188,66,61,EPSG:4326
110,Oil,A:\SIH26143_DATA\OFFICIAL_DATASET\PART_III_TEST\Images\Oil\00110.tif,C:\SlickTrace\outputs\part_iii_predictions\prediction_0110.tif,3,103737,9.342290919456852,1508.3761145974918,1453.4915121894792,55.21107206546879,25.728802666399076,812,1197,1184,451,EPSG:4326
110,Oil,A:\SIH26143_DATA\OFFICIAL_DATASET\PART_III_TEST\Images\Oil\00110.tif,C:\SlickTrace\outputs\part_iii_predictions\prediction_0110.tif,4,627,0.05646602857706938,1806.0829346092503,1248.4768740031898,55.237815524129104,25.747219444694174,1792,1237,31,24,EPSG:4326
110,Oil,A:\SIH26143_DATA\OFFICIAL_DATASET\PART_III_TEST\Images\Oil\00110.tif,C:\SlickTrace\outputs\part_iii_predictions\prediction_0110.tif,5,967,0.08708556560450732,1677.2130299896587,1307.2740434332989,55.226238943630825,25.74193760509797,1652,1294,57,31,EPSG:4326
110,Oil,A:\SIH26143_DATA\OFFICIAL_DATASET\PART_III_TEST\Images\Oil\00110.tif,C:\SlickTrace\outputs\part_iii_predictions\prediction_0110.tif,6,52200,4.700999508330177,362.47959770114943,1677.716570881226,55.108134429954056,25.708660186668535,0,1600,787,176,EPSG:4326
111,Oil,A:\SIH26143_DATA\OFFICIAL_DATASET\PART_III_TEST\Images\Oil\00111.tif,C:\SlickTrace\outputs\part_iii_predictions\prediction_0111.tif,1,658900,57.67718097140705,974.4653149188041,702.0365700409774,-88.8349580610612,28.942781862530165,1,1,2047,1175,EPSG:4326
111,Oil,A:\SIH26143_DATA\OFFICIAL_DATASET\PART_III_TEST\Images\Oil\00111.tif,C:\SlickTrace\outputs\part_iii_predictions\prediction_0111.tif,2,3969,0.34742864057598205,595.8271604938271,210.25522801713277,-88.86897170518827,28.98695933212865,556,167,86,91,EPSG:4326
111,Oil,A:\SIH26143_DATA\OFFICIAL_DATASET\PART_III_TEST\Images\Oil\00111.tif,C:\SlickTrace\outputs\part_iii_predictions\prediction_0111.tif,3,2070,0.1811986107312378,544.0154589371981,344.16376811594205,-88.87362602952872,28.97493012330416,528,291,33,112,EPSG:4326
112,Oil,A:\SIH26143_DATA\OFFICIAL_DATASET\PART_III_TEST\Images\Oil\00112.tif,C:\SlickTrace\outputs\part_iii_predictions\prediction_0112.tif,1,42931,4.081403202568196,1550.2871351703898,244.43628147492487,39.68683966748804,18.1396430975123,1410,0,295,546,EPSG:4326
112,Oil,A:\SIH26143_DATA\OFFICIAL_DATASET\PART_III_TEST\Images\Oil\00112.tif,C:\SlickTrace\outputs\part_iii_predictions\prediction_0112.tif,2,3658,0.3477620580697971,62.645708037178785,121.61673045379989,39.55320256435973,18.150676165499398,0,84,139,66,EPSG:4326
112,Oil,A:\SIH26143_DATA\OFFICIAL_DATASET\PART_III_TEST\Images\Oil\00112.tif,C:\SlickTrace\outputs\part_iii_predictions\prediction_0112.tif,3,39833,3.7868797318464265,608.6659553636432,323.4366229006101,39.60225239772094,18.132546376096965,216,145,753,401,EPSG:4326
112,Oil,A:\SIH26143_DATA\OFFICIAL_DATASET\PART_III_TEST\Images\Oil\00112.tif,C:\SlickTrace\outputs\part_iii_predictions\prediction_0112.tif,4,1163,0.11056513765313669,1001.6199484092863,540.097162510748,39.637552055511804,18.11308342867723,971,526,55,33,EPSG:4326
112,Oil,A:\SIH26143_DATA\OFFICIAL_DATASET\PART_III_TEST\Images\Oil\00112.tif,C:\SlickTrace\outputs\part_iii_predictions\prediction_0112.tif,5,19264,1.8314074047721627,1408.7704526578073,608.8630087209302,39.674127007602145,18.106906087609627,1075,550,629,103,EPSG:4326
113,Oil,A:\SIH26143_DATA\OFFICIAL_DATASET\PART_III_TEST\Images\Oil\00113.tif,C:\SlickTrace\outputs\part_iii_predictions\prediction_0113.tif,1,49994,4.999086510103847,1101.2374484938193,572.2494899387926,105.91278820736711,-0.6462718569403706,812,0,601,1242,EPSG:4326
113,Oil,A:\SIH26143_DATA\OFFICIAL_DATASET\PART_III_TEST\Images\Oil\00113.tif,C:\SlickTrace\outputs\part_iii_predictions\prediction_0113.tif,2,5858,0.5857632671158206,1440.8641174462273,1352.3934790030728,105.94329739012856,-0.716353383859412,1398,1249,96,188,EPSG:4326
113,Oil,A:\SIH26143_DATA\OFFICIAL_DATASET\PART_III_TEST\Images\Oil\00113.tif,C:\SlickTrace\outputs\part_iii_predictions\prediction_0113.tif,3,8528,0.8527465247462817,1529.2557457786115,1568.4106472795497,105.95123774520049,-0.7357585362489097,1484,1441,101,228,EPSG:4326
113,Oil,A:\SIH26143_DATA\OFFICIAL_DATASET\PART_III_TEST\Images\Oil\00113.tif,C:\SlickTrace\outputs\part_iii_predictions\prediction_0113.tif,4,713,0.07129552909757257,1631.576437587658,1770.7980364656382,105.96042936933387,-0.7539393047508006,1621,1746,21,49,EPSG:4326
114,Oil,A:\SIH26143_DATA\OFFICIAL_DATASET\PART_III_TEST\Images\Oil\00114.tif,C:\SlickTrace\outputs\part_iii_predictions\prediction_0114.tif,1,117959,11.214233080332203,748.2401342839461,402.2850990598428,39.790411197585556,18.12546329697063,419,0,542,966,EPSG:4326
114,Oil,A:\SIH26143_DATA\OFFICIAL_DATASET\PART_III_TEST\Images\Oil\00114.tif,C:\SlickTrace\outputs\part_iii_predictions\prediction_0114.tif,2,611,0.05808710155293768,332.6546644844517,87.19148936170212,39.753078519647666,18.153768637522653,314,78,40,21,EPSG:4326
114,Oil,A:\SIH26143_DATA\OFFICIAL_DATASET\PART_III_TEST\Images\Oil\00114.tif,C:\SlickTrace\outputs\part_iii_predictions\prediction_0114.tif,3,33431,3.1782485957712923,1033.2077413179384,1210.86515509557,39.816010273273314,18.052827314693516,904,990,340,435,EPSG:4326
114,Oil,A:\SIH26143_DATA\OFFICIAL_DATASET\PART_III_TEST\Images\Oil\00114.tif,C:\SlickTrace\outputs\part_iii_predictions\prediction_0114.tif,4,12728,1.2100370352958933,2024.6305782526713,1207.7290226272785,39.905071302017674,18.053109038266445,1980,1056,68,332,EPSG:4326
114,Oil,A:\SIH26143_DATA\OFFICIAL_DATASET\PART_III_TEST\Images\Oil\00114.tif,C:\SlickTrace\outputs\part_iii_predictions\prediction_0114.tif,5,572,0.054379414219771445,1251.979020979021,1436.4737762237762,39.83566283169791,18.032560547434656,1228,1418,41,41,EPSG:4326
114,Oil,A:\SIH26143_DATA\OFFICIAL_DATASET\PART_III_TEST\Images\Oil\00114.tif,C:\SlickTrace\outputs\part_iii_predictions\prediction_0114.tif,6,510,0.048485142049096916,1257.8843137254903,1475.007843137255,39.836193313171044,18.029098973307892,1244,1461,28,28,EPSG:4326
115,Oil,A:\SIH26143_DATA\OFFICIAL_DATASET\PART_III_TEST\Images\Oil\00115.tif,C:\SlickTrace\outputs\part_iii_predictions\prediction_0115.tif,1,2776,0.2612144753351096,2030.1606628242075,248.80727665706053,39.157139263910324,19.855261643459205,2004,199,44,110,EPSG:4326
115,Oil,A:\SIH26143_DATA\OFFICIAL_DATASET\PART_III_TEST\Images\Oil\00115.tif,C:\SlickTrace\outputs\part_iii_predictions\prediction_0115.tif,2,50289,4.7320658321784315,1720.8284316649765,440.34256000318163,39.12935147679821,19.838055736211405,1473,238,532,408,EPSG:4326
115,Oil,A:\SIH26143_DATA\OFFICIAL_DATASET\PART_III_TEST\Images\Oil\00115.tif,C:\SlickTrace\outputs\part_iii_predictions\prediction_0115.tif,3,38504,3.623127578639431,1230.2822304176188,742.4690421774361,39.085284961783486,19.810915252543968,990,591,518,335,EPSG:4326
115,Oil,A:\SIH26143_DATA\OFFICIAL_DATASET\PART_III_TEST\Images\Oil\00115.tif,C:\SlickTrace\outputs\part_iii_predictions\prediction_0115.tif,4,6284,0.5913082719761631,915.8870146403565,868.6745703373647,39.057042359024805,19.799578017055325,866,828,101,83,EPSG:4326
115,Oil,A:\SIH26143_DATA\OFFICIAL_DATASET\PART_III_TEST\Images\Oil\00115.tif,C:\SlickTrace\outputs\part_iii_predictions\prediction_0115.tif,5,35200,3.3122296584279027,594.0339488636364,1149.3411079545454,39.02812980620202,19.77436531300708,345,950,516,405,EPSG:4326
115,Oil,A:\SIH26143_DATA\OFFICIAL_DATASET\PART_III_TEST\Images\Oil\00115.tif,C:\SlickTrace\outputs\part_iii_predictions\prediction_0115.tif,6,28828,2.71264081230567,182.62571111419453,1409.796205078396,38.991172375403714,19.750968233549763,0,1237,334,348,EPSG:4326
116,Oil,A:\SIH26143_DATA\OFFICIAL_DATASET\PART_III_TEST\Images\Oil\00116.tif,C:\SlickTrace\outputs\part_iii_predictions\prediction_0116.tif,1,63348,5.150067220156357,1413.1159152617288,1445.05543979289,35.266990779948905,35.57476847537245,1147,901,600,1147,EPSG:4326
116,Oil,A:\SIH26143_DATA\OFFICIAL_DATASET\PART_III_TEST\Images\Oil\00116.tif,C:\SlickTrace\outputs\part_iii_predictions\prediction_0116.tif,2,672,0.05463227208349233,1503.986607142857,1226.563988095238,35.27515383308844,35.5943958964234,1491,1203,27,46,EPSG:4326
117,Oil,A:\SIH26143_DATA\OFFICIAL_DATASET\PART_III_TEST\Images\Oil\00117.tif,C:\SlickTrace\outputs\part_iii_predictions\prediction_0117.tif,1,217614,20.496010043672314,1008.6456799654434,1008.5263953605926,38.57129616187407,19.637983990432655,0,908,2048,206,EPSG:4326
118,Oil,A:\SIH26143_DATA\OFFICIAL_DATASET\PART_III_TEST\Images\Oil\00118.tif,C:\SlickTrace\outputs\part_iii_predictions\prediction_0118.tif,1,1186,0.11841191335220179,804.9139966273187,268.12900505902195,116.54386522804117,-3.1686248827429933,790,238,32,64,EPSG:4326
118,Oil,A:\SIH26143_DATA\OFFICIAL_DATASET\PART_III_TEST\Images\Oil\00118.tif,C:\SlickTrace\outputs\part_iii_predictions\prediction_0118.tif,2,921,0.09195393945816008,746.2084690553746,361.9826275787188,116.53859162077315,-3.177055897100936,729,339,34,49,EPSG:4326
118,Oil,A:\SIH26143_DATA\OFFICIAL_DATASET\PART_III_TEST\Images\Oil\00118.tif,C:\SlickTrace\outputs\part_iii_predictions\prediction_0118.tif,3,1562,0.15595228385846474,730.6658130601793,467.8559539052497,116.53719540022952,-3.1865666598229057,719,427,31,87,EPSG:4326
119,Oil,A:\SIH26143_DATA\OFFICIAL_DATASET\PART_III_TEST\Images\Oil\00119.tif,C:\SlickTrace\outputs\part_iii_predictions\prediction_0119.tif,1,19392,1.9387715790964204,237.76242780528054,177.0054146039604,106.19885895352469,-1.1529895830518162,0,22,465,303,EPSG:4326
119,Oil,A:\SIH26143_DATA\OFFICIAL_DATASET\PART_III_TEST\Images\Oil\00119.tif,C:\SlickTrace\outputs\part_iii_predictions\prediction_0119.tif,2,1968,0.19675652164097335,493.8246951219512,327.2850609756098,106.22186141836637,-1.166489433374589,466,286,56,84,EPSG:4326
119,Oil,A:\SIH26143_DATA\OFFICIAL_DATASET\PART_III_TEST\Images\Oil\00119.tif,C:\SlickTrace\outputs\part_iii_predictions\prediction_0119.tif,3,15447,1.5443587346484327,716.416067844889,468.4280442804428,106.24185714158939,-1.1791685232894848,536,343,374,247,EPSG:4326
119,Oil,A:\SIH26143_DATA\OFFICIAL_DATASET\PART_III_TEST\Images\Oil\00119.tif,C:\SlickTrace\outputs\part_iii_predictions\prediction_0119.tif,4,14400,1.4396818656656587,1038.0353472222223,677.6238194444444,106.27074869302261,-1.1979608995097901,901,569,283,231,EPSG:4326
119,Oil,A:\SIH26143_DATA\OFFICIAL_DATASET\PART_III_TEST\Images\Oil\00119.tif,C:\SlickTrace\outputs\part_iii_predictions\prediction_0119.tif,5,9015,0.9013008346511051,1285.200443704936,841.0663338879644,106.29295191140974,-1.212643190389744,1192,765,182,150,EPSG:4326
119,Oil,A:\SIH26143_DATA\OFFICIAL_DATASET\PART_III_TEST\Images\Oil\00119.tif,C:\SlickTrace\outputs\part_iii_predictions\prediction_0119.tif,6,38917,3.8908402198687804,1742.4220777552227,1166.2574453323741,106.3340248296195,-1.2418556049567768,1375,885,673,535,EPSG:4326
120,Oil,A:\SIH26143_DATA\OFFICIAL_DATASET\PART_III_TEST\Images\Oil\00120.tif,C:\SlickTrace\outputs\part_iii_predictions\prediction_0120.tif,1,7160,0.6267545688026829,1980.9462290502793,117.26229050279329,-88.74358137811697,28.99532065864407,1903,86,145,92,EPSG:4326
120,Oil,A:\SIH26143_DATA\OFFICIAL_DATASET\PART_III_TEST\Images\Oil\00120.tif,C:\SlickTrace\outputs\part_iii_predictions\prediction_0120.tif,2,203388,17.803681318385483,973.6889737840974,510.43945070505634,-88.83406483686156,28.96000095340643,0,208,2048,498,EPSG:4326
120,Oil,A:\SIH26143_DATA\OFFICIAL_DATASET\PART_III_TEST\Images\Oil\00120.tif,C:\SlickTrace\outputs\part_iii_predictions\prediction_0120.tif,3,2484,0.2174383168862939,1663.8450080515297,311.77415458937196,-88.77206706546058,28.977847360598915,1608,297,108,29,EPSG:4326
121,Oil,A:\SIH26143_DATA\OFFICIAL_DATASET\PART_III_TEST\Images\Oil\00121.tif,C:\SlickTrace\outputs\part_iii_predictions\prediction_0121.tif,1,2830,0.24772623859940263,777.6310954063604,25.130388692579505,-89.03411074214954,29.003337422024853,742,0,81,54,EPSG:4326
121,Oil,A:\SIH26143_DATA\OFFICIAL_DATASET\PART_III_TEST\Images\Oil\00121.tif,C:\SlickTrace\outputs\part_iii_predictions\prediction_0121.tif,2,10021,0.877195984807284,652.0231513820976,105.18191797225826,-89.04539429574191,28.996146270797947,562,53,173,115,EPSG:4326
121,Oil,A:\SIH26143_DATA\OFFICIAL_DATASET\PART_III_TEST\Images\Oil\00121.tif,C:\SlickTrace\outputs\part_iii_predictions\prediction_0121.tif,3,1415,0.12386311929970131,789.2989399293286,67.2374558303887,-89.03306260184277,28.99955487982692,750,53,85,33,EPSG:4326
121,Oil,A:\SIH26143_DATA\OFFICIAL_DATASET\PART_III_TEST\Images\Oil\00121.tif,C:\SlickTrace\outputs\part_iii_predictions\prediction_0121.tif,4,638,0.05584782340156144,504.44984326018806,173.7115987460815,-89.05865103156331,28.98999014483245,487,156,38,34,EPSG:4326
121,Oil,A:\SIH26143_DATA\OFFICIAL_DATASET\PART_III_TEST\Images\Oil\00121.tif,C:\SlickTrace\outputs\part_iii_predictions\prediction_0121.tif,5,2874,0.25157781262709655,494.23312456506613,222.93075852470423,-89.05956881501906,28.985568712482383,440,196,99,50,EPSG:4326
121,Oil,A:\SIH26143_DATA\OFFICIAL_DATASET\PART_III_TEST\Images\Oil\00121.tif,C:\SlickTrace\outputs\part_iii_predictions\prediction_0121.tif,6,27891,2.4414602546911444,172.0586927682765,403.3805887203757,-89.08851023664262,28.96935862843423,39,277,254,235,EPSG:4326
121,Oil,A:\SIH26143_DATA\OFFICIAL_DATASET\PART_III_TEST\Images\Oil\00121.tif,C:\SlickTrace\outputs\part_iii_predictions\prediction_0121.tif,7,841,0.07361758539296735,1753.7348394768132,527.7074910820452,-88.94642585093106,28.958190152772357,1730,513,44,29,EPSG:4326
121,Oil,A:\SIH26143_DATA\OFFICIAL_DATASET\PART_III_TEST\Images\Oil\00121.tif,C:\SlickTrace\outputs\part_iii_predictions\prediction_0121.tif,8,567,0.04963278349323721,1296.647266313933,543.2275132275132,-88.98748672624639,28.956795965462042,1281,533,37,22,EPSG:4326
121,Oil,A:\SIH26143_DATA\OFFICIAL_DATASET\PART_III_TEST\Images\Oil\00121.tif,C:\SlickTrace\outputs\part_iii_predictions\prediction_0121.tif,9,3186,0.2788889739143805,1635.8135593220338,571.1242937853108,-88.95701889975966,28.954289955026763,1567,553,127,42,EPSG:4326
121,Oil,A:\SIH26143_DATA\OFFICIAL_DATASET\PART_III_TEST\Images\Oil\00121.tif,C:\SlickTrace\outputs\part_iii_predictions\prediction_0121.tif,10,93386,8.17461573068686,1237.0107510761784,702.7446833572484,-88.99284396555936,28.94246629426134,934,564,717,257,EPSG:4326
121,Oil,A:\SIH26143_DATA\OFFICIAL_DATASET\PART_III_TEST\Images\Oil\00121.tif,C:\SlickTrace\outputs\part_iii_predictions\prediction_0121.tif,11,5316,0.4653401711641076,1466.6264108352145,596.7618510158013,-88.97221723989588,28.951986894076,1402,565,138,80,EPSG:4326
121,Oil,A:\SIH26143_DATA\OFFICIAL_DATASET\PART_III_TEST\Images\Oil\00121.tif,C:\SlickTrace\outputs\part_iii_predictions\prediction_0121.tif,12,1210,0.10591828576158205,1570.414876033058,607.3380165289257,-88.96289376343563,28.951036820963218,1548,593,50,33,EPSG:4326
121,Oil,A:\SIH26143_DATA\OFFICIAL_DATASET\PART_III_TEST\Images\Oil\00121.tif,C:\SlickTrace\outputs\part_iii_predictions\prediction_0121.tif,13,743,0.06503907960401277,887.9515477792733,679.0013458950202,-89.02420048729778,28.94459919455517,872,664,35,29,EPSG:4326
121,Oil,A:\SIH26143_DATA\OFFICIAL_DATASET\PART_III_TEST\Images\Oil\00121.tif,C:\SlickTrace\outputs\part_iii_predictions\prediction_0121.tif,14,8169,0.7150797325507138,679.4263679764965,804.3482678418411,-89.04293262291183,28.933339088974957,567,715,234,178,EPSG:4326
121,Oil,A:\SIH26143_DATA\OFFICIAL_DATASET\PART_III_TEST\Images\Oil\00121.tif,C:\SlickTrace\outputs\part_iii_predictions\prediction_0121.tif,15,660,0.05777361041540839,423.3,986.439393939394,-89.06594084601377,28.916981564807358,403,975,38,24,EPSG:4326
122,Oil,A:\SIH26143_DATA\OFFICIAL_DATASET\PART_III_TEST\Images\Oil\00122.tif,C:\SlickTrace\outputs\part_iii_predictions\prediction_0122.tif,1,70582,6.19203247474263,889.8364738885268,488.5528321668414,48.489991338841754,28.73283597562524,493,363,666,248,EPSG:4326
122,Oil,A:\SIH26143_DATA\OFFICIAL_DATASET\PART_III_TEST\Images\Oil\00122.tif,C:\SlickTrace\outputs\part_iii_predictions\prediction_0122.tif,2,1348,0.11825762624965382,938.7047477744807,585.0964391691394,48.494381250575785,28.72416331584982,909,564,56,40,EPSG:4326
122,Oil,A:\SIH26143_DATA\OFFICIAL_DATASET\PART_III_TEST\Images\Oil\00122.tif,C:\SlickTrace\outputs\part_iii_predictions\prediction_0122.tif,3,1940,0.1701927262049914,729.8773195876289,917.1025773195877,48.47562196352742,28.694338697017617,697,888,71,58,EPSG:4326
122,Oil,A:\SIH26143_DATA\OFFICIAL_DATASET\PART_III_TEST\Images\Oil\00122.tif,C:\SlickTrace\outputs\part_iii_predictions\prediction_0122.tif,4,2925,0.25660501244824735,910.5736752136752,943.1832478632479,48.49185419333178,28.69199583052067,877,901,76,82,EPSG:4326
122,Oil,A:\SIH26143_DATA\OFFICIAL_DATASET\PART_III_TEST\Images\Oil\00122.tif,C:\SlickTrace\outputs\part_iii_predictions\prediction_0122.tif,5,611,0.05360193593363389,797.2651391162029,933.5286415711947,48.48167551435203,28.6928631185601,779,920,38,29,EPSG:4326
122,Oil,A:\SIH26143_DATA\OFFICIAL_DATASET\PART_III_TEST\Images\Oil\00122.tif,C:\SlickTrace\outputs\part_iii_predictions\prediction_0122.tif,6,897,0.07869220381746252,837.3311036789298,958.8528428093646,48.48527470118599,28.690588206857065,821,937,34,42,EPSG:4326
122,Oil,A:\SIH26143_DATA\OFFICIAL_DATASET\PART_III_TEST\Images\Oil\00122.tif,C:\SlickTrace\outputs\part_iii_predictions\prediction_0122.tif,7,4615,0.4048656863072347,677.3993499458288,967.4771397616468,48.470907787306544,28.689813473080363,609,943,139,51,EPSG:4326
122,Oil,A:\SIH26143_DATA\OFFICIAL_DATASET\PART_III_TEST\Images\Oil\00122.tif,C:\SlickTrace\outputs\part_iii_predictions\prediction_0122.tif,8,4521,0.39661923462513715,481.8690555186906,1075.1203273612032,48.45334300210732,28.68014372101516,442,1037,93,89,EPSG:4326
122,Oil,A:\SIH26143_DATA\OFFICIAL_DATASET\PART_III_TEST\Images\Oil\00122.tif,C:\SlickTrace\outputs\part_iii_predictions\prediction_0122.tif,9,96843,8.495862981376279,721.5922265935586,1253.5466683188254,48.47487770096073,28.664115410097985,442,1076,560,318,EPSG:4326
122,Oil,A:\SIH26143_DATA\OFFICIAL_DATASET\PART_III_TEST\Images\Oil\00122.tif,C:\SlickTrace\outputs\part_iii_predictions\prediction_0122.tif,10,4112,0.36073839698707455,393.8202821011673,1123.181420233463,48.44543344621643,28.675826319585298,353,1083,86,83,EPSG:4326
122,Oil,A:\SIH26143_DATA\OFFICIAL_DATASET\PART_III_TEST\Images\Oil\00122.tif,C:\SlickTrace\outputs\part_iii_predictions\prediction_0122.tif,11,359029,31.49697128693395,1348.9315514902696,1748.8540480016934,48.53123255134913,28.619621191147356,787,1093,1261,955,EPSG:4326
122,Oil,A:\SIH26143_DATA\OFFICIAL_DATASET\PART_III_TEST\Images\Oil\00122.tif,C:\SlickTrace\outputs\part_iii_predictions\prediction_0122.tif,12,1119,0.09816786630071411,965.7533512064343,1120.0616621983913,48.496811067963485,28.67610657221786,918,1103,90,32,EPSG:4326
122,Oil,A:\SIH26143_DATA\OFFICIAL_DATASET\PART_III_TEST\Images\Oil\00122.tif,C:\SlickTrace\outputs\part_iii_predictions\prediction_0122.tif,13,526,0.046145038135992515,989.6692015209126,1152.8688212927757,48.49895946535051,28.67315945497356,976,1142,31,24,EPSG:4326
122,Oil,A:\SIH26143_DATA\OFFICIAL_DATASET\PART_III_TEST\Images\Oil\00122.tif,C:\SlickTrace\outputs\part_iii_predictions\prediction_0122.tif,14,1564,0.13720691947660132,1014.9149616368286,1182.312020460358,48.501227330567644,28.670514527391,986,1155,59,50,EPSG:4326
122,Oil,A:\SIH26143_DATA\OFFICIAL_DATASET\PART_III_TEST\Images\Oil\00122.tif,C:\SlickTrace\outputs\part_iii_predictions\prediction_0122.tif,15,1705,0.1495765969997476,434.6175953079179,1186.4809384164223,48.44909833121689,28.67014002711918,400,1160,78,63,EPSG:4326
122,Oil,A:\SIH26143_DATA\OFFICIAL_DATASET\PART_III_TEST\Images\Oil\00122.tif,C:\SlickTrace\outputs\part_iii_predictions\prediction_0122.tif,16,773,0.06781390585384452,1651.8137128072444,1303.8771021992238,48.55844091882894,28.659594150296872,1628,1290,43,29,EPSG:4326
122,Oil,A:\SIH26143_DATA\OFFICIAL_DATASET\PART_III_TEST\Images\Oil\00122.tif,C:\SlickTrace\outputs\part_iii_predictions\prediction_0122.tif,17,51563,4.523529660468027,1827.2987801330412,1510.5351899617942,48.5742050106403,28.64102973841447,1581,1386,467,254,EPSG:4326
122,Oil,A:\SIH26143_DATA\OFFICIAL_DATASET\PART_III_TEST\Images\Oil\00122.tif,C:\SlickTrace\outputs\part_iii_predictions\prediction_0122.tif,18,1178,0.10334383065437107,1547.0449915110357,1541.637521222411,48.54902938446514,28.638235768460152,1527,1518,39,49,EPSG:4326
122,Oil,A:\SIH26143_DATA\OFFICIAL_DATASET\PART_III_TEST\Images\Oil\00122.tif,C:\SlickTrace\outputs\part_iii_predictions\prediction_0122.tif,19,873,0.07658672679224612,1505.9667812142038,1552.1489117983963,48.54533926604975,28.637291514178976,1493,1530,26,46,EPSG:4326
122,Oil,A:\SIH26143_DATA\OFFICIAL_DATASET\PART_III_TEST\Images\Oil\00122.tif,C:\SlickTrace\outputs\part_iii_predictions\prediction_0122.tif,20,703,0.061672931196963376,1619.4196301564723,1645.9715504978662,48.555530908872925,28.628863283144963,1600,1632,39,29,EPSG:4326
122,Oil,A:\SIH26143_DATA\OFFICIAL_DATASET\PART_III_TEST\Images\Oil\00122.tif,C:\SlickTrace\outputs\part_iii_predictions\prediction_0122.tif,21,2399,0.21045997431225483,1440.6961233847437,1673.6490204251772,48.53947590309647,28.626376973718816,1391,1650,96,57,EPSG:4326
122,Oil,A:\SIH26143_DATA\OFFICIAL_DATASET\PART_III_TEST\Images\Oil\00122.tif,C:\SlickTrace\outputs\part_iii_predictions\prediction_0122.tif,22,870,0.07632354216409408,1422.8724137931035,1739.1793103448276,48.53787477202189,28.620490287618054,1391,1720,52,45,EPSG:4326
122,Oil,A:\SIH26143_DATA\OFFICIAL_DATASET\PART_III_TEST\Images\Oil\00122.tif,C:\SlickTrace\outputs\part_iii_predictions\prediction_0122.tif,23,1115,0.09781695346317805,1420.0627802690583,1799.6977578475337,48.537622378348146,28.615053822981768,1406,1762,40,70,EPSG:4326
123,Oil,A:\SIH26143_DATA\OFFICIAL_DATASET\PART_III_TEST\Images\Oil\00123.tif,C:\SlickTrace\outputs\part_iii_predictions\prediction_0123.tif,1,19619,1.4279134189913734,284.89958713492024,214.23951271726386,9.05299921976034,43.36920826046509,161,104,272,187,EPSG:4326
123,Oil,A:\SIH26143_DATA\OFFICIAL_DATASET\PART_III_TEST\Images\Oil\00123.tif,C:\SlickTrace\outputs\part_iii_predictions\prediction_0123.tif,2,82592,6.011225093090142,1181.9345820418444,404.44578167376983,9.133581244391836,43.352121740611196,785,140,1086,402,EPSG:4326
123,Oil,A:\SIH26143_DATA\OFFICIAL_DATASET\PART_III_TEST\Images\Oil\00123.tif,C:\SlickTrace\outputs\part_iii_predictions\prediction_0123.tif,3,966,0.07030757748843808,463.30227743271223,166.99792960662526,9.069025406102595,43.373452044080516,437,156,60,24,EPSG:4326
123,Oil,A:\SIH26143_DATA\OFFICIAL_DATASET\PART_III_TEST\Images\Oil\00123.tif,C:\SlickTrace\outputs\part_iii_predictions\prediction_0123.tif,4,1935,0.14083350149081542,653.0687338501292,217.45839793281652,9.08607241692389,43.36891910308639,611,198,80,41,EPSG:4326
123,Oil,A:\SIH26143_DATA\OFFICIAL_DATASET\PART_III_TEST\Images\Oil\00123.tif,C:\SlickTrace\outputs\part_iii_predictions\prediction_0123.tif,5,984,0.07161765657207357,482.1077235772358,226.1819105691057,9.070714728072225,43.36813545661315,461,213,47,33,EPSG:4326
123,Oil,A:\SIH26143_DATA\OFFICIAL_DATASET\PART_III_TEST\Images\Oil\00123.tif,C:\SlickTrace\outputs\part_iii_predictions\prediction_0123.tif,6,10489,0.7634121949029264,2015.488797788159,649.0113452188007,9.208460693606554,43.33015204224101,1951,519,97,221,EPSG:4326
123,Oil,A:\SIH26143_DATA\OFFICIAL_DATASET\PART_III_TEST\Images\Oil\00123.tif,C:\SlickTrace\outputs\part_iii_predictions\prediction_0123.tif,7,1101,0.08013317061570427,1977.125340599455,555.7693006357856,9.205014445612127,43.33852811761816,1951,542,64,33,EPSG:4326
124,Oil,A:\SIH26143_DATA\OFFICIAL_DATASET\PART_III_TEST\Images\Oil\00124.tif,C:\SlickTrace\outputs\part_iii_predictions\prediction_0124.tif,1,1068,0.09958921015734826,1755.686329588015,1041.7968164794008,38.81334756941213,21.174478371979422,1736,1020,38,44,EPSG:4326
124,Oil,A:\SIH26143_DATA\OFFICIAL_DATASET\PART_III_TEST\Images\Oil\00124.tif,C:\SlickTrace\outputs\part_iii_predictions\prediction_0124.tif,2,1534,0.1430429291960414,1663.0475880052152,1099.7281616688397,38.805025689665584,21.169274310698093,1634,1071,56,69,EPSG:4326
124,Oil,A:\SIH26143_DATA\OFFICIAL_DATASET\PART_III_TEST\Images\Oil\00124.tif,C:\SlickTrace\outputs\part_iii_predictions\prediction_0124.tif,3,746,0.06956324979155598,1692.7801608579089,1169.2399463806971,38.80769661212856,21.163029960834784,1679,1152,28,36,EPSG:4326
124,Oil,A:\SIH26143_DATA\OFFICIAL_DATASET\PART_III_TEST\Images\Oil\00124.tif,C:\SlickTrace\outputs\part_iii_predictions\prediction_0124.tif,4,511,0.047649893623974676,1732.9178082191781,1182.9001956947163,38.81130223833789,21.16180283976042,1717,1169,31,26,EPSG:4326
124,Oil,A:\SIH26143_DATA\OFFICIAL_DATASET\PART_III_TEST\Images\Oil\00124.tif,C:\SlickTrace\outputs\part_iii_predictions\prediction_0124.tif,5,962,0.08970488780090732,1871.7702702702702,1258.8586278586279,38.8237755672277,21.15497937770336,1849,1245,50,36,EPSG:4326
124,Oil,A:\SIH26143_DATA\OFFICIAL_DATASET\PART_III_TEST\Images\Oil\00124.tif,C:\SlickTrace\outputs\part_iii_predictions\prediction_0124.tif,6,14095,1.3143351284342917,1936.5704150407946,1364.7805604824405,38.82959666327375,21.145464248603414,1852,1276,187,191,EPSG:4326
124,Oil,A:\SIH26143_DATA\OFFICIAL_DATASET\PART_III_TEST\Images\Oil\00124.tif,C:\SlickTrace\outputs\part_iii_predictions\prediction_0124.tif,7,505,0.047090403679270476,1827.7128712871288,1318.9841584158416,38.819817823739186,21.149578209396825,1815,1305,26,28,EPSG:4326
124,Oil,A:\SIH26143_DATA\OFFICIAL_DATASET\PART_III_TEST\Images\Oil\00124.tif,C:\SlickTrace\outputs\part_iii_predictions\prediction_0124.tif,8,519,0.048395880216913614,1532.179190751445,1387.9210019267823,38.79326958151945,21.14338550738034,1522,1372,22,34,EPSG:4326
124,Oil,A:\SIH26143_DATA\OFFICIAL_DATASET\PART_III_TEST\Images\Oil\00124.tif,C:\SlickTrace\outputs\part_iii_predictions\prediction_0124.tif,9,1195,0.11143174732025389,2024.634309623431,1402.9832635983264,38.83750757752202,21.142032441393045,1998,1383,50,43,EPSG:4326
124,Oil,A:\SIH26143_DATA\OFFICIAL_DATASET\PART_III_TEST\Images\Oil\00124.tif,C:\SlickTrace\outputs\part_iii_predictions\prediction_0124.tif,10,1390,0.1296151705231405,1509.4230215827338,1437.5525179856115,38.79122536006223,21.138927032435372,1489,1408,44,54,EPSG:4326
124,Oil,A:\SIH26143_DATA\OFFICIAL_DATASET\PART_III_TEST\Images\Oil\00124.tif,C:\SlickTrace\outputs\part_iii_predictions\prediction_0124.tif,11,1190,0.11096550569966705,1885.5747899159664,1454.8579831932773,38.82501564832646,21.137372456045888,1863,1429,50,50,EPSG:4326
124,Oil,A:\SIH26143_DATA\OFFICIAL_DATASET\PART_III_TEST\Images\Oil\00124.tif,C:\SlickTrace\outputs\part_iii_predictions\prediction_0124.tif,12,2893,0.2697674016715435,1573.4296577946768,1491.270998963014,38.79697517402166,21.134101419185207,1532,1431,88,107,EPSG:4326
124,Oil,A:\SIH26143_DATA\OFFICIAL_DATASET\PART_III_TEST\Images\Oil\00124.tif,C:\SlickTrace\outputs\part_iii_predictions\prediction_0124.tif,13,1122,0.10462461965968609,1463.198752228164,1493.5935828877004,38.78707296329638,21.133892777921385,1443,1476,43,40,EPSG:4326
124,Oil,A:\SIH26143_DATA\OFFICIAL_DATASET\PART_III_TEST\Images\Oil\00124.tif,C:\SlickTrace\outputs\part_iii_predictions\prediction_0124.tif,14,657,0.0612641489451103,1912.7686453576864,1498.4794520547946,38.827458513924206,21.133453872826486,1900,1482,26,34,EPSG:4326
124,Oil,A:\SIH26143_DATA\OFFICIAL_DATASET\PART_III_TEST\Images\Oil\00124.tif,C:\SlickTrace\outputs\part_iii_predictions\prediction_0124.tif,15,855,0.07972731712034901,1979.1637426900584,1513.4713450292397,38.83342288699664,21.1321071281668,1968,1490,23,48,EPSG:4326
124,Oil,A:\SIH26143_DATA\OFFICIAL_DATASET\PART_III_TEST\Images\Oil\00124.tif,C:\SlickTrace\outputs\part_iii_predictions\prediction_0124.tif,16,1202,0.11208448558907547,1567.0124792013312,1542.1247920133112,38.796398709060526,21.129533145229953,1545,1517,49,50,EPSG:4326
124,Oil,A:\SIH26143_DATA\OFFICIAL_DATASET\PART_III_TEST\Images\Oil\00124.tif,C:\SlickTrace\outputs\part_iii_predictions\prediction_0124.tif,17,10886,1.0151012563416602,1511.6732500459304,1624.0269153040604,38.79142750152435,21.12217575231456,1448,1519,136,206,EPSG:4326
124,Oil,A:\SIH26143_DATA\OFFICIAL_DATASET\PART_III_TEST\Images\Oil\00124.tif,C:\SlickTrace\outputs\part_iii_predictions\prediction_0124.tif,18,1042,0.0971647537302967,1657.2552783109404,1589.8262955854127,38.80450535763271,21.125248046256523,1632,1577,51,29,EPSG:4326
124,Oil,A:\SIH26143_DATA\OFFICIAL_DATASET\PART_III_TEST\Images\Oil\00124.tif,C:\SlickTrace\outputs\part_iii_predictions\prediction_0124.tif,19,60448,5.636674696246617,1783.1197392800423,1896.9009561937532,38.81581195453431,21.097663060157494,1567,1578,419,470,EPSG:4326
124,Oil,A:\SIH26143_DATA\OFFICIAL_DATASET\PART_III_TEST\Images\Oil\00124.tif,C:\SlickTrace\outputs\part_iii_predictions\prediction_0124.tif,20,10242,0.9550493356100757,1615.3026752587384,1775.4613356766256,38.80073669117967,21.108572166878314,1573,1653,95,237,EPSG:4326
124,Oil,A:\SIH26143_DATA\OFFICIAL_DATASET\PART_III_TEST\Images\Oil\00124.tif,C:\SlickTrace\outputs\part_iii_predictions\prediction_0124.tif,21,724,0.0675117866609739,1825.882596685083,1704.2803867403316,38.81965340737427,21.114966460315074,1812,1686,31,35,EPSG:4326
124,Oil,A:\SIH26143_DATA\OFFICIAL_DATASET\PART_III_TEST\Images\Oil\00124.tif,C:\SlickTrace\outputs\part_iii_predictions\prediction_0124.tif,22,2529,0.23582501169282183,1875.749703440095,1819.936338473705,38.824133045791555,21.104576909400926,1840,1771,69,115,EPSG:4326
124,Oil,A:\SIH26143_DATA\OFFICIAL_DATASET\PART_III_TEST\Images\Oil\00124.tif,C:\SlickTrace\outputs\part_iii_predictions\prediction_0124.tif,23,531,0.04951486010632202,1999.5216572504708,1867.120527306968,38.83525166957688,21.100338281601157,1985,1855,31,26,EPSG:4326
124,Oil,A:\SIH26143_DATA\OFFICIAL_DATASET\PART_III_TEST\Images\Oil\00124.tif,C:\SlickTrace\outputs\part_iii_predictions\prediction_0124.tif,24,984,0.0917563509314894,2018.604674796748,1967.111788617886,38.83696592620977,21.091355913769757,1993,1947,54,36,EPSG:4326
125,Oil,A:\SIH26143_DATA\OFFICIAL_DATASET\PART_III_TEST\Images\Oil\00125.tif,C:\SlickTrace\outputs\part_iii_predictions\prediction_0125.tif,1,10525,0.8575056295650896,280.6847505938242,82.3033729216152,35.51524639229843,35.52444054724986,148,0,261,228,EPSG:4326
125,Oil,A:\SIH26143_DATA\OFFICIAL_DATASET\PART_III_TEST\Images\Oil\00125.tif,C:\SlickTrace\outputs\part_iii_predictions\prediction_0125.tif,2,251008,20.45042974497615,578.2920663883223,511.55569941993883,35.54198091234283,35.48588015468613,0,0,1072,1257,EPSG:4326
125,Oil,A:\SIH26143_DATA\OFFICIAL_DATASET\PART_III_TEST\Images\Oil\00125.tif,C:\SlickTrace\outputs\part_iii_predictions\prediction_0125.tif,3,10651,0.8677712551541824,555.3286076424749,168.39564360153977,35.539918069746065,35.51670674699023,472,95,140,156,EPSG:4326
125,Oil,A:\SIH26143_DATA\OFFICIAL_DATASET\PART_III_TEST\Images\Oil\00125.tif,C:\SlickTrace\outputs\part_iii_predictions\prediction_0125.tif,4,9579,0.7804319644279328,362.22413613112013,156.45996450568953,35.522571199927015,35.51777894728604,300,96,134,140,EPSG:4326
125,Oil,A:\SIH26143_DATA\OFFICIAL_DATASET\PART_III_TEST\Images\Oil\00125.tif,C:\SlickTrace\outputs\part_iii_predictions\prediction_0125.tif,5,705,0.05743861936754282,129.37021276595743,254.01843971631206,35.501653576094405,35.50901512034833,112,238,33,33,EPSG:4326
125,Oil,A:\SIH26143_DATA\OFFICIAL_DATASET\PART_III_TEST\Images\Oil\00125.tif,C:\SlickTrace\outputs\part_iii_predictions\prediction_0125.tif,6,1139,0.0927979963966401,63.602282704126424,360.19929762949954,35.49574554241646,35.4994767315939,41,326,43,75,EPSG:4326
125,Oil,A:\SIH26143_DATA\OFFICIAL_DATASET\PART_III_TEST\Images\Oil\00125.tif,C:\SlickTrace\outputs\part_iii_predictions\prediction_0125.tif,7,4294,0.34984600221876433,296.26455519329295,465.41895668374474,35.51664594995796,35.49002468880207,236,436,111,62,EPSG:4326
125,Oil,A:\SIH26143_DATA\OFFICIAL_DATASET\PART_III_TEST\Images\Oil\00125.tif,C:\SlickTrace\outputs\part_iii_predictions\prediction_0125.tif,8,1686,0.13736384716833644,382.2758007117438,524.9288256227758,35.5243724716035,35.48467882631969,367,480,39,96,EPSG:4326
125,Oil,A:\SIH26143_DATA\OFFICIAL_DATASET\PART_III_TEST\Images\Oil\00125.tif,C:\SlickTrace\outputs\part_iii_predictions\prediction_0125.tif,9,1758,0.14322991893353232,248.4032992036405,562.2275312855518,35.5123465001807,35.48132822658221,209,536,69,50,EPSG:4326
125,Oil,A:\SIH26143_DATA\OFFICIAL_DATASET\PART_III_TEST\Images\Oil\00125.tif,C:\SlickTrace\outputs\part_iii_predictions\prediction_0125.tif,10,523,0.04261049351663106,74.44933078393882,663.4474187380497,35.49671994932423,35.47223548938666,63,647,27,31,EPSG:4326
125,Oil,A:\SIH26143_DATA\OFFICIAL_DATASET\PART_III_TEST\Images\Oil\00125.tif,C:\SlickTrace\outputs\part_iii_predictions\prediction_0125.tif,11,584,0.04758035987325533,421.1078767123288,674.652397260274,35.52786081634204,35.471228929040194,411,653,21,42,EPSG:4326
125,Oil,A:\SIH26143_DATA\OFFICIAL_DATASET\PART_III_TEST\Images\Oil\00125.tif,C:\SlickTrace\outputs\part_iii_predictions\prediction_0125.tif,12,8115,0.6611551718689503,219.8173752310536,769.1353049907578,35.50977858293917,35.46274138502996,122,724,193,90,EPSG:4326
125,Oil,A:\SIH26143_DATA\OFFICIAL_DATASET\PART_III_TEST\Images\Oil\00125.tif,C:\SlickTrace\outputs\part_iii_predictions\prediction_0125.tif,13,759,0.061838173191439715,335.9973649538867,786.361001317523,35.520215208986855,35.46119397440096,317,768,38,37,EPSG:4326
126,Oil,A:\SIH26143_DATA\OFFICIAL_DATASET\PART_III_TEST\Images\Oil\00126.tif,C:\SlickTrace\outputs\part_iii_predictions\prediction_0126.tif,1,687,0.0597301344874235,701.3333333333334,764.3216885007278,-89.22308130284841,29.631285056910023,688,747,27,36,EPSG:4326
126,Oil,A:\SIH26143_DATA\OFFICIAL_DATASET\PART_III_TEST\Images\Oil\00126.tif,C:\SlickTrace\outputs\part_iii_predictions\prediction_0126.tif,2,1109,0.0964202607664522,317.7376014427412,858.4743011722272,-89.25754029373644,29.622827183809765,297,830,37,58,EPSG:4326
126,Oil,A:\SIH26143_DATA\OFFICIAL_DATASET\PART_III_TEST\Images\Oil\00126.tif,C:\SlickTrace\outputs\part_iii_predictions\prediction_0126.tif,3,2688,0.2337039323176046,1637.6283482142858,866.9088541666666,-89.13897249061716,29.622069495022803,1567,841,133,65,EPSG:4326
126,Oil,A:\SIH26143_DATA\OFFICIAL_DATASET\PART_III_TEST\Images\Oil\00126.tif,C:\SlickTrace\outputs\part_iii_predictions\prediction_0126.tif,4,579,0.050340244349662604,1727.4887737478412,963.4991364421417,-89.13090019124773,29.613392642336255,1718,934,19,69,EPSG:4326
126,Oil,A:\SIH26143_DATA\OFFICIAL_DATASET\PART_III_TEST\Images\Oil\00126.tif,C:\SlickTrace\outputs\part_iii_predictions\prediction_0126.tif,5,4680,0.40689523930297233,1663.966452991453,1292.6307692307691,-89.13660649840955,29.583826244714132,1623,1132,65,347,EPSG:4326
126,Oil,A:\SIH26143_DATA\OFFICIAL_DATASET\PART_III_TEST\Images\Oil\00126.tif,C:\SlickTrace\outputs\part_iii_predictions\prediction_0126.tif,6,59328,5.158179649009988,131.82112998921252,1920.66976806904,-89.27424145452407,29.527408541546176,0,1628,435,420,EPSG:4326
126,Oil,A:\SIH26143_DATA\OFFICIAL_DATASET\PART_III_TEST\Images\Oil\00126.tif,C:\SlickTrace\outputs\part_iii_predictions\prediction_0126.tif,7,803,0.06981557204279631,115.6027397260274,1883.9302615193026,-89.2756983773098,29.53070890757264,98,1859,36,44,EPSG:4326
126,Oil,A:\SIH26143_DATA\OFFICIAL_DATASET\PART_III_TEST\Images\Oil\00126.tif,C:\SlickTrace\outputs\part_iii_predictions\prediction_0126.tif,8,698,0.06068651218663989,488.54154727793696,2026.4641833810888,-89.24219671422327,29.51790486752125,474,2011,29,33,EPSG:4326
127,Oil,A:\SIH26143_DATA\OFFICIAL_DATASET\PART_III_TEST\Images\Oil\00127.tif,C:\SlickTrace\outputs\part_iii_predictions\prediction_0127.tif,1,2605,0.21223773539354474,879.9120921305182,1603.6510556621881,35.74406771760138,35.3877755596633,851,1567,64,84,EPSG:4326
128,Oil,A:\SIH26143_DATA\OFFICIAL_DATASET\PART_III_TEST\Images\Oil\00128.tif,C:\SlickTrace\outputs\part_iii_predictions\prediction_0128.tif,1,16512,1.648581377126101,555.0070857558139,306.56038032945736,116.33797972725965,-3.17207723192251,381,129,321,305,EPSG:4326
128,Oil,A:\SIH26143_DATA\OFFICIAL_DATASET\PART_III_TEST\Images\Oil\00128.tif,C:\SlickTrace\outputs\part_iii_predictions\prediction_0128.tif,2,1770,0.17671929733001449,919.0152542372881,881.0474576271187,116.37067913738878,-3.223684284129074,888,846,67,69,EPSG:4326
129,Oil,A:\SIH26143_DATA\OFFICIAL_DATASET\PART_III_TEST\Images\Oil\00129.tif,C:\SlickTrace\outputs\part_iii_predictions\prediction_0129.tif,1,170099,14.88973873633463,897.5986454946825,1025.3010834866755,-88.84045165207235,28.913551698872073,0,239,1680,1809,EPSG:4326
130,Oil,A:\SIH26143_DATA\OFFICIAL_DATASET\PART_III_TEST\Images\Oil\00130.tif,C:\SlickTrace\outputs\part_iii_predictions\prediction_0130.tif,1,527,0.05010131345073348,2023.7020872865276,1100.6584440227705,40.256229170345804,18.062727351990443,2012,1085,26,29,EPSG:4326
130,Oil,A:\SIH26143_DATA\OFFICIAL_DATASET\PART_III_TEST\Images\Oil\00130.tif,C:\SlickTrace\outputs\part_iii_predictions\prediction_0130.tif,2,720,0.06844961230460742,1682.2916666666667,1202.3180555555555,40.225559750445754,18.053595113708685,1672,1181,23,47,EPSG:4326
130,Oil,A:\SIH26143_DATA\OFFICIAL_DATASET\PART_III_TEST\Images\Oil\00130.tif,C:\SlickTrace\outputs\part_iii_predictions\prediction_0130.tif,3,828,0.07871705415029852,1940.3695652173913,1306.3200483091787,40.24874328252191,18.044252455741738,1920,1292,39,33,EPSG:4326
130,Oil,A:\SIH26143_DATA\OFFICIAL_DATASET\PART_III_TEST\Images\Oil\00130.tif,C:\SlickTrace\outputs\part_iii_predictions\prediction_0130.tif,4,1029,0.09782590425200142,1935.7473275024295,1354.3109815354712,40.24832805984329,18.039941356860105,1919,1330,30,56,EPSG:4326
130,Oil,A:\SIH26143_DATA\OFFICIAL_DATASET\PART_III_TEST\Images\Oil\00130.tif,C:\SlickTrace\outputs\part_iii_predictions\prediction_0130.tif,5,79487,7.5567421295226795,1927.1983091574723,1654.8821568306766,40.24756008845894,18.012940588786762,1731,1338,317,542,EPSG:4326
130,Oil,A:\SIH26143_DATA\OFFICIAL_DATASET\PART_III_TEST\Images\Oil\00130.tif,C:\SlickTrace\outputs\part_iii_predictions\prediction_0130.tif,6,268665,25.54168762474632,1100.2845923361808,1700.6438092047717,40.17327716541208,18.00882974961134,73,1341,1650,707,EPSG:4326
130,Oil,A:\SIH26143_DATA\OFFICIAL_DATASET\PART_III_TEST\Images\Oil\00130.tif,C:\SlickTrace\outputs\part_iii_predictions\prediction_0130.tif,7,515,0.04896048657899003,1738.2174757281553,1371.3126213592234,40.230583651351424,18.03841407356923,1725,1352,27,39,EPSG:4326
130,Oil,A:\SIH26143_DATA\OFFICIAL_DATASET\PART_III_TEST\Images\Oil\00130.tif,C:\SlickTrace\outputs\part_iii_predictions\prediction_0130.tif,8,817,0.0776712961845337,1626.922888616891,1390.4296205630355,40.22058588848724,18.0366967643121,1616,1361,23,59,EPSG:4326
130,Oil,A:\SIH26143_DATA\OFFICIAL_DATASET\PART_III_TEST\Images\Oil\00130.tif,C:\SlickTrace\outputs\part_iii_predictions\prediction_0130.tif,9,977,0.09288232114111311,1914.9099283520982,1402.3121801432958,40.246456204429485,18.035629335823558,1898,1384,34,38,EPSG:4326
130,Oil,A:\SIH26143_DATA\OFFICIAL_DATASET\PART_III_TEST\Images\Oil\00130.tif,C:\SlickTrace\outputs\part_iii_predictions\prediction_0130.tif,10,532,0.05057665798062659,1685.874060150376,1420.375939849624,40.22588156232777,18.034006640680275,1676,1403,22,33,EPSG:4326
130,Oil,A:\SIH26143_DATA\OFFICIAL_DATASET\PART_III_TEST\Images\Oil\00130.tif,C:\SlickTrace\outputs\part_iii_predictions\prediction_0130.tif,11,1205,0.1145580317042388,1550.964315352697,1430.453112033195,40.21376241375493,18.033101392900953,1530,1408,42,49,EPSG:4326
130,Oil,A:\SIH26143_DATA\OFFICIAL_DATASET\PART_III_TEST\Images\Oil\00130.tif,C:\SlickTrace\outputs\part_iii_predictions\prediction_0130.tif,12,4077,0.38759592967483947,1756.3115035565368,1492.3598233995585,40.232209065526376,18.027540218399956,1715,1442,84,116,EPSG:4326
130,Oil,A:\SIH26143_DATA\OFFICIAL_DATASET\PART_III_TEST\Images\Oil\00130.tif,C:\SlickTrace\outputs\part_iii_predictions\prediction_0130.tif,13,1853,0.17616268277838545,1890.985429033999,1504.6195358877496,40.24430703008925,18.02643890968925,1871,1454,49,96,EPSG:4326
130,Oil,A:\SIH26143_DATA\OFFICIAL_DATASET\PART_III_TEST\Images\Oil\00130.tif,C:\SlickTrace\outputs\part_iii_predictions\prediction_0130.tif,14,1380,0.13119509025049755,1830.386231884058,1516.1420289855073,40.23886331158874,18.02540382652316,1803,1482,49,62,EPSG:4326
130,Oil,A:\SIH26143_DATA\OFFICIAL_DATASET\PART_III_TEST\Images\Oil\00130.tif,C:\SlickTrace\outputs\part_iii_predictions\prediction_0130.tif,15,690,0.06559754512524878,833.5550724637682,1616.3086956521738,40.14931644496935,18.016405701760565,821,1599,26,42,EPSG:4326
130,Oil,A:\SIH26143_DATA\OFFICIAL_DATASET\PART_III_TEST\Images\Oil\00130.tif,C:\SlickTrace\outputs\part_iii_predictions\prediction_0130.tif,16,1264,0.12016709715697746,1684.0878164556962,1683.5893987341772,40.225721101326556,18.01036177337008,1668,1655,36,54,EPSG:4326
130,Oil,A:\SIH26143_DATA\OFFICIAL_DATASET\PART_III_TEST\Images\Oil\00130.tif,C:\SlickTrace\outputs\part_iii_predictions\prediction_0130.tif,17,778,0.07396360885136745,1660.3701799485862,1796.5115681233933,40.22359050978881,18.000217802302252,1646,1779,31,38,EPSG:4326
130,Oil,A:\SIH26143_DATA\OFFICIAL_DATASET\PART_III_TEST\Images\Oil\00130.tif,C:\SlickTrace\outputs\part_iii_predictions\prediction_0130.tif,18,837,0.07957267430410611,1621.7299880525686,1826.1816009557945,40.22011940229265,17.997552497904884,1605,1804,35,41,EPSG:4326
130,Oil,A:\SIH26143_DATA\OFFICIAL_DATASET\PART_III_TEST\Images\Oil\00130.tif,C:\SlickTrace\outputs\part_iii_predictions\prediction_0130.tif,19,995,0.0945935614487283,1125.2914572864322,1871.2613065326634,40.17552357031135,17.993502919052553,1108,1850,38,40,EPSG:4326
130,Oil,A:\SIH26143_DATA\OFFICIAL_DATASET\PART_III_TEST\Images\Oil\00130.tif,C:\SlickTrace\outputs\part_iii_predictions\prediction_0130.tif,20,18960,1.8025064573546619,1857.4018459915612,1932.1274261603376,40.241290165495,17.988035222497896,1700,1869,348,140,EPSG:4326
130,Oil,A:\SIH26143_DATA\OFFICIAL_DATASET\PART_III_TEST\Images\Oil\00130.tif,C:\SlickTrace\outputs\part_iii_predictions\prediction_0130.tif,21,1028,0.09773083534602281,1847.999027237354,1886.113813229572,40.240445495914926,17.992168695675222,1830,1870,41,38,EPSG:4326
130,Oil,A:\SIH26143_DATA\OFFICIAL_DATASET\PART_III_TEST\Images\Oil\00130.tif,C:\SlickTrace\outputs\part_iii_predictions\prediction_0130.tif,22,512,0.04867527986105416,1680.724609375,2014.98046875,40.22541897929413,17.980592407048483,1666,2000,31,30,EPSG:4326
131,Oil,A:\SIH26143_DATA\OFFICIAL_DATASET\PART_III_TEST\Images\Oil\00131.tif,C:\SlickTrace\outputs\part_iii_predictions\prediction_0131.tif,1,30883,2.707878601159414,990.4994009649322,1478.0736003626591,-90.46677055773011,28.699234107237874,609,866,795,1181,EPSG:4326
131,Oil,A:\SIH26143_DATA\OFFICIAL_DATASET\PART_III_TEST\Images\Oil\00131.tif,C:\SlickTrace\outputs\part_iii_predictions\prediction_0131.tif,2,2417,0.2119270336107989,38.593297476210175,1443.9962763756723,-90.55228173791117,28.702295325335815,0,1416,78,59,EPSG:4326
131,Oil,A:\SIH26143_DATA\OFFICIAL_DATASET\PART_III_TEST\Images\Oil\00131.tif,C:\SlickTrace\outputs\part_iii_predictions\prediction_0131.tif,3,2356,0.20657844070626488,929.7173174872665,1777.8319185059422,-90.47223070518898,28.672306359364867,888,1758,90,53,EPSG:4326
132,Oil,A:\SIH26143_DATA\OFFICIAL_DATASET\PART_III_TEST\Images\Oil\00132.tif,C:\SlickTrace\outputs\part_iii_predictions\prediction_0132.tif,1,81657,7.353822161910293,1626.3014315980258,1855.9773932424655,55.04505669207551,25.692646744539854,1171,1660,877,388,EPSG:4326
133,Oil,A:\SIH26143_DATA\OFFICIAL_DATASET\PART_III_TEST\Images\Oil\00133.tif,C:\SlickTrace\outputs\part_iii_predictions\prediction_0133.tif,1,15703,1.4162455686161435,1959.22269630007,464.574476214736,54.56111715782749,25.643075698468888,1887,335,138,271,EPSG:4326
133,Oil,A:\SIH26143_DATA\OFFICIAL_DATASET\PART_III_TEST\Images\Oil\00133.tif,C:\SlickTrace\outputs\part_iii_predictions\prediction_0133.tif,2,789,0.07115950796905923,2007.0785804816223,360.5513307984791,54.56541612504702,25.652420256611848,1986,340,38,48,EPSG:4326
133,Oil,A:\SIH26143_DATA\OFFICIAL_DATASET\PART_III_TEST\Images\Oil\00133.tif,C:\SlickTrace\outputs\part_iii_predictions\prediction_0133.tif,3,1679,0.1514281544740817,1856.567599761763,388.25074449076834,54.551895493606175,25.649931975943755,1838,347,38,85,EPSG:4326
133,Oil,A:\SIH26143_DATA\OFFICIAL_DATASET\PART_III_TEST\Images\Oil\00133.tif,C:\SlickTrace\outputs\part_iii_predictions\prediction_0133.tif,4,1525,0.13753897294399917,2025.1377049180328,454.9383606557377,54.56703840379692,25.643941325457508,2003,417,45,70,EPSG:4326
133,Oil,A:\SIH26143_DATA\OFFICIAL_DATASET\PART_III_TEST\Images\Oil\00133.tif,C:\SlickTrace\outputs\part_iii_predictions\prediction_0133.tif,5,1131,0.10200431370469708,1862.7462422634837,457.6604774535809,54.55245053050562,25.64369679354504,1842,434,49,47,EPSG:4326
133,Oil,A:\SIH26143_DATA\OFFICIAL_DATASET\PART_III_TEST\Images\Oil\00133.tif,C:\SlickTrace\outputs\part_iii_predictions\prediction_0133.tif,6,89155,8.040844021522783,1887.0631596657506,740.5857775783747,54.55463495636213,25.61828118140842,1726,456,322,537,EPSG:4326
133,Oil,A:\SIH26143_DATA\OFFICIAL_DATASET\PART_III_TEST\Images\Oil\00133.tif,C:\SlickTrace\outputs\part_iii_predictions\prediction_0133.tif,7,523,0.04716910350800758,2030.3001912045888,544.0497131931166,54.567502157830454,25.635936316460217,2018,530,26,31,EPSG:4326
133,Oil,A:\SIH26143_DATA\OFFICIAL_DATASET\PART_III_TEST\Images\Oil\00133.tif,C:\SlickTrace\outputs\part_iii_predictions\prediction_0133.tif,8,3123,0.2816617786912193,2022.3976945244956,665.7873839257124,54.56679226447541,25.625000435432998,1980,609,68,161,EPSG:4326
133,Oil,A:\SIH26143_DATA\OFFICIAL_DATASET\PART_III_TEST\Images\Oil\00133.tif,C:\SlickTrace\outputs\part_iii_predictions\prediction_0133.tif,9,518,0.04671815605573217,2005.1447876447876,1002.5752895752896,54.56524240948085,25.594746263117838,1989,993,32,23,EPSG:4326
133,Oil,A:\SIH26143_DATA\OFFICIAL_DATASET\PART_III_TEST\Images\Oil\00133.tif,C:\SlickTrace\outputs\part_iii_predictions\prediction_0133.tif,10,1535,0.13844086784854998,1106.8071661237784,1480.3400651465797,54.484543367909666,25.551827923106874,1080,1448,61,64,EPSG:4326
133,Oil,A:\SIH26143_DATA\OFFICIAL_DATASET\PART_III_TEST\Images\Oil\00133.tif,C:\SlickTrace\outputs\part_iii_predictions\prediction_0133.tif,11,512,0.046177019113001684,881.28515625,1471.916015625,54.46428438107217,25.552584668350814,867,1455,27,35,EPSG:4326
133,Oil,A:\SIH26143_DATA\OFFICIAL_DATASET\PART_III_TEST\Images\Oil\00133.tif,C:\SlickTrace\outputs\part_iii_predictions\prediction_0133.tif,12,837,0.07548860351090314,1233.058542413381,1495.2234169653525,54.495884722005876,25.550490928865102,1208,1476,50,34,EPSG:4326
133,Oil,A:\SIH26143_DATA\OFFICIAL_DATASET\PART_III_TEST\Images\Oil\00133.tif,C:\SlickTrace\outputs\part_iii_predictions\prediction_0133.tif,13,112238,10.122688029697429,1697.3503448030078,1679.3793100375988,54.537592764243676,25.53394792352435,1142,1508,906,366,EPSG:4326
133,Oil,A:\SIH26143_DATA\OFFICIAL_DATASET\PART_III_TEST\Images\Oil\00133.tif,C:\SlickTrace\outputs\part_iii_predictions\prediction_0133.tif,14,697,0.06286207484719175,1733.477761836442,1556.1305595408896,54.54083814533336,25.545019547156336,1713,1544,38,28,EPSG:4326
133,Oil,A:\SIH26143_DATA\OFFICIAL_DATASET\PART_III_TEST\Images\Oil\00133.tif,C:\SlickTrace\outputs\part_iii_predictions\prediction_0133.tif,15,88663,7.996470792218884,424.87003597893147,1897.4246867351658,54.42328391322789,25.51436057407245,205,1673,447,375,EPSG:4326
133,Oil,A:\SIH26143_DATA\OFFICIAL_DATASET\PART_III_TEST\Images\Oil\00133.tif,C:\SlickTrace\outputs\part_iii_predictions\prediction_0133.tif,16,673,0.06069752707626979,1897.890044576523,1707.7964338781576,54.5556075519816,25.531395169856683,1888,1688,21,41,EPSG:4326
133,Oil,A:\SIH26143_DATA\OFFICIAL_DATASET\PART_III_TEST\Images\Oil\00133.tif,C:\SlickTrace\outputs\part_iii_predictions\prediction_0133.tif,17,504,0.045455503189361035,165.15873015873015,1729.638888888889,54.3999536496802,25.5294330287388,156,1713,18,35,EPSG:4326
133,Oil,A:\SIH26143_DATA\OFFICIAL_DATASET\PART_III_TEST\Images\Oil\00133.tif,C:\SlickTrace\outputs\part_iii_predictions\prediction_0133.tif,18,1113,0.10038090287650561,650.6469002695418,1862.6495956873316,54.44356579402718,25.517484473651944,634,1837,35,53,EPSG:4326
134,Oil,A:\SIH26143_DATA\OFFICIAL_DATASET\PART_III_TEST\Images\Oil\00134.tif,C:\SlickTrace\outputs\part_iii_predictions\prediction_0134.tif,1,57705,5.768805757969861,1499.9785460532016,325.64488345897234,106.49406477011891,-1.3471729604146618,933,0,1085,666,EPSG:4326
135,Oil,A:\SIH26143_DATA\OFFICIAL_DATASET\PART_III_TEST\Images\Oil\00135.tif,C:\SlickTrace\outputs\part_iii_predictions\prediction_0135.tif,1,125508,10.715068515396409,561.5254007712656,484.26553685820824,32.45176009345015,31.428982938686488,296,0,448,920,EPSG:4326
136,Oil,A:\SIH26143_DATA\OFFICIAL_DATASET\PART_III_TEST\Images\Oil\00136.tif,C:\SlickTrace\outputs\part_iii_predictions\prediction_0136.tif,1,165253,14.082179209870493,726.5875354759066,1530.410873024998,32.466587877293605,31.50811145944742,526,1021,426,1027,EPSG:4326
136,Oil,A:\SIH26143_DATA\OFFICIAL_DATASET\PART_III_TEST\Images\Oil\00136.tif,C:\SlickTrace\outputs\part_iii_predictions\prediction_0136.tif,2,2312,0.19701910605689807,606.9792387543253,1463.2171280276816,32.45584328118836,31.514147576260253,587,1418,41,93,EPSG:4326
137,Oil,A:\SIH26143_DATA\OFFICIAL_DATASET\PART_III_TEST\Images\Oil\00137.tif,C:\SlickTrace\outputs\part_iii_predictions\prediction_0137.tif,1,660,0.06589533120780201,1494.0984848484848,410.6606060606061,116.78921170499308,-3.1814287143079683,1486,383,18,52,EPSG:4326
137,Oil,A:\SIH26143_DATA\OFFICIAL_DATASET\PART_III_TEST\Images\Oil\00137.tif,C:\SlickTrace\outputs\part_iii_predictions\prediction_0137.tif,2,47737,4.766129433131582,1305.6997926136958,1149.141588285816,116.77228756251881,-3.2477675896444183,1125,486,341,1319,EPSG:4326
137,Oil,A:\SIH26143_DATA\OFFICIAL_DATASET\PART_III_TEST\Images\Oil\00137.tif,C:\SlickTrace\outputs\part_iii_predictions\prediction_0137.tif,3,1697,0.1694308743327879,1109.8232174425457,1868.9228049499116,116.7546916703911,-3.3124266364595685,1089,1822,42,100,EPSG:4326
137,Oil,A:\SIH26143_DATA\OFFICIAL_DATASET\PART_III_TEST\Images\Oil\00137.tif,C:\SlickTrace\outputs\part_iii_predictions\prediction_0137.tif,4,1339,0.13368764922310133,1070.4376400298731,2018.3450336071696,116.75115360377472,-3.32584946363857,1052,1982,34,66,EPSG:4326
138,Oil,A:\SIH26143_DATA\OFFICIAL_DATASET\PART_III_TEST\Images\Oil\00138.tif,C:\SlickTrace\outputs\part_iii_predictions\prediction_0138.tif,1,425468,40.02891699014108,1368.3599213101809,1057.7586657515958,38.07189702529528,19.808553197682723,829,0,1164,2048,EPSG:4326
138,Oil,A:\SIH26143_DATA\OFFICIAL_DATASET\PART_III_TEST\Images\Oil\00138.tif,C:\SlickTrace\outputs\part_iii_predictions\prediction_0138.tif,2,56674,5.332008145146651,1682.2404453541305,1935.1228958605357,38.10009339250889,19.729738227918062,1504,1785,334,263,EPSG:4326
138,Oil,A:\SIH26143_DATA\OFFICIAL_DATASET\PART_III_TEST\Images\Oil\00138.tif,C:\SlickTrace\outputs\part_iii_predictions\prediction_0138.tif,3,934,0.08787266837645079,1277.8190578158458,2031.9229122055674,38.06376360114384,19.721042534499485,1260,2014,35,34,EPSG:4326
139,Oil,A:\SIH26143_DATA\OFFICIAL_DATASET\PART_III_TEST\Images\Oil\00139.tif,C:\SlickTrace\outputs\part_iii_predictions\prediction_0139.tif,1,126876,11.106167318114233,976.4351413979003,939.0905766259971,-89.01583229816659,28.92143544066877,387,624,1139,577,EPSG:4326
139,Oil,A:\SIH26143_DATA\OFFICIAL_DATASET\PART_III_TEST\Images\Oil\00139.tif,C:\SlickTrace\outputs\part_iii_predictions\prediction_0139.tif,2,656,0.05742335635331298,1248.5548780487804,667.4268292682926,-88.99138736631218,28.94583941030803,1228,648,41,39,EPSG:4326
139,Oil,A:\SIH26143_DATA\OFFICIAL_DATASET\PART_III_TEST\Images\Oil\00139.tif,C:\SlickTrace\outputs\part_iii_predictions\prediction_0139.tif,3,784,0.06862791369054477,361.1326530612245,1198.3533163265306,-89.07110586112955,28.898145472501202,341,1188,42,25,EPSG:4326
139,Oil,A:\SIH26143_DATA\OFFICIAL_DATASET\PART_III_TEST\Images\Oil\00139.tif,C:\SlickTrace\outputs\part_iii_predictions\prediction_0139.tif,4,9133,0.7994626731323283,150.52819445965181,1258.8219643052666,-89.0900247815361,28.892713481432267,0,1193,284,140,EPSG:4326
140,Oil,A:\SIH26143_DATA\OFFICIAL_DATASET\PART_III_TEST\Images\Oil\00140.tif,C:\SlickTrace\outputs\part_iii_predictions\prediction_0140.tif,1,8802,0.640605932216122,466.27175641899566,206.93546921154282,9.214391016649646,43.37202279576581,250,176,442,52,EPSG:4326
140,Oil,A:\SIH26143_DATA\OFFICIAL_DATASET\PART_III_TEST\Images\Oil\00140.tif,C:\SlickTrace\outputs\part_iii_predictions\prediction_0140.tif,2,40711,2.9629298007782943,1532.223060106605,280.4013165974798,9.310147051472617,43.36542324640905,925,186,1123,195,EPSG:4326
140,Oil,A:\SIH26143_DATA\OFFICIAL_DATASET\PART_III_TEST\Images\Oil\00140.tif,C:\SlickTrace\outputs\part_iii_predictions\prediction_0140.tif,3,581,0.04228494053823755,893.3752151462995,198.60585197934594,9.252758373137151,43.372771058012866,876,189,35,21,EPSG:4326
141,Oil,A:\SIH26143_DATA\OFFICIAL_DATASET\PART_III_TEST\Images\Oil\00141.tif,C:\SlickTrace\outputs\part_iii_predictions\prediction_0141.tif,1,1176,0.1059075751301971,1855.2950680272108,58.410714285714285,54.35919240100097,25.854124906732935,1828,39,55,39,EPSG:4326
141,Oil,A:\SIH26143_DATA\OFFICIAL_DATASET\PART_III_TEST\Images\Oil\00141.tif,C:\SlickTrace\outputs\part_iii_predictions\prediction_0141.tif,2,7084,0.6379670597128541,1373.1469508752118,1702.8201581027668,54.31588029871626,25.706405093059804,1227,1666,277,81,EPSG:4326
141,Oil,A:\SIH26143_DATA\OFFICIAL_DATASET\PART_III_TEST\Images\Oil\00141.tif,C:\SlickTrace\outputs\part_iii_predictions\prediction_0141.tif,3,9620,0.8663527829528029,1616.6761954261954,1705.7887733887733,54.33775690296728,25.706138417811392,1489,1666,253,77,EPSG:4326
141,Oil,A:\SIH26143_DATA\OFFICIAL_DATASET\PART_III_TEST\Images\Oil\00141.tif,C:\SlickTrace\outputs\part_iii_predictions\prediction_0141.tif,4,6048,0.5446675292410137,1963.2400793650793,1851.3306878306878,54.3688892663539,25.693064165189075,1888,1803,143,91,EPSG:4326
142,Oil,A:\SIH26143_DATA\OFFICIAL_DATASET\PART_III_TEST\Images\Oil\00142.tif,C:\SlickTrace\outputs\part_iii_predictions\prediction_0142.tif,1,1745,0.17420102631749468,596.7255014326647,212.32320916905445,104.18990257023574,3.4362728180592943,557,179,65,68,EPSG:4326
142,Oil,A:\SIH26143_DATA\OFFICIAL_DATASET\PART_III_TEST\Images\Oil\00142.tif,C:\SlickTrace\outputs\part_iii_predictions\prediction_0142.tif,2,544,0.054306795596972546,639.5808823529412,245.02573529411765,104.19375233460448,3.4333351001545482,625,226,28,36,EPSG:4326
142,Oil,A:\SIH26143_DATA\OFFICIAL_DATASET\PART_III_TEST\Images\Oil\00142.tif,C:\SlickTrace\outputs\part_iii_predictions\prediction_0142.tif,3,586,0.058499599668797635,616.2525597269624,286.13651877133105,104.1916567157277,3.4296420556405773,603,264,27,40,EPSG:4326
142,Oil,A:\SIH26143_DATA\OFFICIAL_DATASET\PART_III_TEST\Images\Oil\00142.tif,C:\SlickTrace\outputs\part_iii_predictions\prediction_0142.tif,4,1160,0.11580125531707382,687.8534482758621,304.26465517241377,104.1980887329817,3.4280135774404075,671,264,39,79,EPSG:4326
142,Oil,A:\SIH26143_DATA\OFFICIAL_DATASET\PART_III_TEST\Images\Oil\00142.tif,C:\SlickTrace\outputs\part_iii_predictions\prediction_0142.tif,5,2833,0.28281461751143977,616.5637133780444,354.7094952347335,104.19168466713575,3.423482040357113,583,312,84,98,EPSG:4326
142,Oil,A:\SIH26143_DATA\OFFICIAL_DATASET\PART_III_TEST\Images\Oil\00142.tif,C:\SlickTrace\outputs\part_iii_predictions\prediction_0142.tif,6,1261,0.1258839508231294,645.8207771609833,399.9206978588422,104.19431287389222,3.4194206489240466,624,375,46,50,EPSG:4326
142,Oil,A:\SIH26143_DATA\OFFICIAL_DATASET\PART_III_TEST\Images\Oil\00142.tif,C:\SlickTrace\outputs\part_iii_predictions\prediction_0142.tif,7,1684,0.16811147754651062,697.7375296912114,457.1811163895487,104.1989766351222,3.4142768580099254,683,408,29,99,EPSG:4326
142,Oil,A:\SIH26143_DATA\OFFICIAL_DATASET\PART_III_TEST\Images\Oil\00142.tif,C:\SlickTrace\outputs\part_iii_predictions\prediction_0142.tif,8,1514,0.15114060392245668,637.4095112285337,463.79458388375167,104.19355727701763,3.4136827601168185,603,440,65,50,EPSG:4326
142,Oil,A:\SIH26143_DATA\OFFICIAL_DATASET\PART_III_TEST\Images\Oil\00142.tif,C:\SlickTrace\outputs\part_iii_predictions\prediction_0142.tif,9,2615,0.26105196780530004,645.4753346080306,526.1464627151051,104.19428184225971,3.408081595542041,620,476,62,101,EPSG:4326
142,Oil,A:\SIH26143_DATA\OFFICIAL_DATASET\PART_III_TEST\Images\Oil\00142.tif,C:\SlickTrace\outputs\part_iii_predictions\prediction_0142.tif,10,1768,0.1764970856901608,678.8127828054298,672.0492081447964,104.19727659618464,3.394974928920592,651,631,47,94,EPSG:4326
142,Oil,A:\SIH26143_DATA\OFFICIAL_DATASET\PART_III_TEST\Images\Oil\00142.tif,C:\SlickTrace\outputs\part_iii_predictions\prediction_0142.tif,11,524,0.05231022222943679,628.6507633587786,711.0458015267176,104.19277046530951,3.3914718053342345,616,699,27,25,EPSG:4326
142,Oil,A:\SIH26143_DATA\OFFICIAL_DATASET\PART_III_TEST\Images\Oil\00142.tif,C:\SlickTrace\outputs\part_iii_predictions\prediction_0142.tif,12,1944,0.19406693132447544,694.8734567901234,790.3379629629629,104.19871935107601,3.3843488692813293,671,752,43,83,EPSG:4326
142,Oil,A:\SIH26143_DATA\OFFICIAL_DATASET\PART_III_TEST\Images\Oil\00142.tif,C:\SlickTrace\outputs\part_iii_predictions\prediction_0142.tif,13,624,0.06229308906711557,703.8621794871794,866.4567307692307,104.19952682177436,3.3775110040284577,691,844,24,49,EPSG:4326
142,Oil,A:\SIH26143_DATA\OFFICIAL_DATASET\PART_III_TEST\Images\Oil\00142.tif,C:\SlickTrace\outputs\part_iii_predictions\prediction_0142.tif,14,672,0.06708486514920138,706.59375,1050.1785714285713,104.19977220292849,3.3610069902793724,697,1019,18,60,EPSG:4326
142,Oil,A:\SIH26143_DATA\OFFICIAL_DATASET\PART_III_TEST\Images\Oil\00142.tif,C:\SlickTrace\outputs\part_iii_predictions\prediction_0142.tif,15,1267,0.1264829228333901,589.9984214680347,1385.962904498816,104.18929826636077,3.3308429704228844,568,1364,43,44,EPSG:4326
142,Oil,A:\SIH26143_DATA\OFFICIAL_DATASET\PART_III_TEST\Images\Oil\00142.tif,C:\SlickTrace\outputs\part_iii_predictions\prediction_0142.tif,16,1640,0.16371901613793194,620.0560975609756,1435.6603658536585,104.1919983933447,3.3263785715111847,599,1398,44,70,EPSG:4326
142,Oil,A:\SIH26143_DATA\OFFICIAL_DATASET\PART_III_TEST\Images\Oil\00142.tif,C:\SlickTrace\outputs\part_iii_predictions\prediction_0142.tif,17,671,0.0669850364808246,661.3710879284649,1429.080476900149,104.19570978207574,3.3269696529926596,648,1407,26,44,EPSG:4326
142,Oil,A:\SIH26143_DATA\OFFICIAL_DATASET\PART_III_TEST\Images\Oil\00142.tif,C:\SlickTrace\outputs\part_iii_predictions\prediction_0142.tif,18,732,0.07307458525180865,578.3101092896175,1435.318306010929,104.18824828741322,3.3264092992696654,563,1421,34,29,EPSG:4326
142,Oil,A:\SIH26143_DATA\OFFICIAL_DATASET\PART_III_TEST\Images\Oil\00142.tif,C:\SlickTrace\outputs\part_iii_predictions\prediction_0142.tif,19,3036,0.30307983719192766,746.4937417654809,1495.1907114624505,104.2033564801724,3.3210308695782556,717,1421,54,150,EPSG:4326
142,Oil,A:\SIH26143_DATA\OFFICIAL_DATASET\PART_III_TEST\Images\Oil\00142.tif,C:\SlickTrace\outputs\part_iii_predictions\prediction_0142.tif,20,79497,7.936079649949498,703.6866800005032,1793.825477690982,104.19951105638724,3.2942040520910005,504,1449,420,599,EPSG:4326
142,Oil,A:\SIH26143_DATA\OFFICIAL_DATASET\PART_III_TEST\Images\Oil\00142.tif,C:\SlickTrace\outputs\part_iii_predictions\prediction_0142.tif,21,734,0.07327424258856223,679.158038147139,1482.7493188010899,104.19730761099967,3.3221484988965986,657,1460,45,38,EPSG:4326
142,Oil,A:\SIH26143_DATA\OFFICIAL_DATASET\PART_III_TEST\Images\Oil\00142.tif,C:\SlickTrace\outputs\part_iii_predictions\prediction_0142.tif,22,4118,0.41109445637561204,595.0801359883438,1507.9917435648374,104.18975476454308,3.3198809332992476,550,1470,98,82,EPSG:4326
142,Oil,A:\SIH26143_DATA\OFFICIAL_DATASET\PART_III_TEST\Images\Oil\00142.tif,C:\SlickTrace\outputs\part_iii_predictions\prediction_0142.tif,23,2808,0.28031890080202004,790.2289886039886,1646.4693732193732,104.20728528424138,3.307441276176516,760,1578,69,140,EPSG:4326
142,Oil,A:\SIH26143_DATA\OFFICIAL_DATASET\PART_III_TEST\Images\Oil\00142.tif,C:\SlickTrace\outputs\part_iii_predictions\prediction_0142.tif,24,1246,0.12438652079747757,829.8547351524879,1758.1243980738363,104.2108449256183,3.297411134638965,815,1725,30,77,EPSG:4326
142,Oil,A:\SIH26143_DATA\OFFICIAL_DATASET\PART_III_TEST\Images\Oil\00142.tif,C:\SlickTrace\outputs\part_iii_predictions\prediction_0142.tif,25,1025,0.10232438508620748,605.2146341463415,1847.6819512195123,104.1906651620023,3.2893660427590548,590,1824,29,54,EPSG:4326
143,Oil,A:\SIH26143_DATA\OFFICIAL_DATASET\PART_III_TEST\Images\Oil\00143.tif,C:\SlickTrace\outputs\part_iii_predictions\prediction_0143.tif,1,47478,4.747048724169252,1142.467964109693,653.0172711571676,106.09831102110789,-1.015009420503354,815,0,613,1245,EPSG:4326
143,Oil,A:\SIH26143_DATA\OFFICIAL_DATASET\PART_III_TEST\Images\Oil\00143.tif,C:\SlickTrace\outputs\part_iii_predictions\prediction_0143.tif,2,1066,0.10658313197616627,457.87148217636025,1180.0459662288931,106.03681267279038,-1.0623532136986038,443,1144,32,65,EPSG:4326
143,Oil,A:\SIH26143_DATA\OFFICIAL_DATASET\PART_III_TEST\Images\Oil\00143.tif,C:\SlickTrace\outputs\part_iii_predictions\prediction_0143.tif,3,604,0.0603904425080717,1428.7384105960266,1267.4701986754967,106.12402713285492,-1.070206666119524,1414,1248,31,38,EPSG:4326
143,Oil,A:\SIH26143_DATA\OFFICIAL_DATASET\PART_III_TEST\Images\Oil\00143.tif,C:\SlickTrace\outputs\part_iii_predictions\prediction_0143.tif,4,2388,0.2387622130948265,1507.391541038526,1449.2278056951425,106.13109266377695,-1.0865342297585976,1481,1395,55,115,EPSG:4326
143,Oil,A:\SIH26143_DATA\OFFICIAL_DATASET\PART_III_TEST\Images\Oil\00143.tif,C:\SlickTrace\outputs\part_iii_predictions\prediction_0143.tif,5,1845,0.1844708053433647,1542.8775067750678,1558.1848238482385,106.13428042231625,-1.096322005230499,1524,1514,37,86,EPSG:4326
143,Oil,A:\SIH26143_DATA\OFFICIAL_DATASET\PART_III_TEST\Images\Oil\00143.tif,C:\SlickTrace\outputs\part_iii_predictions\prediction_0143.tif,6,5972,0.597105501089742,1613.8148024112525,1720.5897521768252,106.14065282800466,-1.1109110881638895,1565,1625,96,176,EPSG:4326
143,Oil,A:\SIH26143_DATA\OFFICIAL_DATASET\PART_III_TEST\Images\Oil\00143.tif,C:\SlickTrace\outputs\part_iii_predictions\prediction_0143.tif,7,9419,0.9417509569263697,1786.6363732880347,1891.2342074530204,106.15617765385907,-1.126240340396375,1667,1802,218,183,EPSG:4326
143,Oil,A:\SIH26143_DATA\OFFICIAL_DATASET\PART_III_TEST\Images\Oil\00143.tif,C:\SlickTrace\outputs\part_iii_predictions\prediction_0143.tif,8,4143,0.4142344425677832,1953.1588221095824,2012.37943519189,106.17113661995161,-1.1371230013639717,1892,1957,143,91,EPSG:4326
145,Oil,A:\SIH26143_DATA\OFFICIAL_DATASET\PART_III_TEST\Images\Oil\00145.tif,C:\SlickTrace\outputs\part_iii_predictions\prediction_0145.tif,1,842,0.07570613872695958,602.7672209026128,14.003562945368172,54.26499152413059,26.04880616678884,582,0,37,34,EPSG:4326
145,Oil,A:\SIH26143_DATA\OFFICIAL_DATASET\PART_III_TEST\Images\Oil\00145.tif,C:\SlickTrace\outputs\part_iii_predictions\prediction_0145.tif,2,1107,0.09953289260183402,613.4706413730804,64.39114724480578,54.26595302875069,26.044279773078234,596,41,36,47,EPSG:4326
145,Oil,A:\SIH26143_DATA\OFFICIAL_DATASET\PART_III_TEST\Images\Oil\00145.tif,C:\SlickTrace\outputs\part_iii_predictions\prediction_0145.tif,3,1028,0.09242982257875824,565.2986381322958,189.12354085603113,54.2616256640729,26.03307487151766,545,154,46,64,EPSG:4326
145,Oil,A:\SIH26143_DATA\OFFICIAL_DATASET\PART_III_TEST\Images\Oil\00145.tif,C:\SlickTrace\outputs\part_iii_predictions\prediction_0145.tif,4,908,0.08164034912598492,529.1068281938326,251.8502202643172,54.25837449847013,26.027440038034204,515,223,31,66,EPSG:4326
145,Oil,A:\SIH26143_DATA\OFFICIAL_DATASET\PART_III_TEST\Images\Oil\00145.tif,C:\SlickTrace\outputs\part_iii_predictions\prediction_0145.tif,5,3660,0.3290789403095868,363.00409836065575,652.6767759562841,54.24345323637582,25.9914331759083,339,517,56,265,EPSG:4326
145,Oil,A:\SIH26143_DATA\OFFICIAL_DATASET\PART_III_TEST\Images\Oil\00145.tif,C:\SlickTrace\outputs\part_iii_predictions\prediction_0145.tif,6,33759,3.035348619101459,1540.6185017328712,1201.9951124144673,54.34924013811068,25.94208707015955,1160,845,728,809,EPSG:4326
146,Oil,A:\SIH26143_DATA\OFFICIAL_DATASET\PART_III_TEST\Images\Oil\00146.tif,C:\SlickTrace\outputs\part_iii_predictions\prediction_0146.tif,1,153987,13.867678377188488,1285.7943787462577,357.0336002389812,55.367685992798584,25.827299156468964,829,0,1040,790,EPSG:4326
146,Oil,A:\SIH26143_DATA\OFFICIAL_DATASET\PART_III_TEST\Images\Oil\00146.tif,C:\SlickTrace\outputs\part_iii_predictions\prediction_0146.tif,2,513,0.04619947792669313,1911.5575048732944,7.8635477582846,55.42389925084242,25.85866563595899,1889,0,44,21,EPSG:4326
146,Oil,A:\SIH26143_DATA\OFFICIAL_DATASET\PART_III_TEST\Images\Oil\00146.tif,C:\SlickTrace\outputs\part_iii_predictions\prediction_0146.tif,3,29056,2.616709611380108,806.9561536343613,620.0442593612335,55.32467122317472,25.803672506971377,661,516,284,203,EPSG:4326
146,Oil,A:\SIH26143_DATA\OFFICIAL_DATASET\PART_III_TEST\Images\Oil\00146.tif,C:\SlickTrace\outputs\part_iii_predictions\prediction_0146.tif,4,4516,0.40669949769385216,600.242028343667,588.1273250664304,55.306101777355515,25.806539653961305,539,523,110,115,EPSG:4326
146,Oil,A:\SIH26143_DATA\OFFICIAL_DATASET\PART_III_TEST\Images\Oil\00146.tif,C:\SlickTrace\outputs\part_iii_predictions\prediction_0146.tif,5,901,0.08114177312271054,976.2031076581576,549.6437291897892,55.33987493573374,25.809996694197693,960,534,33,35,EPSG:4326
146,Oil,A:\SIH26143_DATA\OFFICIAL_DATASET\PART_III_TEST\Images\Oil\00146.tif,C:\SlickTrace\outputs\part_iii_predictions\prediction_0146.tif,6,593,0.05340407487432558,336.2731871838111,568.787521079258,55.282389052900996,25.80827697811266,312,555,44,29,EPSG:4326
146,Oil,A:\SIH26143_DATA\OFFICIAL_DATASET\PART_III_TEST\Images\Oil\00146.tif,C:\SlickTrace\outputs\part_iii_predictions\prediction_0146.tif,7,687,0.06186947628779372,967.9636098981077,597.9970887918486,55.33913476905661,25.805653038000784,945,579,47,36,EPSG:4326
146,Oil,A:\SIH26143_DATA\OFFICIAL_DATASET\PART_III_TEST\Images\Oil\00146.tif,C:\SlickTrace\outputs\part_iii_predictions\prediction_0146.tif,8,1440,0.12968274505738422,585.7770833333333,776.6527777777778,55.30480236923684,25.789604124399688,560,747,58,52,EPSG:4326
146,Oil,A:\SIH26143_DATA\OFFICIAL_DATASET\PART_III_TEST\Images\Oil\00146.tif,C:\SlickTrace\outputs\part_iii_predictions\prediction_0146.tif,9,794,0.07150562470525212,636.6561712846348,766.2783375314862,55.30937291547171,25.790536076223432,624,747,28,44,EPSG:4326
146,Oil,A:\SIH26143_DATA\OFFICIAL_DATASET\PART_III_TEST\Images\Oil\00146.tif,C:\SlickTrace\outputs\part_iii_predictions\prediction_0146.tif,10,2540,0.22874595308733048,447.87047244094487,822.4543307086615,55.29241400760227,25.785489700896267,391,804,108,42,EPSG:4326
146,Oil,A:\SIH26143_DATA\OFFICIAL_DATASET\PART_III_TEST\Images\Oil\00146.tif,C:\SlickTrace\outputs\part_iii_predictions\prediction_0146.tif,11,1471,0.13247452637459178,9.819170632222978,1293.782460910945,55.25306318963794,25.74314957457665,0,1242,25,90,EPSG:4326
146,Oil,A:\SIH26143_DATA\OFFICIAL_DATASET\PART_III_TEST\Images\Oil\00146.tif,C:\SlickTrace\outputs\part_iii_predictions\prediction_0146.tif,12,1616,0.1455328583421756,1594.0668316831684,1602.697400990099,55.39537857841321,25.715399273360052,1566,1587,62,35,EPSG:4326
147,Oil,A:\SIH26143_DATA\OFFICIAL_DATASET\PART_III_TEST\Images\Oil\00147.tif,C:\SlickTrace\outputs\part_iii_predictions\prediction_0147.tif,1,101506,10.130658967301494,273.38290347368627,889.4369889464663,116.6795529585619,-3.5882556186185566,0,0,571,1808,EPSG:4326
148,Oil,A:\SIH26143_DATA\OFFICIAL_DATASET\PART_III_TEST\Images\Oil\00148.tif,C:\SlickTrace\outputs\part_iii_predictions\prediction_0148.tif,1,85955,8.58028447697104,718.1916933279041,1292.5479146064802,116.71951081200557,-3.442558844155949,501,212,494,1836,EPSG:4326
149,Oil,A:\SIH26143_DATA\OFFICIAL_DATASET\PART_III_TEST\Images\Oil\00149.tif,C:\SlickTrace\outputs\part_iii_predictions\prediction_0149.tif,1,35461,3.1041128534834384,1372.8152054369589,378.3529229294154,-88.98112170952746,28.971379843359358,1126,86,503,527,EPSG:4326
149,Oil,A:\SIH26143_DATA\OFFICIAL_DATASET\PART_III_TEST\Images\Oil\00149.tif,C:\SlickTrace\outputs\part_iii_predictions\prediction_0149.tif,2,2088,0.18277509483865145,1445.544061302682,585.0622605363984,-88.9745883652454,28.9528108276251,1415,524,65,129,EPSG:4326
149,Oil,A:\SIH26143_DATA\OFFICIAL_DATASET\PART_III_TEST\Images\Oil\00149.tif,C:\SlickTrace\outputs\part_iii_predictions\prediction_0149.tif,3,2139,0.1872394290516645,1909.7905563347358,1187.0402057036,-88.93288439303677,28.898734228740445,1896,1136,30,101,EPSG:4326
183,No oil,A:\SIH26143_DATA\OFFICIAL_DATASET\PART_III_TEST\Images\No oil\00033.tif,C:\SlickTrace\outputs\part_iii_predictions\prediction_0183.tif,1,1365,0.11036348885938675,2024.3589743589744,1939.3040293040292,35.24289453864929,35.966551624377175,1999,1922,49,38,EPSG:4326
234,No oil,A:\SIH26143_DATA\OFFICIAL_DATASET\PART_III_TEST\Images\No oil\00084.tif,C:\SlickTrace\outputs\part_iii_predictions\prediction_0234.tif,1,729,0.05894555694243252,779.6954732510288,1113.681755829904,36.59396057800384,36.03513928183922,765,1098,29,34,EPSG:4326
234,No oil,A:\SIH26143_DATA\OFFICIAL_DATASET\PART_III_TEST\Images\No oil\00084.tif,C:\SlickTrace\outputs\part_iii_predictions\prediction_0234.tif,2,1275,0.10309408107215563,719.1349019607843,1158.0847058823529,36.58852032932334,36.031150496970014,700,1133,36,50,EPSG:4326
234,No oil,A:\SIH26143_DATA\OFFICIAL_DATASET\PART_III_TEST\Images\No oil\00084.tif,C:\SlickTrace\outputs\part_iii_predictions\prediction_0234.tif,3,777,0.06282674587691367,670.4980694980695,1204.3758043758044,36.5841512083261,36.02699209684047,652,1186,37,38,EPSG:4326
234,No oil,A:\SIH26143_DATA\OFFICIAL_DATASET\PART_III_TEST\Images\No oil\00084.tif,C:\SlickTrace\outputs\part_iii_predictions\prediction_0234.tif,4,1040,0.08409242691375832,761.2442307692307,1214.9038461538462,36.5923030746906,36.026046346756374,737,1198,46,33,EPSG:4326
234,No oil,A:\SIH26143_DATA\OFFICIAL_DATASET\PART_III_TEST\Images\No oil\00084.tif,C:\SlickTrace\outputs\part_iii_predictions\prediction_0234.tif,5,1041,0.08417328501656002,453.2747358309318,1276.8126801152737,36.564637704256036,36.020484981579415,426,1264,56,28,EPSG:4326
234,No oil,A:\SIH26143_DATA\OFFICIAL_DATASET\PART_III_TEST\Images\No oil\00084.tif,C:\SlickTrace\outputs\part_iii_predictions\prediction_0234.tif,6,1069,0.08643731189500735,494.3620205799813,1324.9027128157156,36.568328637843344,36.01616498044055,454,1306,72,36,EPSG:4326
234,No oil,A:\SIH26143_DATA\OFFICIAL_DATASET\PART_III_TEST\Images\No oil\00084.tif,C:\SlickTrace\outputs\part_iii_predictions\prediction_0234.tif,7,4446,0.3594951250563168,411.5008996851102,1389.5949167791273,36.56088509670743,36.01035358088218,351,1328,111,109,EPSG:4326
234,No oil,A:\SIH26143_DATA\OFFICIAL_DATASET\PART_III_TEST\Images\No oil\00084.tif,C:\SlickTrace\outputs\part_iii_predictions\prediction_0234.tif,8,904,0.07309572493272838,330.3606194690266,1443.9358407079646,36.553596141319844,36.00547205263034,313,1427,36,35,EPSG:4326
243,No oil,A:\SIH26143_DATA\OFFICIAL_DATASET\PART_III_TEST\Images\No oil\00093.tif,C:\SlickTrace\outputs\part_iii_predictions\prediction_0243.tif,1,18641,1.5291015600261095,1883.6660050426478,562.7676090338501,36.678238438653246,34.928405858619975,1661,421,387,334,EPSG:4326
243,No oil,A:\SIH26143_DATA\OFFICIAL_DATASET\PART_III_TEST\Images\No oil\00093.tif,C:\SlickTrace\outputs\part_iii_predictions\prediction_0243.tif,2,14101,1.1566901506318423,148.9220622650876,1407.060704914545,36.52240373887016,34.85256171938936,60,1355,167,129,EPSG:4326
243,No oil,A:\SIH26143_DATA\OFFICIAL_DATASET\PART_III_TEST\Images\No oil\00093.tif,C:\SlickTrace\outputs\part_iii_predictions\prediction_0243.tif,3,1708,0.140105437719253,723.2652224824355,1717.6129976580796,36.57399786278543,34.82466433228037,699,1691,48,53,EPSG:4326
253,No oil,A:\SIH26143_DATA\OFFICIAL_DATASET\PART_III_TEST\Images\No oil\00103.tif,C:\SlickTrace\outputs\part_iii_predictions\prediction_0253.tif,1,1896,0.15407154283578858,115.14978902953587,228.3665611814346,36.30957175574992,35.72012271853236,78,207,70,47,EPSG:4326
253,No oil,A:\SIH26143_DATA\OFFICIAL_DATASET\PART_III_TEST\Images\No oil\00103.tif,C:\SlickTrace\outputs\part_iii_predictions\prediction_0253.tif,2,8131,0.6607361364967284,47.77579633501414,289.41151149920057,36.303519447010956,35.71463895734348,0,235,106,105,EPSG:4326
253,No oil,A:\SIH26143_DATA\OFFICIAL_DATASET\PART_III_TEST\Images\No oil\00103.tif,C:\SlickTrace\outputs\part_iii_predictions\prediction_0253.tif,3,723,0.058751964910482665,241.33471645919778,795.6763485477178,36.32090714064348,35.66916041325019,227,777,29,36,EPSG:4326
253,No oil,A:\SIH26143_DATA\OFFICIAL_DATASET\PART_III_TEST\Images\No oil\00103.tif,C:\SlickTrace\outputs\part_iii_predictions\prediction_0253.tif,4,607,0.04932564688888379,406.1317957166392,1317.5321252059307,36.335711114151,35.62228131122237,388,1301,37,39,EPSG:4326
253,No oil,A:\SIH26143_DATA\OFFICIAL_DATASET\PART_III_TEST\Images\No oil\00103.tif,C:\SlickTrace\outputs\part_iii_predictions\prediction_0253.tif,5,777,0.06314007847226145,491.12870012870013,1335.9124839124838,36.34334651598462,35.620630175507,469,1322,45,30,EPSG:4326
253,No oil,A:\SIH26143_DATA\OFFICIAL_DATASET\PART_III_TEST\Images\No oil\00103.tif,C:\SlickTrace\outputs\part_iii_predictions\prediction_0253.tif,6,548,0.044531226515829185,426.69160583941607,1349.956204379562,36.33755803331819,35.619368606632854,410,1340,43,25,EPSG:4326
253,No oil,A:\SIH26143_DATA\OFFICIAL_DATASET\PART_III_TEST\Images\No oil\00103.tif,C:\SlickTrace\outputs\part_iii_predictions\prediction_0253.tif,7,1020,0.082886589500266,483.7313725490196,1412.4176470588236,36.342682002741974,35.61375759977016,453,1395,57,34,EPSG:4326
253,No oil,A:\SIH26143_DATA\OFFICIAL_DATASET\PART_III_TEST\Images\No oil\00103.tif,C:\SlickTrace\outputs\part_iii_predictions\prediction_0253.tif,8,4996,0.4059817658267931,683.8452762209768,1653.4379503602881,36.36065854056531,35.59210637754628,609,1617,132,72,EPSG:4326
253,No oil,A:\SIH26143_DATA\OFFICIAL_DATASET\PART_III_TEST\Images\No oil\00103.tif,C:\SlickTrace\outputs\part_iii_predictions\prediction_0253.tif,9,914,0.07427288510121875,744.9890590809628,1701.9354485776805,36.36615118003251,35.587749773157256,724,1685,45,32,EPSG:4326
253,No oil,A:\SIH26143_DATA\OFFICIAL_DATASET\PART_III_TEST\Images\No oil\00103.tif,C:\SlickTrace\outputs\part_iii_predictions\prediction_0253.tif,10,5870,0.47700419643780534,794.8081771720613,1780.9989778534923,36.37062650755477,35.580647375480766,747,1729,100,112,EPSG:4326
262,No oil,A:\SIH26143_DATA\OFFICIAL_DATASET\PART_III_TEST\Images\No oil\00112.tif,C:\SlickTrace\outputs\part_iii_predictions\prediction_0262.tif,1,3203,0.2643790259039083,1973.653762098033,40.915391820168594,37.05121784481724,34.45893301558555,1926,15,97,52,EPSG:4326
262,No oil,A:\SIH26143_DATA\OFFICIAL_DATASET\PART_III_TEST\Images\No oil\00112.tif,C:\SlickTrace\outputs\part_iii_predictions\prediction_0262.tif,2,17743,1.4645260869850283,1573.9619568280448,247.97463788536325,37.01531291905611,34.44033256703969,1466,111,208,230,EPSG:4326
262,No oil,A:\SIH26143_DATA\OFFICIAL_DATASET\PART_III_TEST\Images\No oil\00112.tif,C:\SlickTrace\outputs\part_iii_predictions\prediction_0262.tif,3,14596,1.2047693606286125,1768.1663469443683,200.38305015072623,37.03275859624456,34.444607792105444,1664,120,222,150,EPSG:4326
262,No oil,A:\SIH26143_DATA\OFFICIAL_DATASET\PART_III_TEST\Images\No oil\00112.tif,C:\SlickTrace\outputs\part_iii_predictions\prediction_0262.tif,4,501,0.04135307273738934,1900.2055888223554,151.70858283433134,37.04461988315282,34.44898029389911,1887,138,27,30,EPSG:4326
262,No oil,A:\SIH26143_DATA\OFFICIAL_DATASET\PART_III_TEST\Images\No oil\00112.tif,C:\SlickTrace\outputs\part_iii_predictions\prediction_0262.tif,5,20297,1.675335962776031,2005.6021579543774,335.97955362861507,37.05408781804733,34.432426950950706,1902,152,146,323,EPSG:4326
262,No oil,A:\SIH26143_DATA\OFFICIAL_DATASET\PART_III_TEST\Images\No oil\00112.tif,C:\SlickTrace\outputs\part_iii_predictions\prediction_0262.tif,6,1353,0.11167805870995566,1305.8913525498892,274.13747228381374,36.99123172695148,34.43798231963809,1272,252,64,39,EPSG:4326
262,No oil,A:\SIH26143_DATA\OFFICIAL_DATASET\PART_III_TEST\Images\No oil\00112.tif,C:\SlickTrace\outputs\part_iii_predictions\prediction_0262.tif,7,1312,0.10829387511268428,1246.249237804878,281.9253048780488,36.98587398462622,34.43728272673313,1220,260,50,39,EPSG:4326
262,No oil,A:\SIH26143_DATA\OFFICIAL_DATASET\PART_III_TEST\Images\No oil\00112.tif,C:\SlickTrace\outputs\part_iii_predictions\prediction_0262.tif,8,6856,0.5659015303144538,1691.1796966161028,338.492707117853,37.02584276777826,34.432201190531636,1623,269,129,137,EPSG:4326
277,No oil,A:\SIH26143_DATA\OFFICIAL_DATASET\PART_III_TEST\Images\No oil\00127.tif,C:\SlickTrace\outputs\part_iii_predictions\prediction_0277.tif,1,951,0.08310662556314898,1539.6813880126183,31.37644584647739,-88.60195632606296,29.176621132818124,1525,1,28,63,EPSG:4326
277,No oil,A:\SIH26143_DATA\OFFICIAL_DATASET\PART_III_TEST\Images\No oil\00127.tif,C:\SlickTrace\outputs\part_iii_predictions\prediction_0277.tif,2,4222,0.36895496648539955,1972.058266224538,117.72832780672667,-88.5631152502432,29.168864011280384,1939,65,71,110,EPSG:4326
277,No oil,A:\SIH26143_DATA\OFFICIAL_DATASET\PART_III_TEST\Images\No oil\00127.tif,C:\SlickTrace\outputs\part_iii_predictions\prediction_0277.tif,3,544,0.04753943670489279,2040.1911764705883,108.90073529411765,-88.55699476678063,29.16965700740799,2031,81,17,65,EPSG:4326
277,No oil,A:\SIH26143_DATA\OFFICIAL_DATASET\PART_III_TEST\Images\No oil\00127.tif,C:\SlickTrace\outputs\part_iii_predictions\prediction_0277.tif,4,727,0.06353156339054605,1899.8198074277855,214.81568088033012,-88.56960454140703,29.160142505964313,1881,198,42,33,EPSG:4326
277,No oil,A:\SIH26143_DATA\OFFICIAL_DATASET\PART_III_TEST\Images\No oil\00127.tif,C:\SlickTrace\outputs\part_iii_predictions\prediction_0277.tif,5,684,0.059773850562769605,1944.3976608187133,246.140350877193,-88.5656000447036,29.157328562981494,1925,232,44,30,EPSG:4326
277,No oil,A:\SIH26143_DATA\OFFICIAL_DATASET\PART_III_TEST\Images\No oil\00127.tif,C:\SlickTrace\outputs\part_iii_predictions\prediction_0277.tif,6,3481,0.30419996170906577,1666.8305084745762,374.17667336972136,-88.59053432623563,29.145826864439744,1636,330,65,98,EPSG:4326
277,No oil,A:\SIH26143_DATA\OFFICIAL_DATASET\PART_III_TEST\Images\No oil\00127.tif,C:\SlickTrace\outputs\part_iii_predictions\prediction_0277.tif,7,1687,0.14742468698741568,833.4042679312389,363.59928867812687,-88.66540227924226,29.146777047073194,813,337,43,61,EPSG:4326
277,No oil,A:\SIH26143_DATA\OFFICIAL_DATASET\PART_III_TEST\Images\No oil\00127.tif,C:\SlickTrace\outputs\part_iii_predictions\prediction_0277.tif,8,1421,0.12417930065744973,1614.7494722026743,438.80717804363127,-88.59521284532521,29.140021007422853,1598,398,33,78,EPSG:4326
277,No oil,A:\SIH26143_DATA\OFFICIAL_DATASET\PART_III_TEST\Images\No oil\00127.tif,C:\SlickTrace\outputs\part_iii_predictions\prediction_0277.tif,9,1151,0.10058435964583014,1239.1728931364032,465.35968722849697,-88.62895146345846,29.137635754939602,1223,438,36,54,EPSG:4326
277,No oil,A:\SIH26143_DATA\OFFICIAL_DATASET\PART_III_TEST\Images\No oil\00127.tif,C:\SlickTrace\outputs\part_iii_predictions\prediction_0277.tif,10,688,0.06012340524442323,1875.265988372093,477.91279069767444,-88.57181024850115,29.136508090468652,1859,463,35,29,EPSG:4326
277,No oil,A:\SIH26143_DATA\OFFICIAL_DATASET\PART_III_TEST\Images\No oil\00127.tif,C:\SlickTrace\outputs\part_iii_predictions\prediction_0277.tif,11,1028,0.08983555318498122,1831.7636186770428,530.0953307392996,-88.5757181328604,29.131820453140296,1820,504,28,60,EPSG:4326
277,No oil,A:\SIH26143_DATA\OFFICIAL_DATASET\PART_III_TEST\Images\No oil\00127.tif,C:\SlickTrace\outputs\part_iii_predictions\prediction_0277.tif,12,605,0.052870145600110545,1784.401652892562,529.8280991735537,-88.57997273063542,29.131844458960288,1773,512,22,43,EPSG:4326
277,No oil,A:\SIH26143_DATA\OFFICIAL_DATASET\PART_III_TEST\Images\No oil\00127.tif,C:\SlickTrace\outputs\part_iii_predictions\prediction_0277.tif,13,1425,0.12452885533910335,1966.338947368421,546.2554385964912,-88.56362902539752,29.130368765952184,1942,512,51,64,EPSG:4326
277,No oil,A:\SIH26143_DATA\OFFICIAL_DATASET\PART_III_TEST\Images\No oil\00127.tif,C:\SlickTrace\outputs\part_iii_predictions\prediction_0277.tif,14,3084,0.2695066595549437,1916.772373540856,585.1750972762646,-88.56808166648258,29.126872553527708,1894,540,53,86,EPSG:4326
277,No oil,A:\SIH26143_DATA\OFFICIAL_DATASET\PART_III_TEST\Images\No oil\00127.tif,C:\SlickTrace\outputs\part_iii_predictions\prediction_0277.tif,15,630,0.05505486236044569,2039.4968253968254,629.0396825396825,-88.55705714139884,29.12293213079034,2029,607,19,49,EPSG:4326
277,No oil,A:\SIH26143_DATA\OFFICIAL_DATASET\PART_III_TEST\Images\No oil\00127.tif,C:\SlickTrace\outputs\part_iii_predictions\prediction_0277.tif,16,646,0.05645308108706019,1727.0356037151703,665.4582043343653,-88.58512601051197,29.11966059931502,1715,645,25,42,EPSG:4326
277,No oil,A:\SIH26143_DATA\OFFICIAL_DATASET\PART_III_TEST\Images\No oil\00127.tif,C:\SlickTrace\outputs\part_iii_predictions\prediction_0277.tif,17,940,0.0821453501886015,1485.15,694.4244680851064,-88.60685496399456,29.117058515569905,1463,680,47,28,EPSG:4326
277,No oil,A:\SIH26143_DATA\OFFICIAL_DATASET\PART_III_TEST\Images\No oil\00127.tif,C:\SlickTrace\outputs\part_iii_predictions\prediction_0277.tif,18,2518,0.22004467210095596,1836.916203335981,727.8423351866561,-88.57525526830521,29.114056537491905,1797,683,66,91,EPSG:4326
277,No oil,A:\SIH26143_DATA\OFFICIAL_DATASET\PART_III_TEST\Images\No oil\00127.tif,C:\SlickTrace\outputs\part_iii_predictions\prediction_0277.tif,19,2063,0.18028282706285628,1768.8327678138633,793.7120698012603,-88.58137130737771,29.108139358555388,1739,758,53,72,EPSG:4326
277,No oil,A:\SIH26143_DATA\OFFICIAL_DATASET\PART_III_TEST\Images\No oil\00127.tif,C:\SlickTrace\outputs\part_iii_predictions\prediction_0277.tif,20,1128,0.0985744202263218,1533.968085106383,876.8581560283687,-88.60246956079531,29.10067021854813,1515,847,33,62,EPSG:4326
277,No oil,A:\SIH26143_DATA\OFFICIAL_DATASET\PART_III_TEST\Images\No oil\00127.tif,C:\SlickTrace\outputs\part_iii_predictions\prediction_0277.tif,21,2028,0.17722422359838708,1717.189842209073,900.5340236686391,-88.58601047031645,29.098543379171527,1696,868,47,63,EPSG:4326
290,No oil,A:\SIH26143_DATA\OFFICIAL_DATASET\PART_III_TEST\Images\No oil\00140.tif,C:\SlickTrace\outputs\part_iii_predictions\prediction_0290.tif,1,723,0.05873289546554114,749.32918395574,924.1839557399724,36.4239670832889,35.68353740079849,734,891,32,64,EPSG:4326
290,No oil,A:\SIH26143_DATA\OFFICIAL_DATASET\PART_III_TEST\Images\No oil\00140.tif,C:\SlickTrace\outputs\part_iii_predictions\prediction_0290.tif,2,1227,0.09967532881911338,511.3357783211084,959.3952730236349,36.40258777190878,35.6803743143495,487,941,53,43,EPSG:4326
290,No oil,A:\SIH26143_DATA\OFFICIAL_DATASET\PART_III_TEST\Images\No oil\00140.tif,C:\SlickTrace\outputs\part_iii_predictions\prediction_0290.tif,3,1115,0.09057701029609733,452.7847533632287,981.0663677130045,36.39732804384673,35.67842756679119,434,960,44,57,EPSG:4326
290,No oil,A:\SIH26143_DATA\OFFICIAL_DATASET\PART_III_TEST\Images\No oil\00140.tif,C:\SlickTrace\outputs\part_iii_predictions\prediction_0290.tif,4,657,0.05337138633590668,656.2587519025875,1114.8873668188737,36.41560642412761,35.6664062219079,640,1092,34,46,EPSG:4326
290,No oil,A:\SIH26143_DATA\OFFICIAL_DATASET\PART_III_TEST\Images\No oil\00140.tif,C:\SlickTrace\outputs\part_iii_predictions\prediction_0290.tif,5,1697,0.13785577262105575,618.6328815556865,1181.9510901591043,36.41222643468652,35.66038178513925,601,1141,38,84,EPSG:4326
290,No oil,A:\SIH26143_DATA\OFFICIAL_DATASET\PART_III_TEST\Images\No oil\00140.tif,C:\SlickTrace\outputs\part_iii_predictions\prediction_0290.tif,6,2091,0.16986235742523725,1114.090387374462,1345.1157340985174,36.45673413969739,35.64572445579138,1078,1327,69,48,EPSG:4326
290,No oil,A:\SIH26143_DATA\OFFICIAL_DATASET\PART_III_TEST\Images\No oil\00140.tif,C:\SlickTrace\outputs\part_iii_predictions\prediction_0290.tif,7,20878,1.696024054674368,92.99109110068014,1963.5491426381836,36.36500722925275,35.59016963748125,0,1863,216,183,EPSG:4326
291,No oil,A:\SIH26143_DATA\OFFICIAL_DATASET\PART_III_TEST\Images\No oil\00141.tif,C:\SlickTrace\outputs\part_iii_predictions\prediction_0291.tif,1,37931,3.126646825057062,1718.2773457066778,720.7149033771849,36.45828455536577,34.51056849047962,1588,579,229,297,EPSG:4326
293,No oil,A:\SIH26143_DATA\OFFICIAL_DATASET\PART_III_TEST\Images\No oil\00143.tif,C:\SlickTrace\outputs\part_iii_predictions\prediction_0293.tif,1,8978,0.7317490947583158,935.6890175985743,51.98139897527289,34.617912946623164,35.496057081769635,829,0,208,154,EPSG:4326
293,No oil,A:\SIH26143_DATA\OFFICIAL_DATASET\PART_III_TEST\Images\No oil\00143.tif,C:\SlickTrace\outputs\part_iii_predictions\prediction_0293.tif,2,653,0.053222561692713326,991.6049004594181,67.79019908116386,34.62293595584306,35.49463695309377,979,50,29,37,EPSG:4326
293,No oil,A:\SIH26143_DATA\OFFICIAL_DATASET\PART_III_TEST\Images\No oil\00143.tif,C:\SlickTrace\outputs\part_iii_predictions\prediction_0293.tif,3,2814,0.22935419387947212,1387.7818052594173,178.28535891968727,34.65852513272276,35.48471100400335,1361,132,53,93,EPSG:4326
293,No oil,A:\SIH26143_DATA\OFFICIAL_DATASET\PART_III_TEST\Images\No oil\00143.tif,C:\SlickTrace\outputs\part_iii_predictions\prediction_0293.tif,4,1104,0.08998117627680782,1793.0135869565217,557.5235507246376,34.69492772303371,35.45064345760132,1775,533,35,48,EPSG:4326
293,No oil,A:\SIH26143_DATA\OFFICIAL_DATASET\PART_III_TEST\Images\No oil\00143.tif,C:\SlickTrace\outputs\part_iii_predictions\prediction_0293.tif,5,735,0.059905946162548684,1734.7904761904763,587.0421768707483,34.689697452004694,35.447991754298,1719,569,35,41,EPSG:4326
293,No oil,A:\SIH26143_DATA\OFFICIAL_DATASET\PART_III_TEST\Images\No oil\00143.tif,C:\SlickTrace\outputs\part_iii_predictions\prediction_0293.tif,6,7914,0.6450281060277692,1644.857846853677,624.6829668941117,34.68161866645727,35.44461042459957,1573,585,137,95,EPSG:4326
293,No oil,A:\SIH26143_DATA\OFFICIAL_DATASET\PART_III_TEST\Images\No oil\00143.tif,C:\SlickTrace\outputs\part_iii_predictions\prediction_0293.tif,7,1944,0.15844511474829204,1504.0478395061727,803.630658436214,34.66896948828154,35.428535279962546,1478,772,53,63,EPSG:4326
301,Lookalike,A:\SIH26143_DATA\OFFICIAL_DATASET\PART_III_TEST\Images\Lookalike\00001.tif,C:\SlickTrace\outputs\part_iii_predictions\prediction_0301.tif,1,26226,2.2840932126944935,1451.3874780751926,637.4059711736445,-89.15517037776456,29.469112319326587,1359,432,220,372,EPSG:4326
301,Lookalike,A:\SIH26143_DATA\OFFICIAL_DATASET\PART_III_TEST\Images\Lookalike\00001.tif,C:\SlickTrace\outputs\part_iii_predictions\prediction_0301.tif,2,937,0.08160586213279725,1215.4802561366062,548.1814300960513,-89.17636228407473,29.477127496223442,1196,523,37,50,EPSG:4326
301,Lookalike,A:\SIH26143_DATA\OFFICIAL_DATASET\PART_III_TEST\Images\Lookalike\00001.tif,C:\SlickTrace\outputs\part_iii_predictions\prediction_0301.tif,3,765,0.06662591732293478,1567.845751633987,544.6418300653595,-89.14470875305456,29.477445463904168,1542,531,48,29,EPSG:4326
301,Lookalike,A:\SIH26143_DATA\OFFICIAL_DATASET\PART_III_TEST\Images\Lookalike\00001.tif,C:\SlickTrace\outputs\part_iii_predictions\prediction_0301.tif,4,1373,0.11957828037175093,1687.058994901675,612.061908230153,-89.13399964520488,29.47138901523697,1669,574,38,73,EPSG:4326
301,Lookalike,A:\SIH26143_DATA\OFFICIAL_DATASET\PART_III_TEST\Images\Lookalike\00001.tif,C:\SlickTrace\outputs\part_iii_predictions\prediction_0301.tif,5,588,0.051210509001157714,1241.938775510204,615.3707482993198,-89.17398547483988,29.471091777076285,1218,601,43,30,EPSG:4326
301,Lookalike,A:\SIH26143_DATA\OFFICIAL_DATASET\PART_III_TEST\Images\Lookalike\00001.tif,C:\SlickTrace\outputs\part_iii_predictions\prediction_0301.tif,6,1945,0.1693953061347819,1587.1768637532134,644.2318766066838,-89.14297220970698,29.46849913780874,1540,613,81,74,EPSG:4326
301,Lookalike,A:\SIH26143_DATA\OFFICIAL_DATASET\PART_III_TEST\Images\Lookalike\00001.tif,C:\SlickTrace\outputs\part_iii_predictions\prediction_0301.tif,7,615,0.05356201196549659,1675.1430894308944,664.2048780487805,-89.13507006920572,29.466704932562223,1661,647,27,33,EPSG:4326
301,Lookalike,A:\SIH26143_DATA\OFFICIAL_DATASET\PART_III_TEST\Images\Lookalike\00001.tif,C:\SlickTrace\outputs\part_iii_predictions\prediction_0301.tif,8,567,0.04938156225111637,1186.7178130511463,690.241622574956,-89.17894605829795,29.464366012006565,1174,676,27,28,EPSG:4326
301,Lookalike,A:\SIH26143_DATA\OFFICIAL_DATASET\PART_III_TEST\Images\Lookalike\00001.tif,C:\SlickTrace\outputs\part_iii_predictions\prediction_0301.tif,9,831,0.07237403568020759,1568.6028880866427,741.2876052948255,-89.1446407383298,29.45978047335955,1541,728,49,27,EPSG:4326
301,Lookalike,A:\SIH26143_DATA\OFFICIAL_DATASET\PART_III_TEST\Images\Lookalike\00001.tif,C:\SlickTrace\outputs\part_iii_predictions\prediction_0301.tif,10,623,0.05425875358455996,1531.5361155698233,759.5826645264848,-89.14797050315829,29.458137000226383,1515,747,37,26,EPSG:4326
301,Lookalike,A:\SIH26143_DATA\OFFICIAL_DATASET\PART_III_TEST\Images\Lookalike\00001.tif,C:\SlickTrace\outputs\part_iii_predictions\prediction_0301.tif,11,1282,0.11165284445490509,1196.0741029641185,812.1482059282371,-89.1781055684748,29.453414957300463,1176,774,56,67,EPSG:4326
301,Lookalike,A:\SIH26143_DATA\OFFICIAL_DATASET\PART_III_TEST\Images\Lookalike\00001.tif,C:\SlickTrace\outputs\part_iii_predictions\prediction_0301.tif,12,538,0.04685587388201165,1416.0483271375465,821.7211895910781,-89.15834494770607,29.452555001546568,1405,804,25,34,EPSG:4326
301,Lookalike,A:\SIH26143_DATA\OFFICIAL_DATASET\PART_III_TEST\Images\Lookalike\00001.tif,C:\SlickTrace\outputs\part_iii_predictions\prediction_0301.tif,13,652,0.05678444195366468,1467.8665644171779,833.3542944785277,-89.15369003625163,29.45150998195435,1455,819,27,30,EPSG:4326
301,Lookalike,A:\SIH26143_DATA\OFFICIAL_DATASET\PART_III_TEST\Images\Lookalike\00001.tif,C:\SlickTrace\outputs\part_iii_predictions\prediction_0301.tif,14,843,0.07341914810880265,1268.5231316725979,872.1553973902728,-89.17159736149397,29.44802441957572,1250,852,39,48,EPSG:4326
301,Lookalike,A:\SIH26143_DATA\OFFICIAL_DATASET\PART_III_TEST\Images\Lookalike\00001.tif,C:\SlickTrace\outputs\part_iii_predictions\prediction_0301.tif,15,4422,0.38512392993727795,1416.2354138398914,953.2044323835369,-89.15832814142165,29.44074366088596,1392,874,60,158,EPSG:4326
301,Lookalike,A:\SIH26143_DATA\OFFICIAL_DATASET\PART_III_TEST\Images\Lookalike\00001.tif,C:\SlickTrace\outputs\part_iii_predictions\prediction_0301.tif,16,1446,0.12593604764570418,1202.9778699861688,959.448132780083,-89.17748539253141,29.440182779736393,1174,930,63,61,EPSG:4326
301,Lookalike,A:\SIH26143_DATA\OFFICIAL_DATASET\PART_III_TEST\Images\Lookalike\00001.tif,C:\SlickTrace\outputs\part_iii_predictions\prediction_0301.tif,17,2253,0.19621985846872167,1198.2170439414115,1046.3164669329783,-89.17791306481152,29.43237926450884,1176,999,56,102,EPSG:4326
301,Lookalike,A:\SIH26143_DATA\OFFICIAL_DATASET\PART_III_TEST\Images\Lookalike\00001.tif,C:\SlickTrace\outputs\part_iii_predictions\prediction_0301.tif,18,759,0.06610336110863725,1495.1739130434783,1027.2305665349143,-89.15123697538765,29.434093780112715,1477,1013,39,29,EPSG:4326
301,Lookalike,A:\SIH26143_DATA\OFFICIAL_DATASET\PART_III_TEST\Images\Lookalike\00001.tif,C:\SlickTrace\outputs\part_iii_predictions\prediction_0301.tif,19,4752,0.41386452172364196,1444.915404040404,1083.667297979798,-89.1557517740671,29.429023982268443,1396,1037,98,92,EPSG:4326
301,Lookalike,A:\SIH26143_DATA\OFFICIAL_DATASET\PART_III_TEST\Images\Lookalike\00001.tif,C:\SlickTrace\outputs\part_iii_predictions\prediction_0301.tif,20,1223,0.10651437501431274,1452.3213409648406,1160.1986917416189,-89.15508648743386,29.422149050195323,1436,1133,48,53,EPSG:4326
301,Lookalike,A:\SIH26143_DATA\OFFICIAL_DATASET\PART_III_TEST\Images\Lookalike\00001.tif,C:\SlickTrace\outputs\part_iii_predictions\prediction_0301.tif,21,1139,0.09919858801414734,1457.0316066725197,1225.0456540825285,-89.15466335706611,29.41632374845537,1440,1196,34,58,EPSG:4326
301,Lookalike,A:\SIH26143_DATA\OFFICIAL_DATASET\PART_III_TEST\Images\Lookalike\00001.tif,C:\SlickTrace\outputs\part_iii_predictions\prediction_0301.tif,22,926,0.08064784240658511,1240.074514038877,1239.1123110151188,-89.1741529442972,29.415060119163467,1225,1217,31,48,EPSG:4326
301,Lookalike,A:\SIH26143_DATA\OFFICIAL_DATASET\PART_III_TEST\Images\Lookalike\00001.tif,C:\SlickTrace\outputs\part_iii_predictions\prediction_0301.tif,23,599,0.05216852872736985,1644.5292153589317,1385.1886477462438,-89.13782016030423,29.40193785857009,1633,1365,23,43,EPSG:4326
301,Lookalike,A:\SIH26143_DATA\OFFICIAL_DATASET\PART_III_TEST\Images\Lookalike\00001.tif,C:\SlickTrace\outputs\part_iii_predictions\prediction_0301.tif,24,749,0.06523243408480804,1510.9118825100134,1400.5794392523364,-89.14982320953638,29.40055528024563,1495,1383,31,38,EPSG:4326
301,Lookalike,A:\SIH26143_DATA\OFFICIAL_DATASET\PART_III_TEST\Images\Lookalike\00001.tif,C:\SlickTrace\outputs\part_iii_predictions\prediction_0301.tif,25,1905,0.16591159803946506,1570.0010498687664,1443.2010498687664,-89.14451513931995,29.396726515820575,1536,1416,69,54,EPSG:4326
301,Lookalike,A:\SIH26143_DATA\OFFICIAL_DATASET\PART_III_TEST\Images\Lookalike\00001.tif,C:\SlickTrace\outputs\part_iii_predictions\prediction_0301.tif,26,1854,0.16146987021793607,1546.3592233009708,1496.1332254584681,-89.14663892073499,29.39197153758518,1519,1468,51,63,EPSG:4326
301,Lookalike,A:\SIH26143_DATA\OFFICIAL_DATASET\PART_III_TEST\Images\Lookalike\00001.tif,C:\SlickTrace\outputs\part_iii_predictions\prediction_0301.tif,27,508,0.044243092810524014,1629.4724409448818,1526.5748031496064,-89.1391727333628,29.389236924133918,1616,1516,30,22,EPSG:4326
301,Lookalike,A:\SIH26143_DATA\OFFICIAL_DATASET\PART_III_TEST\Images\Lookalike\00001.tif,C:\SlickTrace\outputs\part_iii_predictions\prediction_0301.tif,28,5099,0.44408568945051563,1644.1600313787017,1604.8350656991568,-89.13785332466543,29.38220668513517,1589,1553,123,101,EPSG:4326
301,Lookalike,A:\SIH26143_DATA\OFFICIAL_DATASET\PART_III_TEST\Images\Lookalike\00001.tif,C:\SlickTrace\outputs\part_iii_predictions\prediction_0301.tif,29,584,0.05086213819162603,1701.6541095890411,1571.359589041096,-89.13268854374516,29.385213838367683,1684,1557,35,33,EPSG:4326
301,Lookalike,A:\SIH26143_DATA\OFFICIAL_DATASET\PART_III_TEST\Images\Lookalike\00001.tif,C:\SlickTrace\outputs\part_iii_predictions\prediction_0301.tif,30,1256,0.10938843419294914,1773.5023885350317,1592.8829617834394,-89.12623430303368,29.383280360897658,1739,1576,64,45,EPSG:4326
301,Lookalike,A:\SIH26143_DATA\OFFICIAL_DATASET\PART_III_TEST\Images\Lookalike\00001.tif,C:\SlickTrace\outputs\part_iii_predictions\prediction_0301.tif,31,833,0.07254822108497343,1629.6638655462184,1650.0540216086436,-89.13915553739828,29.37814459721263,1606,1633,45,35,EPSG:4326
301,Lookalike,A:\SIH26143_DATA\OFFICIAL_DATASET\PART_III_TEST\Images\Lookalike\00001.tif,C:\SlickTrace\outputs\part_iii_predictions\prediction_0301.tif,32,931,0.08108330591849972,1650.7593984962407,1702.8775510204082,-89.13726049343072,29.373399378829454,1634,1683,35,44,EPSG:4326
301,Lookalike,A:\SIH26143_DATA\OFFICIAL_DATASET\PART_III_TEST\Images\Lookalike\00001.tif,C:\SlickTrace\outputs\part_iii_predictions\prediction_0301.tif,33,809,0.07045799622778331,1930.68108776267,1710.6786155747836,-89.11211470024826,29.372698597277296,1911,1688,44,51,EPSG:4326
301,Lookalike,A:\SIH26143_DATA\OFFICIAL_DATASET\PART_III_TEST\Images\Lookalike\00001.tif,C:\SlickTrace\outputs\part_iii_predictions\prediction_0301.tif,34,1244,0.10834332176435409,1993.8416398713825,1784.8344051446945,-89.10644089131699,29.366037069359635,1970,1766,49,47,EPSG:4326
304,Lookalike,A:\SIH26143_DATA\OFFICIAL_DATASET\PART_III_TEST\Images\Lookalike\00004.tif,C:\SlickTrace\outputs\part_iii_predictions\prediction_0304.tif,1,7328,0.3658519920627771,1272.7240720524017,352.93081331877727,20.81650548535245,60.110048740519645,1173,283,182,128,EPSG:4326
304,Lookalike,A:\SIH26143_DATA\OFFICIAL_DATASET\PART_III_TEST\Images\Lookalike\00004.tif,C:\SlickTrace\outputs\part_iii_predictions\prediction_0304.tif,2,827,0.04128815467193186,1276.0580411124547,424.1850060459492,20.816804980888794,60.10364786748121,1256,408,39,32,EPSG:4326
304,Lookalike,A:\SIH26143_DATA\OFFICIAL_DATASET\PART_III_TEST\Images\Lookalike\00004.tif,C:\SlickTrace\outputs\part_iii_predictions\prediction_0304.tif,3,6581,0.3285578547714432,1207.8605075216533,471.9835891201945,20.810678692212406,60.09935404770772,1159,420,91,117,EPSG:4326
304,Lookalike,A:\SIH26143_DATA\OFFICIAL_DATASET\PART_III_TEST\Images\Lookalike\00004.tif,C:\SlickTrace\outputs\part_iii_predictions\prediction_0304.tif,4,48645,2.4286121934898732,1493.6487819919828,652.8980162401069,20.83635148971029,60.083102228207764,1286,564,405,210,EPSG:4326
304,Lookalike,A:\SIH26143_DATA\OFFICIAL_DATASET\PART_III_TEST\Images\Lookalike\00004.tif,C:\SlickTrace\outputs\part_iii_predictions\prediction_0304.tif,5,4005,0.19995049511618754,1333.0754057428214,861.8876404494382,20.82192693789956,60.0643283708428,1234,830,179,88,EPSG:4326
304,Lookalike,A:\SIH26143_DATA\OFFICIAL_DATASET\PART_III_TEST\Images\Lookalike\00004.tif,C:\SlickTrace\outputs\part_iii_predictions\prediction_0304.tif,6,13430,0.6704956677678897,1409.683320923306,1011.47617274758,20.828808744008676,60.05089060435356,1296,887,210,268,EPSG:4326
304,Lookalike,A:\SIH26143_DATA\OFFICIAL_DATASET\PART_III_TEST\Images\Lookalike\00004.tif,C:\SlickTrace\outputs\part_iii_predictions\prediction_0304.tif,7,899,0.04488277031447006,1525.344827586207,1125.3147942157952,20.839198793930635,60.040664306994756,1508,1105,35,42,EPSG:4326
304,Lookalike,A:\SIH26143_DATA\OFFICIAL_DATASET\PART_III_TEST\Images\Lookalike\00004.tif,C:\SlickTrace\outputs\part_iii_predictions\prediction_0304.tif,8,4132,0.20629099770788686,1544.3201839303001,1315.0926911907068,20.840903379193186,60.023616268450695,1498,1266,101,93,EPSG:4326
305,Lookalike,A:\SIH26143_DATA\OFFICIAL_DATASET\PART_III_TEST\Images\Lookalike\00005.tif,C:\SlickTrace\outputs\part_iii_predictions\prediction_0305.tif,1,902,0.06620122922231925,332.29822616407984,363.44456762749445,9.728409400040494,42.84233037116012,312,339,39,47,EPSG:4326
305,Lookalike,A:\SIH26143_DATA\OFFICIAL_DATASET\PART_III_TEST\Images\Lookalike\00005.tif,C:\SlickTrace\outputs\part_iii_predictions\prediction_0305.tif,2,856,0.06282511331962891,164.86098130841123,382.57710280373834,9.713368256422022,42.84061166628285,142,358,50,48,EPSG:4326
305,Lookalike,A:\SIH26143_DATA\OFFICIAL_DATASET\PART_III_TEST\Images\Lookalike\00005.tif,C:\SlickTrace\outputs\part_iii_predictions\prediction_0305.tif,3,978,0.07177915984415546,282.1298568507157,398.0071574642127,9.723902698747139,42.83922556088921,270,373,26,53,EPSG:4326
305,Lookalike,A:\SIH26143_DATA\OFFICIAL_DATASET\PART_III_TEST\Images\Lookalike\00005.tif,C:\SlickTrace\outputs\part_iii_predictions\prediction_0305.tif,4,1157,0.08491665433505917,545.0872947277442,431.7294727744166,9.747524567298923,42.83619623376331,520,396,49,59,EPSG:4326
305,Lookalike,A:\SIH26143_DATA\OFFICIAL_DATASET\PART_III_TEST\Images\Lookalike\00005.tif,C:\SlickTrace\outputs\part_iii_predictions\prediction_0305.tif,5,958,0.07031128336472488,249.2651356993737,428.68789144050106,9.72095041061528,42.83646946366333,231,407,36,43,EPSG:4326
305,Lookalike,A:\SIH26143_DATA\OFFICIAL_DATASET\PART_III_TEST\Images\Lookalike\00005.tif,C:\SlickTrace\outputs\part_iii_predictions\prediction_0305.tif,6,3225,0.23669508230818134,396.7271317829457,461.62511627906974,9.734197147106146,42.833510662414426,347,428,95,62,EPSG:4326
305,Lookalike,A:\SIH26143_DATA\OFFICIAL_DATASET\PART_III_TEST\Images\Lookalike\00005.tif,C:\SlickTrace\outputs\part_iii_predictions\prediction_0305.tif,7,1453,0.10664122623063178,132.16999311768754,469.46524432209225,9.710431574987552,42.832806371729376,108,445,54,51,EPSG:4326
305,Lookalike,A:\SIH26143_DATA\OFFICIAL_DATASET\PART_III_TEST\Images\Lookalike\00005.tif,C:\SlickTrace\outputs\part_iii_predictions\prediction_0305.tif,8,564,0.04139411671994241,479.8989361702128,493.92021276595744,9.741668597415034,42.8306095445368,468,475,27,34,EPSG:4326
305,Lookalike,A:\SIH26143_DATA\OFFICIAL_DATASET\PART_III_TEST\Images\Lookalike\00005.tif,C:\SlickTrace\outputs\part_iii_predictions\prediction_0305.tif,9,149536,10.975018861406577,295.5518403595121,698.396967954205,9.725108416040054,42.812241085093525,0,489,616,441,EPSG:4326
305,Lookalike,A:\SIH26143_DATA\OFFICIAL_DATASET\PART_III_TEST\Images\Lookalike\00005.tif,C:\SlickTrace\outputs\part_iii_predictions\prediction_0305.tif,10,877,0.06436638362303103,37.17445838084379,549.2337514253136,9.70189798090983,42.825640644817156,19,523,38,48,EPSG:4326
305,Lookalike,A:\SIH26143_DATA\OFFICIAL_DATASET\PART_III_TEST\Images\Lookalike\00005.tif,C:\SlickTrace\outputs\part_iii_predictions\prediction_0305.tif,11,1272,0.09335694409178502,192.53380503144655,549.99606918239,9.715854148472538,42.8255721646479,155,537,70,26,EPSG:4326
305,Lookalike,A:\SIH26143_DATA\OFFICIAL_DATASET\PART_III_TEST\Images\Lookalike\00005.tif,C:\SlickTrace\outputs\part_iii_predictions\prediction_0305.tif,12,1137,0.08344877785562858,558.2330694810906,796.7238346525945,9.748705472337175,42.803408232374046,528,774,59,49,EPSG:4326
305,Lookalike,A:\SIH26143_DATA\OFFICIAL_DATASET\PART_III_TEST\Images\Lookalike\00005.tif,C:\SlickTrace\outputs\part_iii_predictions\prediction_0305.tif,13,2144,0.1573563585949584,462.3320895522388,805.5615671641791,9.740090540733963,42.80261432535484,421,779,83,55,EPSG:4326
305,Lookalike,A:\SIH26143_DATA\OFFICIAL_DATASET\PART_III_TEST\Images\Lookalike\00005.tif,C:\SlickTrace\outputs\part_iii_predictions\prediction_0305.tif,14,890149,65.33143901443266,482.9878267570935,1503.7807558060504,9.74194607717755,42.739892228472584,0,853,1057,1195,EPSG:4326
305,Lookalike,A:\SIH26143_DATA\OFFICIAL_DATASET\PART_III_TEST\Images\Lookalike\00005.tif,C:\SlickTrace\outputs\part_iii_predictions\prediction_0305.tif,15,8624,0.632948337930467,981.0912569573284,900.4983766233767,9.786691469619674,42.79408600665856,828,873,287,58,EPSG:4326
305,Lookalike,A:\SIH26143_DATA\OFFICIAL_DATASET\PART_III_TEST\Images\Lookalike\00005.tif,C:\SlickTrace\outputs\part_iii_predictions\prediction_0305.tif,16,580,0.04256841790348688,716.1034482758621,901.1896551724138,9.762887209755284,42.794023908049944,700,882,30,32,EPSG:4326
305,Lookalike,A:\SIH26143_DATA\OFFICIAL_DATASET\PART_III_TEST\Images\Lookalike\00005.tif,C:\SlickTrace\outputs\part_iii_predictions\prediction_0305.tif,17,2058,0.1510444897334069,296.24975704567544,920.5349854227405,9.725171110962677,42.792286087465925,259,895,73,55,EPSG:4326
305,Lookalike,A:\SIH26143_DATA\OFFICIAL_DATASET\PART_III_TEST\Images\Lookalike\00005.tif,C:\SlickTrace\outputs\part_iii_predictions\prediction_0305.tif,18,1159,0.08506344198300222,395.12683347713545,918.8421052631579,9.73405338986342,42.792438161478074,372,897,52,38,EPSG:4326
305,Lookalike,A:\SIH26143_DATA\OFFICIAL_DATASET\PART_III_TEST\Images\Lookalike\00005.tif,C:\SlickTrace\outputs\part_iii_predictions\prediction_0305.tif,19,529,0.038825332880938895,343.82986767485824,918.9829867674858,9.729445305022505,42.79242550587722,332,905,24,30,EPSG:4326
305,Lookalike,A:\SIH26143_DATA\OFFICIAL_DATASET\PART_III_TEST\Images\Lookalike\00005.tif,C:\SlickTrace\outputs\part_iii_predictions\prediction_0305.tif,20,1985,0.14568674058348527,240.25138539042823,958.3934508816121,9.720140691648306,42.78888520365042,213,928,60,60,EPSG:4326
305,Lookalike,A:\SIH26143_DATA\OFFICIAL_DATASET\PART_III_TEST\Images\Lookalike\00005.tif,C:\SlickTrace\outputs\part_iii_predictions\prediction_0305.tif,21,864,0.06341226391140115,27.12037037037037,1033.5868055555557,9.700994806817063,42.78213046967364,3,1020,50,28,EPSG:4326
305,Lookalike,A:\SIH26143_DATA\OFFICIAL_DATASET\PART_III_TEST\Images\Lookalike\00005.tif,C:\SlickTrace\outputs\part_iii_predictions\prediction_0305.tif,22,689,0.05056834471638355,847.711175616836,1379.3134978229318,9.774709733053147,42.751073312494455,831,1362,33,39,EPSG:4326
305,Lookalike,A:\SIH26143_DATA\OFFICIAL_DATASET\PART_III_TEST\Images\Lookalike\00005.tif,C:\SlickTrace\outputs\part_iii_predictions\prediction_0305.tif,23,504,0.03699048728165067,917.7043650793651,1395.486111111111,9.780997328240993,42.74962050192436,906,1378,24,33,EPSG:4326
305,Lookalike,A:\SIH26143_DATA\OFFICIAL_DATASET\PART_III_TEST\Images\Lookalike\00005.tif,C:\SlickTrace\outputs\part_iii_predictions\prediction_0305.tif,24,741,0.05438482356290306,1108.9649122807018,1427.9338731443995,9.798178555520996,42.74670566986736,1083,1416,43,29,EPSG:4326
305,Lookalike,A:\SIH26143_DATA\OFFICIAL_DATASET\PART_III_TEST\Images\Lookalike\00005.tif,C:\SlickTrace\outputs\part_iii_predictions\prediction_0305.tif,25,535,0.03926569582476807,967.6093457943925,1497.8934579439253,9.785480368933992,42.74042109343775,950,1482,39,31,EPSG:4326
305,Lookalike,A:\SIH26143_DATA\OFFICIAL_DATASET\PART_III_TEST\Images\Lookalike\00005.tif,C:\SlickTrace\outputs\part_iii_predictions\prediction_0305.tif,26,913,0.06700856128600607,1191.5476451259583,1569.5553121577218,9.805597088632922,42.73398359954489,1173,1539,44,55,EPSG:4326
305,Lookalike,A:\SIH26143_DATA\OFFICIAL_DATASET\PART_III_TEST\Images\Lookalike\00005.tif,C:\SlickTrace\outputs\part_iii_predictions\prediction_0305.tif,27,885,0.06495353421480325,1191.3062146892655,1624.8146892655368,9.805575400567788,42.72901956524021,1170,1596,38,54,EPSG:4326
305,Lookalike,A:\SIH26143_DATA\OFFICIAL_DATASET\PART_III_TEST\Images\Lookalike\00005.tif,C:\SlickTrace\outputs\part_iii_predictions\prediction_0305.tif,28,816,0.059889360360767745,974.8223039215686,1627.3566176470588,9.78612831998693,42.72879121992858,953,1609,43,38,EPSG:4326
305,Lookalike,A:\SIH26143_DATA\OFFICIAL_DATASET\PART_III_TEST\Images\Lookalike\00005.tif,C:\SlickTrace\outputs\part_iii_predictions\prediction_0305.tif,29,1161,0.0852102296309453,1047.5409130060293,1761.485788113695,9.792660743784978,42.71674219154094,1024,1741,48,49,EPSG:4326
305,Lookalike,A:\SIH26143_DATA\OFFICIAL_DATASET\PART_III_TEST\Images\Lookalike\00005.tif,C:\SlickTrace\outputs\part_iii_predictions\prediction_0305.tif,30,589,0.043228962319230645,1009.6740237691001,1784.7011884550084,9.789259103248618,42.71465671664558,999,1769,24,36,EPSG:4326
305,Lookalike,A:\SIH26143_DATA\OFFICIAL_DATASET\PART_III_TEST\Images\Lookalike\00005.tif,C:\SlickTrace\outputs\part_iii_predictions\prediction_0305.tif,31,507,0.037210668753565254,1097.6232741617357,1928.424063116371,9.797159718834074,42.70174587114699,1083,1914,34,32,EPSG:4326
305,Lookalike,A:\SIH26143_DATA\OFFICIAL_DATASET\PART_III_TEST\Images\Lookalike\00005.tif,C:\SlickTrace\outputs\part_iii_predictions\prediction_0305.tif,32,3038,0.2229704372255054,1093.0477287689268,1995.6514154048716,9.79674869059812,42.695706735339826,1049,1961,100,73,EPSG:4326
305,Lookalike,A:\SIH26143_DATA\OFFICIAL_DATASET\PART_III_TEST\Images\Lookalike\00005.tif,C:\SlickTrace\outputs\part_iii_predictions\prediction_0305.tif,33,568,0.04168769201582853,1028.3010563380283,2005.3080985915492,9.790932398054064,42.69483926072978,1006,1991,40,32,EPSG:4326
306,Lookalike,A:\SIH26143_DATA\OFFICIAL_DATASET\PART_III_TEST\Images\Lookalike\00006.tif,C:\SlickTrace\outputs\part_iii_predictions\prediction_0306.tif,1,1633048,120.18795888296124,868.7589654437592,847.1552214019429,9.776600488182993,42.62694035844195,0,0,1752,2044,EPSG:4326
306,Lookalike,A:\SIH26143_DATA\OFFICIAL_DATASET\PART_III_TEST\Images\Lookalike\00006.tif,C:\SlickTrace\outputs\part_iii_predictions\prediction_0306.tif,2,1175,0.08647685290786275,1237.3353191489362,309.84851063829785,9.809710265372834,42.67520744149584,1192,296,78,33,EPSG:4326
306,Lookalike,A:\SIH26143_DATA\OFFICIAL_DATASET\PART_III_TEST\Images\Lookalike\00006.tif,C:\SlickTrace\outputs\part_iii_predictions\prediction_0306.tif,3,1676,0.12334911104134295,1245.022076372315,421.708830548926,9.810400778522741,42.665158857989624,1219,398,54,53,EPSG:4326
306,Lookalike,A:\SIH26143_DATA\OFFICIAL_DATASET\PART_III_TEST\Images\Lookalike\00006.tif,C:\SlickTrace\outputs\part_iii_predictions\prediction_0306.tif,4,529,0.038932983138944166,1586.8090737240075,752.3497164461247,9.841104026886176,42.635456881854,1572,740,34,26,EPSG:4326
306,Lookalike,A:\SIH26143_DATA\OFFICIAL_DATASET\PART_III_TEST\Images\Lookalike\00006.tif,C:\SlickTrace\outputs\part_iii_predictions\prediction_0306.tif,5,626,0.046071923336444325,188.0,916.9872204472844,9.71544686983704,42.620667243235644,164,907,47,23,EPSG:4326
306,Lookalike,A:\SIH26143_DATA\OFFICIAL_DATASET\PART_III_TEST\Images\Lookalike\00006.tif,C:\SlickTrace\outputs\part_iii_predictions\prediction_0306.tif,6,1183,0.08706563148085246,1613.9281487743026,932.3575655114116,9.843540174847062,42.619286501646314,1594,912,43,44,EPSG:4326
306,Lookalike,A:\SIH26143_DATA\OFFICIAL_DATASET\PART_III_TEST\Images\Lookalike\00006.tif,C:\SlickTrace\outputs\part_iii_predictions\prediction_0306.tif,7,635,0.04673429923105774,1727.0488188976378,1267.6141732283465,9.853701977539226,42.589169888164896,1707,1252,39,33,EPSG:4326
306,Lookalike,A:\SIH26143_DATA\OFFICIAL_DATASET\PART_III_TEST\Images\Lookalike\00006.tif,C:\SlickTrace\outputs\part_iii_predictions\prediction_0306.tif,8,527,0.03878578849569674,1360.4743833017078,1392.0284629981024,9.820772035712894,42.577993562358586,1348,1375,27,39,EPSG:4326
306,Lookalike,A:\SIH26143_DATA\OFFICIAL_DATASET\PART_III_TEST\Images\Lookalike\00006.tif,C:\SlickTrace\outputs\part_iii_predictions\prediction_0306.tif,9,666,0.049015816201392844,1242.3573573573574,1394.96996996997,9.810161402740839,42.57772932229147,1227,1380,31,31,EPSG:4326
306,Lookalike,A:\SIH26143_DATA\OFFICIAL_DATASET\PART_III_TEST\Images\Lookalike\00006.tif,C:\SlickTrace\outputs\part_iii_predictions\prediction_0306.tif,10,715,0.05262208496095478,1567.737062937063,1779.9356643356643,9.839390759007296,42.54314726558043,1545,1763,41,36,EPSG:4326
306,Lookalike,A:\SIH26143_DATA\OFFICIAL_DATASET\PART_III_TEST\Images\Lookalike\00006.tif,C:\SlickTrace\outputs\part_iii_predictions\prediction_0306.tif,11,1519,0.11179433154642002,1445.0059249506255,1830.4950625411454,9.828365633298235,42.538605437564044,1404,1813,90,30,EPSG:4326
306,Lookalike,A:\SIH26143_DATA\OFFICIAL_DATASET\PART_III_TEST\Images\Lookalike\00006.tif,C:\SlickTrace\outputs\part_iii_predictions\prediction_0306.tif,12,1166,0.08581447701324933,1095.9845626072042,1955.4030874785592,9.797012510870504,42.527384758773,1070,1938,50,38,EPSG:4326
306,Lookalike,A:\SIH26143_DATA\OFFICIAL_DATASET\PART_III_TEST\Images\Lookalike\00006.tif,C:\SlickTrace\outputs\part_iii_predictions\prediction_0306.tif,13,1696,0.12482105747381722,1119.0884433962265,2019.0041273584907,9.79908796779403,42.52167138015199,1102,1982,41,65,EPSG:4326
307,Lookalike,A:\SIH26143_DATA\OFFICIAL_DATASET\PART_III_TEST\Images\Lookalike\00007.tif,C:\SlickTrace\outputs\part_iii_predictions\prediction_0307.tif,1,1102,0.10412700840515553,313.99546279491835,21.629764065335753,38.154419460040394,19.201662971167064,291,0,40,49,EPSG:4326
307,Lookalike,A:\SIH26143_DATA\OFFICIAL_DATASET\PART_III_TEST\Images\Lookalike\00007.tif,C:\SlickTrace\outputs\part_iii_predictions\prediction_0307.tif,2,9432,0.8912213641355962,406.33810432569976,115.99194232400339,38.1627147406667,19.19318627246981,372,25,91,212,EPSG:4326
307,Lookalike,A:\SIH26143_DATA\OFFICIAL_DATASET\PART_III_TEST\Images\Lookalike\00007.tif,C:\SlickTrace\outputs\part_iii_predictions\prediction_0307.tif,3,648,0.06122894868107149,164.25925925925927,216.9537037037037,38.14096842801818,19.184116723133908,151,198,28,35,EPSG:4326
307,Lookalike,A:\SIH26143_DATA\OFFICIAL_DATASET\PART_III_TEST\Images\Lookalike\00007.tif,C:\SlickTrace\outputs\part_iii_predictions\prediction_0307.tif,4,1862,0.17593873833974555,186.5359828141783,261.6025778732546,38.14296958014313,19.180105846525382,155,226,58,68,EPSG:4326
307,Lookalike,A:\SIH26143_DATA\OFFICIAL_DATASET\PART_III_TEST\Images\Lookalike\00007.tif,C:\SlickTrace\outputs\part_iii_predictions\prediction_0307.tif,5,750,0.07086683875124015,340.768,269.14,38.15682447797699,19.17942874837545,328,250,27,41,EPSG:4326
307,Lookalike,A:\SIH26143_DATA\OFFICIAL_DATASET\PART_III_TEST\Images\Lookalike\00007.tif,C:\SlickTrace\outputs\part_iii_predictions\prediction_0307.tif,6,6789,0.6414866243762258,297.00014729709824,362.3028428339962,38.152892744873384,19.17105978781247,249,295,92,131,EPSG:4326
307,Lookalike,A:\SIH26143_DATA\OFFICIAL_DATASET\PART_III_TEST\Images\Lookalike\00007.tif,C:\SlickTrace\outputs\part_iii_predictions\prediction_0307.tif,7,945,0.08929221682656259,167.04232804232805,390.8126984126984,38.14121843534064,19.16849870391103,147,374,46,32,EPSG:4326
307,Lookalike,A:\SIH26143_DATA\OFFICIAL_DATASET\PART_III_TEST\Images\Lookalike\00007.tif,C:\SlickTrace\outputs\part_iii_predictions\prediction_0307.tif,8,1030,0.09732379188503647,326.55825242718447,442.95825242718445,38.155547994634176,19.16381438909402,305,423,40,43,EPSG:4326
307,Lookalike,A:\SIH26143_DATA\OFFICIAL_DATASET\PART_III_TEST\Images\Lookalike\00007.tif,C:\SlickTrace\outputs\part_iii_predictions\prediction_0307.tif,9,997,0.0942056509799819,615.407221664995,696.8134403209629,38.18149573902103,19.14101018957022,600,676,36,41,EPSG:4326
307,Lookalike,A:\SIH26143_DATA\OFFICIAL_DATASET\PART_III_TEST\Images\Lookalike\00007.tif,C:\SlickTrace\outputs\part_iii_predictions\prediction_0307.tif,10,660,0.06236281810109133,745.980303030303,694.4772727272727,38.19322531848953,19.141220051075788,729,682,33,26,EPSG:4326
307,Lookalike,A:\SIH26143_DATA\OFFICIAL_DATASET\PART_III_TEST\Images\Lookalike\00007.tif,C:\SlickTrace\outputs\part_iii_predictions\prediction_0307.tif,11,618,0.05839427513102188,505.3802588996764,718.6375404530744,38.1716118487893,19.13904969729914,492,705,28,28,EPSG:4326
307,Lookalike,A:\SIH26143_DATA\OFFICIAL_DATASET\PART_III_TEST\Images\Lookalike\00007.tif,C:\SlickTrace\outputs\part_iii_predictions\prediction_0307.tif,12,4097,0.3871219178184412,661.1791554796192,779.5508908957773,38.18560750179397,19.133577757928176,629,732,71,108,EPSG:4326
307,Lookalike,A:\SIH26143_DATA\OFFICIAL_DATASET\PART_III_TEST\Images\Lookalike\00007.tif,C:\SlickTrace\outputs\part_iii_predictions\prediction_0307.tif,13,3126,0.2953729839151689,529.2127319257837,774.171465131158,38.17375275626706,19.134060999966593,484,739,98,84,EPSG:4326
307,Lookalike,A:\SIH26143_DATA\OFFICIAL_DATASET\PART_III_TEST\Images\Lookalike\00007.tif,C:\SlickTrace\outputs\part_iii_predictions\prediction_0307.tif,14,719,0.06793767608285556,529.7663421418637,837.2002781641169,38.17380248791892,19.12839902535785,515,821,31,33,EPSG:4326
307,Lookalike,A:\SIH26143_DATA\OFFICIAL_DATASET\PART_III_TEST\Images\Lookalike\00007.tif,C:\SlickTrace\outputs\part_iii_predictions\prediction_0307.tif,15,2000,0.18897823666997374,571.4415,903.157,38.17754623104613,19.12247403222629,537,877,73,57,EPSG:4326
307,Lookalike,A:\SIH26143_DATA\OFFICIAL_DATASET\PART_III_TEST\Images\Lookalike\00007.tif,C:\SlickTrace\outputs\part_iii_predictions\prediction_0307.tif,16,4161,0.3931692213918804,543.0478250420572,1013.3640951694305,38.174995583827425,19.11257396042538,515,939,55,141,EPSG:4326
307,Lookalike,A:\SIH26143_DATA\OFFICIAL_DATASET\PART_III_TEST\Images\Lookalike\00007.tif,C:\SlickTrace\outputs\part_iii_predictions\prediction_0307.tif,17,3125,0.29527849479683393,26.36512,1152.6336,38.12858118672948,19.100063167945272,0,1102,54,104,EPSG:4326
307,Lookalike,A:\SIH26143_DATA\OFFICIAL_DATASET\PART_III_TEST\Images\Lookalike\00007.tif,C:\SlickTrace\outputs\part_iii_predictions\prediction_0307.tif,18,1812,0.1712142824229962,573.0226269315673,1166.7511037527595,38.177688266095004,19.098794971005802,542,1125,70,82,EPSG:4326
307,Lookalike,A:\SIH26143_DATA\OFFICIAL_DATASET\PART_III_TEST\Images\Lookalike\00007.tif,C:\SlickTrace\outputs\part_iii_predictions\prediction_0307.tif,19,774,0.07313457759127984,460.6279069767442,1145.1098191214471,38.16759167661603,19.10073904068103,440,1129,40,31,EPSG:4326
307,Lookalike,A:\SIH26143_DATA\OFFICIAL_DATASET\PART_III_TEST\Images\Lookalike\00007.tif,C:\SlickTrace\outputs\part_iii_predictions\prediction_0307.tif,20,694,0.06557544812448088,807.900576368876,1178.3501440922191,38.198787711283224,19.097753011483995,777,1166,63,23,EPSG:4326
307,Lookalike,A:\SIH26143_DATA\OFFICIAL_DATASET\PART_III_TEST\Images\Lookalike\00007.tif,C:\SlickTrace\outputs\part_iii_predictions\prediction_0307.tif,21,5344,0.5049498483821698,253.0443488023952,1329.4300149700598,38.14894412831204,19.08418127577076,203,1284,118,96,EPSG:4326
307,Lookalike,A:\SIH26143_DATA\OFFICIAL_DATASET\PART_III_TEST\Images\Lookalike\00007.tif,C:\SlickTrace\outputs\part_iii_predictions\prediction_0307.tif,22,1778,0.16800165239960665,458.51631046119235,1364.6068616422947,38.167401988673646,19.08102128586948,431,1334,49,56,EPSG:4326
307,Lookalike,A:\SIH26143_DATA\OFFICIAL_DATASET\PART_III_TEST\Images\Lookalike\00007.tif,C:\SlickTrace\outputs\part_iii_predictions\prediction_0307.tif,23,608,0.05744938394767202,12.133223684210526,1380.8174342105262,38.127302713731225,19.079565065359244,0,1365,26,31,EPSG:4326
307,Lookalike,A:\SIH26143_DATA\OFFICIAL_DATASET\PART_III_TEST\Images\Lookalike\00007.tif,C:\SlickTrace\outputs\part_iii_predictions\prediction_0307.tif,24,1921,0.18151359632150976,226.6501821967725,1408.0052056220718,38.14657309998469,19.077122746299228,195,1381,74,52,EPSG:4326
307,Lookalike,A:\SIH26143_DATA\OFFICIAL_DATASET\PART_III_TEST\Images\Lookalike\00007.tif,C:\SlickTrace\outputs\part_iii_predictions\prediction_0307.tif,25,1424,0.1345525045090213,338.28370786516854,1472.688202247191,38.156601310217496,19.071312173850128,314,1434,50,71,EPSG:4326
307,Lookalike,A:\SIH26143_DATA\OFFICIAL_DATASET\PART_III_TEST\Images\Lookalike\00007.tif,C:\SlickTrace\outputs\part_iii_predictions\prediction_0307.tif,26,997,0.0942056509799819,300.3520561685055,1560.5626880641926,38.1531938519704,19.063418274480775,281,1532,41,56,EPSG:4326
307,Lookalike,A:\SIH26143_DATA\OFFICIAL_DATASET\PART_III_TEST\Images\Lookalike\00007.tif,C:\SlickTrace\outputs\part_iii_predictions\prediction_0307.tif,27,949,0.08967017329990254,459.9873551106428,1572.8103266596418,38.16753413486287,19.062318050386306,439,1555,40,36,EPSG:4326
307,Lookalike,A:\SIH26143_DATA\OFFICIAL_DATASET\PART_III_TEST\Images\Lookalike\00007.tif,C:\SlickTrace\outputs\part_iii_predictions\prediction_0307.tif,28,1526,0.14419039457918995,701.2116644823067,1601.3768020969856,38.18920368326384,19.05975188023643,686,1568,33,67,EPSG:4326
307,Lookalike,A:\SIH26143_DATA\OFFICIAL_DATASET\PART_III_TEST\Images\Lookalike\00007.tif,C:\SlickTrace\outputs\part_iii_predictions\prediction_0307.tif,29,1012,0.0956229877550067,944.0286561264822,1600.161067193676,38.21101630474763,19.059861091560936,916,1588,55,25,EPSG:4326
307,Lookalike,A:\SIH26143_DATA\OFFICIAL_DATASET\PART_III_TEST\Images\Lookalike\00007.tif,C:\SlickTrace\outputs\part_iii_predictions\prediction_0307.tif,30,8186,0.7734879226902025,640.492548253115,1660.989127779135,38.18374919224915,19.05439681390821,584,1593,105,135,EPSG:4326
307,Lookalike,A:\SIH26143_DATA\OFFICIAL_DATASET\PART_III_TEST\Images\Lookalike\00007.tif,C:\SlickTrace\outputs\part_iii_predictions\prediction_0307.tif,31,5862,0.553895211679693,35.385363357215965,1716.6637666325487,38.1293914889769,19.049395476006225,0,1636,86,171,EPSG:4326
307,Lookalike,A:\SIH26143_DATA\OFFICIAL_DATASET\PART_III_TEST\Images\Lookalike\00007.tif,C:\SlickTrace\outputs\part_iii_predictions\prediction_0307.tif,32,1433,0.13540290657403617,788.7648290300069,1665.7899511514306,38.19706871785247,19.05396554860704,767,1641,49,45,EPSG:4326
307,Lookalike,A:\SIH26143_DATA\OFFICIAL_DATASET\PART_III_TEST\Images\Lookalike\00007.tif,C:\SlickTrace\outputs\part_iii_predictions\prediction_0307.tif,33,1434,0.13549739569237115,905.2733612273361,1677.8877266387726,38.207534857372785,19.05287878694463,871,1666,77,24,EPSG:4326
307,Lookalike,A:\SIH26143_DATA\OFFICIAL_DATASET\PART_III_TEST\Images\Lookalike\00007.tif,C:\SlickTrace\outputs\part_iii_predictions\prediction_0307.tif,34,611,0.057732851302676975,712.5957446808511,1688.2553191489362,38.19022633258764,19.051947450263487,698,1675,30,28,EPSG:4326
307,Lookalike,A:\SIH26143_DATA\OFFICIAL_DATASET\PART_III_TEST\Images\Lookalike\00007.tif,C:\SlickTrace\outputs\part_iii_predictions\prediction_0307.tif,35,1883,0.17792300982478026,830.0010621348912,1737.6494954859268,38.200773031698226,19.047510295908488,807,1704,41,77,EPSG:4326
307,Lookalike,A:\SIH26143_DATA\OFFICIAL_DATASET\PART_III_TEST\Images\Lookalike\00007.tif,C:\SlickTrace\outputs\part_iii_predictions\prediction_0307.tif,36,1524,0.14400141634251998,694.6614173228346,1745.1036745406825,38.18861526455003,19.04684067561094,666,1727,58,40,EPSG:4326
307,Lookalike,A:\SIH26143_DATA\OFFICIAL_DATASET\PART_III_TEST\Images\Lookalike\00007.tif,C:\SlickTrace\outputs\part_iii_predictions\prediction_0307.tif,37,892,0.08428429355480828,910.9405829596412,1769.4719730941704,38.208043952562846,19.044651634107083,892,1749,41,41,EPSG:4326
307,Lookalike,A:\SIH26143_DATA\OFFICIAL_DATASET\PART_III_TEST\Images\Lookalike\00007.tif,C:\SlickTrace\outputs\part_iii_predictions\prediction_0307.tif,38,1229,0.11612712643369885,707.0748576078113,1788.0431244914564,38.18973038286368,19.042983359192696,682,1764,50,49,EPSG:4326
307,Lookalike,A:\SIH26143_DATA\OFFICIAL_DATASET\PART_III_TEST\Images\Lookalike\00007.tif,C:\SlickTrace\outputs\part_iii_predictions\prediction_0307.tif,39,879,0.08305593501645346,235.93401592719,1801.4436860068258,38.14740708095822,19.04177956627019,221,1783,34,38,EPSG:4326
307,Lookalike,A:\SIH26143_DATA\OFFICIAL_DATASET\PART_III_TEST\Images\Lookalike\00007.tif,C:\SlickTrace\outputs\part_iii_predictions\prediction_0307.tif,40,1034,0.09770174835837642,11.302707930367506,1817.0309477756286,38.12722810723169,19.040379338721742,0,1792,28,51,EPSG:4326
307,Lookalike,A:\SIH26143_DATA\OFFICIAL_DATASET\PART_III_TEST\Images\Lookalike\00007.tif,C:\SlickTrace\outputs\part_iii_predictions\prediction_0307.tif,41,20232,1.9117038421534542,94.49431593515223,1922.803133649664,38.13470133652981,19.030877661601206,0,1793,178,251,EPSG:4326
307,Lookalike,A:\SIH26143_DATA\OFFICIAL_DATASET\PART_III_TEST\Images\Lookalike\00007.tif,C:\SlickTrace\outputs\part_iii_predictions\prediction_0307.tif,42,16863,1.5933700024828834,442.5608729170373,1926.193322659076,38.16596868733257,19.030573115740882,335,1795,206,251,EPSG:4326
307,Lookalike,A:\SIH26143_DATA\OFFICIAL_DATASET\PART_III_TEST\Images\Lookalike\00007.tif,C:\SlickTrace\outputs\part_iii_predictions\prediction_0307.tif,43,822,0.0776700552713592,734.9233576642335,1844.1277372262773,38.19223205618773,19.037945192710332,720,1824,29,39,EPSG:4326
307,Lookalike,A:\SIH26143_DATA\OFFICIAL_DATASET\PART_III_TEST\Images\Lookalike\00007.tif,C:\SlickTrace\outputs\part_iii_predictions\prediction_0307.tif,44,15797,1.4926446023377875,243.69703108185098,1971.6313857061468,38.14810444447465,19.026491345089287,159,1829,199,219,EPSG:4326
307,Lookalike,A:\SIH26143_DATA\OFFICIAL_DATASET\PART_III_TEST\Images\Lookalike\00007.tif,C:\SlickTrace\outputs\part_iii_predictions\prediction_0307.tif,45,674,0.06368566575778115,448.8234421364985,1866.179525222552,38.16653126349734,19.035964246890412,436,1849,25,34,EPSG:4326
307,Lookalike,A:\SIH26143_DATA\OFFICIAL_DATASET\PART_III_TEST\Images\Lookalike\00007.tif,C:\SlickTrace\outputs\part_iii_predictions\prediction_0307.tif,46,1531,0.1446628401708649,655.3723056825604,1945.0437622468974,38.18508586360144,19.02887975194147,639,1910,37,75,EPSG:4326
307,Lookalike,A:\SIH26143_DATA\OFFICIAL_DATASET\PART_III_TEST\Images\Lookalike\00007.tif,C:\SlickTrace\outputs\part_iii_predictions\prediction_0307.tif,47,6597,0.6233447136559084,962.5175079581628,1979.9434591480976,38.21267718656625,19.025744658827723,927,1915,77,133,EPSG:4326
307,Lookalike,A:\SIH26143_DATA\OFFICIAL_DATASET\PART_III_TEST\Images\Lookalike\00007.tif,C:\SlickTrace\outputs\part_iii_predictions\prediction_0307.tif,48,678,0.0640636222311211,834.7182890855457,1932.1533923303834,38.201196787405074,19.030037713572867,814,1917,40,32,EPSG:4326
308,Lookalike,A:\SIH26143_DATA\OFFICIAL_DATASET\PART_III_TEST\Images\Lookalike\00008.tif,C:\SlickTrace\outputs\part_iii_predictions\prediction_0308.tif,1,1307,0.12362739857022213,859.5371078806427,911.8332058148432,38.20342629983082,18.946702818050646,837,889,43,52,EPSG:4326
308,Lookalike,A:\SIH26143_DATA\OFFICIAL_DATASET\PART_III_TEST\Images\Lookalike\00008.tif,C:\SlickTrace\outputs\part_iii_predictions\prediction_0308.tif,2,870,0.08229214747979591,1077.7793103448275,923.9413793103448,38.22303133044216,18.945615122319268,1062,902,30,43,EPSG:4326
308,Lookalike,A:\SIH26143_DATA\OFFICIAL_DATASET\PART_III_TEST\Images\Lookalike\00008.tif,C:\SlickTrace\outputs\part_iii_predictions\prediction_0308.tif,3,1947,0.1841641507392674,386.1746276322547,940.221366204417,38.16090342473723,18.94415266621405,358,905,52,69,EPSG:4326
308,Lookalike,A:\SIH26143_DATA\OFFICIAL_DATASET\PART_III_TEST\Images\Lookalike\00008.tif,C:\SlickTrace\outputs\part_iii_predictions\prediction_0308.tif,4,12658,1.1973034514933985,523.8544793806288,1008.9525201453627,38.17327141625132,18.937978441606013,447,905,142,200,EPSG:4326
308,Lookalike,A:\SIH26143_DATA\OFFICIAL_DATASET\PART_III_TEST\Images\Lookalike\00008.tif,C:\SlickTrace\outputs\part_iii_predictions\prediction_0308.tif,5,951,0.0899538301761907,214.25867507886434,937.7360672975815,38.145459951960966,18.944375924413407,200,912,27,49,EPSG:4326
308,Lookalike,A:\SIH26143_DATA\OFFICIAL_DATASET\PART_III_TEST\Images\Lookalike\00008.tif,C:\SlickTrace\outputs\part_iii_predictions\prediction_0308.tif,6,562,0.05315883549844288,487.7473309608541,928.185053380783,38.17002785592217,18.94523390659144,471,917,31,24,EPSG:4326
308,Lookalike,A:\SIH26143_DATA\OFFICIAL_DATASET\PART_III_TEST\Images\Lookalike\00008.tif,C:\SlickTrace\outputs\part_iii_predictions\prediction_0308.tif,7,872,0.08248132483032418,246.59518348623854,949.829128440367,38.1483647899347,18.943289586247772,228,927,35,47,EPSG:4326
308,Lookalike,A:\SIH26143_DATA\OFFICIAL_DATASET\PART_III_TEST\Images\Lookalike\00008.tif,C:\SlickTrace\outputs\part_iii_predictions\prediction_0308.tif,8,627,0.05930709939061154,707.5693779904307,974.5326953748006,38.189774806385486,18.941070427072827,691,952,33,45,EPSG:4326
308,Lookalike,A:\SIH26143_DATA\OFFICIAL_DATASET\PART_III_TEST\Images\Lookalike\00008.tif,C:\SlickTrace\outputs\part_iii_predictions\prediction_0308.tif,9,829,0.07841401179396645,809.9951749095295,996.686369119421,38.19897587227154,18.939080328700406,795,974,28,46,EPSG:4326
308,Lookalike,A:\SIH26143_DATA\OFFICIAL_DATASET\PART_III_TEST\Images\Lookalike\00008.tif,C:\SlickTrace\outputs\part_iii_predictions\prediction_0308.tif,10,929760,87.94476671358052,678.8638896059198,1657.0737523662021,38.18719614849009,18.879756720719378,0,979,1778,1069,EPSG:4326
308,Lookalike,A:\SIH26143_DATA\OFFICIAL_DATASET\PART_III_TEST\Images\Lookalike\00008.tif,C:\SlickTrace\outputs\part_iii_predictions\prediction_0308.tif,11,845,0.07992743059819259,851.3940828402367,1013.9455621301776,38.20269479944554,18.937529909013094,836,990,35,58,EPSG:4326
308,Lookalike,A:\SIH26143_DATA\OFFICIAL_DATASET\PART_III_TEST\Images\Lookalike\00008.tif,C:\SlickTrace\outputs\part_iii_predictions\prediction_0308.tif,12,858,0.08115708337662632,717.4055944055945,1019.6037296037296,38.19065840873985,18.937021627180933,698,1004,39,32,EPSG:4326
308,Lookalike,A:\SIH26143_DATA\OFFICIAL_DATASET\PART_III_TEST\Images\Lookalike\00008.tif,C:\SlickTrace\outputs\part_iii_predictions\prediction_0308.tif,13,21089,1.9947805726453058,935.3406989425768,1128.9756271041774,38.21023585227503,18.927196582463154,842,1020,178,231,EPSG:4326
308,Lookalike,A:\SIH26143_DATA\OFFICIAL_DATASET\PART_III_TEST\Images\Lookalike\00008.tif,C:\SlickTrace\outputs\part_iii_predictions\prediction_0308.tif,14,766,0.07245492525232605,278.8041775456919,1046.9086161879895,38.15125817309968,18.934568787485954,265,1025,28,41,EPSG:4326
308,Lookalike,A:\SIH26143_DATA\OFFICIAL_DATASET\PART_III_TEST\Images\Lookalike\00008.tif,C:\SlickTrace\outputs\part_iii_predictions\prediction_0308.tif,15,550,0.052023771395273276,741.3836363636364,1062.9345454545455,38.19281239289727,18.93312915376572,731,1038,20,45,EPSG:4326
308,Lookalike,A:\SIH26143_DATA\OFFICIAL_DATASET\PART_III_TEST\Images\Lookalike\00008.tif,C:\SlickTrace\outputs\part_iii_predictions\prediction_0308.tif,16,536,0.050699529941575415,1128.990671641791,1053.8544776119404,38.227631725299524,18.933944830138103,1116,1039,27,29,EPSG:4326
308,Lookalike,A:\SIH26143_DATA\OFFICIAL_DATASET\PART_III_TEST\Images\Lookalike\00008.tif,C:\SlickTrace\outputs\part_iii_predictions\prediction_0308.tif,17,628,0.059401688065875674,700.374203821656,1058.4920382165606,38.18912845289271,18.933528230980887,687,1042,31,37,EPSG:4326
308,Lookalike,A:\SIH26143_DATA\OFFICIAL_DATASET\PART_III_TEST\Images\Lookalike\00008.tif,C:\SlickTrace\outputs\part_iii_predictions\prediction_0308.tif,18,811,0.07671141563921205,1095.1430332922318,1066.6424167694204,38.22459114021345,18.932796070018348,1081,1046,30,38,EPSG:4326
308,Lookalike,A:\SIH26143_DATA\OFFICIAL_DATASET\PART_III_TEST\Images\Lookalike\00008.tif,C:\SlickTrace\outputs\part_iii_predictions\prediction_0308.tif,19,897,0.08484604171192751,1152.6833890746934,1078.9855072463768,38.229760078318755,18.931687271335477,1131,1059,46,39,EPSG:4326
308,Lookalike,A:\SIH26143_DATA\OFFICIAL_DATASET\PART_III_TEST\Images\Lookalike\00008.tif,C:\SlickTrace\outputs\part_iii_predictions\prediction_0308.tif,20,2514,0.23779592961403095,817.0847255369929,1091.0521081941129,38.199612737440155,18.930603310129605,785,1061,67,78,EPSG:4326
308,Lookalike,A:\SIH26143_DATA\OFFICIAL_DATASET\PART_III_TEST\Images\Lookalike\00008.tif,C:\SlickTrace\outputs\part_iii_predictions\prediction_0308.tif,21,837,0.07917072119607951,504.63082437275983,1087.6140979689367,38.1715445259403,18.93091215184283,486,1073,42,31,EPSG:4326
308,Lookalike,A:\SIH26143_DATA\OFFICIAL_DATASET\PART_III_TEST\Images\Lookalike\00008.tif,C:\SlickTrace\outputs\part_iii_predictions\prediction_0308.tif,22,591,0.05590190708110274,1069.9712351945855,1124.2030456852792,38.22232991911746,18.927625310746482,1050,1112,40,27,EPSG:4326
308,Lookalike,A:\SIH26143_DATA\OFFICIAL_DATASET\PART_III_TEST\Images\Lookalike\00008.tif,C:\SlickTrace\outputs\part_iii_predictions\prediction_0308.tif,23,7454,0.7050639854188492,1130.0144888650389,1168.9119935605045,38.22772369636551,18.923609037625162,1064,1113,120,102,EPSG:4326
308,Lookalike,A:\SIH26143_DATA\OFFICIAL_DATASET\PART_III_TEST\Images\Lookalike\00008.tif,C:\SlickTrace\outputs\part_iii_predictions\prediction_0308.tif,24,691,0.06536077460751606,1057.9348769898697,1209.1316931982633,38.22124867466342,18.919996040534432,1049,1185,22,46,EPSG:4326
308,Lookalike,A:\SIH26143_DATA\OFFICIAL_DATASET\PART_III_TEST\Images\Lookalike\00008.tif,C:\SlickTrace\outputs\part_iii_predictions\prediction_0308.tif,25,871,0.08238673615506005,821.0929965556832,1217.597014925373,38.199972806552054,18.919235587745188,805,1203,37,31,EPSG:4326
308,Lookalike,A:\SIH26143_DATA\OFFICIAL_DATASET\PART_III_TEST\Images\Lookalike\00008.tif,C:\SlickTrace\outputs\part_iii_predictions\prediction_0308.tif,26,5934,0.5612891990173666,1111.2290192113246,1275.8385574654533,38.226036168914575,18.914003660961743,1075,1219,75,138,EPSG:4326
308,Lookalike,A:\SIH26143_DATA\OFFICIAL_DATASET\PART_III_TEST\Images\Lookalike\00008.tif,C:\SlickTrace\outputs\part_iii_predictions\prediction_0308.tif,27,2102,0.19882539540520805,855.9433872502378,1252.2844909609896,38.2031034704139,18.916119558756154,828,1223,55,60,EPSG:4326
308,Lookalike,A:\SIH26143_DATA\OFFICIAL_DATASET\PART_III_TEST\Images\Lookalike\00008.tif,C:\SlickTrace\outputs\part_iii_predictions\prediction_0308.tif,28,1123,0.10622308232162163,1185.3499554764026,1245.6553873552982,38.23269456590659,18.916715061265055,1156,1230,61,38,EPSG:4326
308,Lookalike,A:\SIH26143_DATA\OFFICIAL_DATASET\PART_III_TEST\Images\Lookalike\00008.tif,C:\SlickTrace\outputs\part_iii_predictions\prediction_0308.tif,29,838,0.07926530987134366,1047.3472553699285,1258.5620525059667,38.22029757243105,18.91555563580787,1034,1239,27,41,EPSG:4326
308,Lookalike,A:\SIH26143_DATA\OFFICIAL_DATASET\PART_III_TEST\Images\Lookalike\00008.tif,C:\SlickTrace\outputs\part_iii_predictions\prediction_0308.tif,30,728,0.068860555592289,685.5810439560439,1310.9120879120878,38.18779956073194,18.91085295211492,668,1283,32,50,EPSG:4326
308,Lookalike,A:\SIH26143_DATA\OFFICIAL_DATASET\PART_III_TEST\Images\Lookalike\00008.tif,C:\SlickTrace\outputs\part_iii_predictions\prediction_0308.tif,31,695,0.06573912930857259,494.54244604316546,1330.1913669064747,38.170638271495754,18.909121065016173,482,1310,25,39,EPSG:4326
308,Lookalike,A:\SIH26143_DATA\OFFICIAL_DATASET\PART_III_TEST\Images\Lookalike\00008.tif,C:\SlickTrace\outputs\part_iii_predictions\prediction_0308.tif,32,2585,0.24451172555778442,563.0251450676983,1368.2704061895552,38.1767901770189,18.905700366716914,539,1313,62,106,EPSG:4326
308,Lookalike,A:\SIH26143_DATA\OFFICIAL_DATASET\PART_III_TEST\Images\Lookalike\00008.tif,C:\SlickTrace\outputs\part_iii_predictions\prediction_0308.tif,33,1006,0.09515620731571803,1769.9363817097415,1356.5029821073558,38.28520885806402,18.90675745240769,1751,1330,33,52,EPSG:4326
308,Lookalike,A:\SIH26143_DATA\OFFICIAL_DATASET\PART_III_TEST\Images\Lookalike\00008.tif,C:\SlickTrace\outputs\part_iii_predictions\prediction_0308.tif,34,782,0.07396834405655218,379.4092071611253,1353.0345268542198,38.16029567667596,18.907069029044308,367,1333,30,40,EPSG:4326
308,Lookalike,A:\SIH26143_DATA\OFFICIAL_DATASET\PART_III_TEST\Images\Lookalike\00008.tif,C:\SlickTrace\outputs\part_iii_predictions\prediction_0308.tif,35,682,0.06450947653013886,772.4193548387096,1450.516129032258,38.195600378923245,18.898312107728607,757,1435,31,31,EPSG:4326
308,Lookalike,A:\SIH26143_DATA\OFFICIAL_DATASET\PART_III_TEST\Images\Lookalike\00008.tif,C:\SlickTrace\outputs\part_iii_predictions\prediction_0308.tif,36,865,0.08181920410347525,1773.8473988439307,1488.3271676300578,38.285560190710825,18.894915484340522,1758,1468,38,50,EPSG:4326
308,Lookalike,A:\SIH26143_DATA\OFFICIAL_DATASET\PART_III_TEST\Images\Lookalike\00008.tif,C:\SlickTrace\outputs\part_iii_predictions\prediction_0308.tif,37,2337,0.22105373409227938,789.5109114249037,1554.7231493367565,38.19713573957432,18.8889510318234,765,1501,46,107,EPSG:4326
308,Lookalike,A:\SIH26143_DATA\OFFICIAL_DATASET\PART_III_TEST\Images\Lookalike\00008.tif,C:\SlickTrace\outputs\part_iii_predictions\prediction_0308.tif,38,858,0.08115708337662632,832.0104895104895,1557.7261072261072,38.20095354163061,18.888681271526444,817,1524,28,61,EPSG:4326
308,Lookalike,A:\SIH26143_DATA\OFFICIAL_DATASET\PART_III_TEST\Images\Lookalike\00008.tif,C:\SlickTrace\outputs\part_iii_predictions\prediction_0308.tif,39,957,0.0905213622277755,1669.8098223615466,1575.8349007314525,38.27621433620314,18.88705453092816,1642,1555,68,39,EPSG:4326
308,Lookalike,A:\SIH26143_DATA\OFFICIAL_DATASET\PART_III_TEST\Images\Lookalike\00008.tif,C:\SlickTrace\outputs\part_iii_predictions\prediction_0308.tif,40,1943,0.18378579603821088,1642.7653113741637,1683.9897066392177,38.27378488644599,18.87733881940837,1622,1640,46,88,EPSG:4326
308,Lookalike,A:\SIH26143_DATA\OFFICIAL_DATASET\PART_III_TEST\Images\Lookalike\00008.tif,C:\SlickTrace\outputs\part_iii_predictions\prediction_0308.tif,41,4631,0.438040155148201,1588.2003886849493,1803.6545022673288,38.26888323604313,18.866589147919992,1546,1758,94,87,EPSG:4326
308,Lookalike,A:\SIH26143_DATA\OFFICIAL_DATASET\PART_III_TEST\Images\Lookalike\00008.tif,C:\SlickTrace\outputs\part_iii_predictions\prediction_0308.tif,42,1585,0.1499230502936512,1665.0227129337538,1817.9709779179811,38.27578430284656,18.86530307703082,1641,1790,44,75,EPSG:4326
308,Lookalike,A:\SIH26143_DATA\OFFICIAL_DATASET\PART_III_TEST\Images\Lookalike\00008.tif,C:\SlickTrace\outputs\part_iii_predictions\prediction_0308.tif,43,808,0.07642764961341965,1467.2710396039604,1857.3836633663366,38.25801996778532,18.861762575258176,1454,1830,27,53,EPSG:4326
308,Lookalike,A:\SIH26143_DATA\OFFICIAL_DATASET\PART_III_TEST\Images\Lookalike\00008.tif,C:\SlickTrace\outputs\part_iii_predictions\prediction_0308.tif,44,574,0.054293899601612475,1539.705574912892,1882.5121951219512,38.26452687280194,18.85950524084382,1520,1871,42,25,EPSG:4326
308,Lookalike,A:\SIH26143_DATA\OFFICIAL_DATASET\PART_III_TEST\Images\Lookalike\00008.tif,C:\SlickTrace\outputs\part_iii_predictions\prediction_0308.tif,45,607,0.057415325885328876,1561.4036243822077,1917.502471169687,38.26647604174932,18.856362010866896,1546,1900,32,34,EPSG:4326
308,Lookalike,A:\SIH26143_DATA\OFFICIAL_DATASET\PART_III_TEST\Images\Lookalike\00008.tif,C:\SlickTrace\outputs\part_iii_predictions\prediction_0308.tif,46,879,0.08314344555717311,1432.1012514220706,1971.4232081911264,38.254860611959025,18.851518228647162,1417,1949,35,44,EPSG:4326
308,Lookalike,A:\SIH26143_DATA\OFFICIAL_DATASET\PART_III_TEST\Images\Lookalike\00008.tif,C:\SlickTrace\outputs\part_iii_predictions\prediction_0308.tif,47,1547,0.14632868063361412,1445.8190045248869,2026.0607627666452,38.256092898686624,18.846610053610952,1415,1999,66,47,EPSG:4326
308,Lookalike,A:\SIH26143_DATA\OFFICIAL_DATASET\PART_III_TEST\Images\Lookalike\00008.tif,C:\SlickTrace\outputs\part_iii_predictions\prediction_0308.tif,48,562,0.05315883549844288,1117.2989323843417,2024.4537366548043,38.22658143849224,18.846754415222776,1106,2005,23,37,EPSG:4326
310,Lookalike,A:\SIH26143_DATA\OFFICIAL_DATASET\PART_III_TEST\Images\Lookalike\00010.tif,C:\SlickTrace\outputs\part_iii_predictions\prediction_0310.tif,1,8672,0.85783109594401,910.0634225092251,1478.3017758302583,114.66416907846714,-8.474086558147777,846,1373,142,194,EPSG:4326
310,Lookalike,A:\SIH26143_DATA\OFFICIAL_DATASET\PART_III_TEST\Images\Lookalike\00010.tif,C:\SlickTrace\outputs\part_iii_predictions\prediction_0310.tif,2,1097,0.10851484227981768,724.443938012762,1427.3646308113036,114.64749459647179,-8.469510796557783,704,1405,47,44,EPSG:4326
310,Lookalike,A:\SIH26143_DATA\OFFICIAL_DATASET\PART_III_TEST\Images\Lookalike\00010.tif,C:\SlickTrace\outputs\part_iii_predictions\prediction_0310.tif,3,574,0.05677987189481801,870.6202090592335,1533.897212543554,114.66062583431746,-8.479080781200462,854,1521,39,27,EPSG:4326
310,Lookalike,A:\SIH26143_DATA\OFFICIAL_DATASET\PART_III_TEST\Images\Lookalike\00010.tif,C:\SlickTrace\outputs\part_iii_predictions\prediction_0310.tif,4,712,0.0704307818625617,1431.6657303370787,1617.3960674157304,114.71102541100252,-8.486581610954278,1417,1596,28,44,EPSG:4326
310,Lookalike,A:\SIH26143_DATA\OFFICIAL_DATASET\PART_III_TEST\Images\Lookalike\00010.tif,C:\SlickTrace\outputs\part_iii_predictions\prediction_0310.tif,5,13047,1.2906045097764642,1339.113359392964,1721.3862190541888,114.70271129006247,-8.495923205215751,1287,1602,121,232,EPSG:4326
310,Lookalike,A:\SIH26143_DATA\OFFICIAL_DATASET\PART_III_TEST\Images\Lookalike\00010.tif,C:\SlickTrace\outputs\part_iii_predictions\prediction_0310.tif,6,5055,0.5000387672966986,1512.440356083086,1659.8955489614243,114.71828151909018,-8.490399404338243,1463,1610,95,101,EPSG:4326
310,Lookalike,A:\SIH26143_DATA\OFFICIAL_DATASET\PART_III_TEST\Images\Lookalike\00010.tif,C:\SlickTrace\outputs\part_iii_predictions\prediction_0310.tif,7,2110,0.20872043501405224,1564.931279620853,1799.805213270142,114.72299685897934,-8.502967703322698,1531,1776,79,56,EPSG:4326
310,Lookalike,A:\SIH26143_DATA\OFFICIAL_DATASET\PART_III_TEST\Images\Lookalike\00010.tif,C:\SlickTrace\outputs\part_iii_predictions\prediction_0310.tif,8,921,0.0911049860890721,1304.0651465798046,1847.3040173724212,114.69956285553735,-8.507234593492946,1275,1836,56,24,EPSG:4326
311,Lookalike,A:\SIH26143_DATA\OFFICIAL_DATASET\PART_III_TEST\Images\Lookalike\00011.tif,C:\SlickTrace\outputs\part_iii_predictions\prediction_0311.tif,1,46922,4.639456489302493,1397.3773496440901,105.8852137590043,114.7079452333581,-8.519863217230332,1146,0,596,281,EPSG:4326
311,Lookalike,A:\SIH26143_DATA\OFFICIAL_DATASET\PART_III_TEST\Images\Lookalike\00011.tif,C:\SlickTrace\outputs\part_iii_predictions\prediction_0311.tif,2,5195,0.5136604676255583,1836.8179018286814,83.19576515880655,114.74742084980703,-8.517824989383753,1786,36,99,104,EPSG:4326
311,Lookalike,A:\SIH26143_DATA\OFFICIAL_DATASET\PART_III_TEST\Images\Lookalike\00011.tif,C:\SlickTrace\outputs\part_iii_predictions\prediction_0311.tif,3,4068,0.40222729206944585,1662.6445427728613,112.92059980334317,114.73177459075441,-8.520495216711664,1619,85,96,59,EPSG:4326
311,Lookalike,A:\SIH26143_DATA\OFFICIAL_DATASET\PART_III_TEST\Images\Lookalike\00011.tif,C:\SlickTrace\outputs\part_iii_predictions\prediction_0311.tif,4,11045,1.0920846708227703,1764.9094612947035,215.70203712086916,114.74096120468815,-8.529728230318275,1688,108,144,183,EPSG:4326
311,Lookalike,A:\SIH26143_DATA\OFFICIAL_DATASET\PART_III_TEST\Images\Lookalike\00011.tif,C:\SlickTrace\outputs\part_iii_predictions\prediction_0311.tif,5,1023,0.10115007861038425,1826.2336265884653,195.14173998044967,114.74647004818507,-8.527881267401547,1809,177,36,40,EPSG:4326
311,Lookalike,A:\SIH26143_DATA\OFFICIAL_DATASET\PART_III_TEST\Images\Lookalike\00011.tif,C:\SlickTrace\outputs\part_iii_predictions\prediction_0311.tif,6,1871,0.18499686909093738,1866.5456974879744,248.6226616782469,114.75009134312742,-8.532685540338539,1844,218,44,63,EPSG:4326
311,Lookalike,A:\SIH26143_DATA\OFFICIAL_DATASET\PART_III_TEST\Images\Lookalike\00011.tif,C:\SlickTrace\outputs\part_iii_predictions\prediction_0311.tif,7,160837,15.902908302500851,1308.3799623221025,793.6116627392951,114.6999504620303,-8.581642735271558,1066,466,599,655,EPSG:4326
311,Lookalike,A:\SIH26143_DATA\OFFICIAL_DATASET\PART_III_TEST\Images\Lookalike\00011.tif,C:\SlickTrace\outputs\part_iii_predictions\prediction_0311.tif,8,19831,1.9608086108724634,944.7164540366093,927.8685391558671,114.66728201325336,-8.593703235679872,861,843,168,188,EPSG:4326
311,Lookalike,A:\SIH26143_DATA\OFFICIAL_DATASET\PART_III_TEST\Images\Lookalike\00011.tif,C:\SlickTrace\outputs\part_iii_predictions\prediction_0311.tif,9,2683,0.2652841260133538,1454.7405888930302,1126.8263138278046,114.71309826081449,-8.611575916668093,1422,1101,73,56,EPSG:4326
311,Lookalike,A:\SIH26143_DATA\OFFICIAL_DATASET\PART_III_TEST\Images\Lookalike\00011.tif,C:\SlickTrace\outputs\part_iii_predictions\prediction_0311.tif,10,1520,0.15029141689910466,1136.4296052631578,1437.2407894736841,114.6845038986447,-8.639460923456557,1110,1402,50,64,EPSG:4326
311,Lookalike,A:\SIH26143_DATA\OFFICIAL_DATASET\PART_III_TEST\Images\Lookalike\00011.tif,C:\SlickTrace\outputs\part_iii_predictions\prediction_0311.tif,11,3457,0.3418140975132926,1094.306624240671,1532.5013017066822,114.6807199268782,-8.648018320867752,1070,1489,54,100,EPSG:4326
312,Lookalike,A:\SIH26143_DATA\OFFICIAL_DATASET\PART_III_TEST\Images\Lookalike\00012.tif,C:\SlickTrace\outputs\part_iii_predictions\prediction_0312.tif,1,23699,2.3422045431913276,654.8687286383391,353.860036288451,114.6412445490741,-8.71120211101713,589,151,134,422,EPSG:4326
312,Lookalike,A:\SIH26143_DATA\OFFICIAL_DATASET\PART_III_TEST\Images\Lookalike\00012.tif,C:\SlickTrace\outputs\part_iii_predictions\prediction_0312.tif,2,1303,0.12877726991764632,220.92939370683038,272.6369915579432,114.60226311537915,-8.703905720766716,202,238,41,63,EPSG:4326
312,Lookalike,A:\SIH26143_DATA\OFFICIAL_DATASET\PART_III_TEST\Images\Lookalike\00012.tif,C:\SlickTrace\outputs\part_iii_predictions\prediction_0312.tif,3,46378,4.583601093047276,271.35066195178746,519.629393246798,114.60679253497005,-8.726093425716565,144,297,238,506,EPSG:4326
313,Lookalike,A:\SIH26143_DATA\OFFICIAL_DATASET\PART_III_TEST\Images\Lookalike\00013.tif,C:\SlickTrace\outputs\part_iii_predictions\prediction_0313.tif,1,2635,0.18231231706610798,736.8197343453511,58.2011385199241,-124.25800716861933,46.30756610636523,707,9,65,93,EPSG:4326
313,Lookalike,A:\SIH26143_DATA\OFFICIAL_DATASET\PART_III_TEST\Images\Lookalike\00013.tif,C:\SlickTrace\outputs\part_iii_predictions\prediction_0313.tif,2,1527930,105.71554406634473,1156.1529271628935,1374.3084067987409,-124.22033782699467,46.189338178901664,499,159,1549,1889,EPSG:4326
313,Lookalike,A:\SIH26143_DATA\OFFICIAL_DATASET\PART_III_TEST\Images\Lookalike\00013.tif,C:\SlickTrace\outputs\part_iii_predictions\prediction_0313.tif,3,842,0.05825691497899921,518.416864608076,440.90498812351547,-124.27762663221738,46.2731872346262,507,417,24,48,EPSG:4326
313,Lookalike,A:\SIH26143_DATA\OFFICIAL_DATASET\PART_III_TEST\Images\Lookalike\00013.tif,C:\SlickTrace\outputs\part_iii_predictions\prediction_0313.tif,4,1233,0.08530971041461523,494.26277372262774,550.0227088402271,-124.27979643111902,46.26338502299739,475,522,36,64,EPSG:4326
313,Lookalike,A:\SIH26143_DATA\OFFICIAL_DATASET\PART_III_TEST\Images\Lookalike\00013.tif,C:\SlickTrace\outputs\part_iii_predictions\prediction_0313.tif,5,1132,0.07832164816654051,592.3507067137809,871.6554770318021,-124.27098504217966,46.23449225984338,576,840,33,64,EPSG:4326
313,Lookalike,A:\SIH26143_DATA\OFFICIAL_DATASET\PART_III_TEST\Images\Lookalike\00013.tif,C:\SlickTrace\outputs\part_iii_predictions\prediction_0313.tif,6,516,0.03570138732679762,1426.875968992248,895.8604651162791,-124.1960183623708,46.232317888768556,1417,875,22,37,EPSG:4326
313,Lookalike,A:\SIH26143_DATA\OFFICIAL_DATASET\PART_III_TEST\Images\Lookalike\00013.tif,C:\SlickTrace\outputs\part_iii_predictions\prediction_0313.tif,7,2334,0.16148650779214271,634.8637532133677,954.2107969151671,-124.26716603023515,46.227076189279714,604,924,73,54,EPSG:4326
313,Lookalike,A:\SIH26143_DATA\OFFICIAL_DATASET\PART_III_TEST\Images\Lookalike\00013.tif,C:\SlickTrace\outputs\part_iii_predictions\prediction_0313.tif,8,5020,0.3473274503498528,579.5416334661354,1117.159561752988,-124.27213570080703,46.212438252681494,555,1010,52,218,EPSG:4326
313,Lookalike,A:\SIH26143_DATA\OFFICIAL_DATASET\PART_III_TEST\Images\Lookalike\00013.tif,C:\SlickTrace\outputs\part_iii_predictions\prediction_0313.tif,9,586,0.04054459878585931,1474.409556313993,1029.6399317406144,-124.19174834757078,46.22030027481156,1463,1014,24,33,EPSG:4326
313,Lookalike,A:\SIH26143_DATA\OFFICIAL_DATASET\PART_III_TEST\Images\Lookalike\00013.tif,C:\SlickTrace\outputs\part_iii_predictions\prediction_0313.tif,10,1265,0.08752374993875772,422.90909090909093,1246.9557312252964,-124.28620624150398,46.20077846439578,404,1224,51,56,EPSG:4326
313,Lookalike,A:\SIH26143_DATA\OFFICIAL_DATASET\PART_III_TEST\Images\Lookalike\00013.tif,C:\SlickTrace\outputs\part_iii_predictions\prediction_0313.tif,11,1352,0.09354316989502011,1980.8727810650887,1356.3276627218936,-124.14625198200694,46.190953416624076,1955,1331,56,53,EPSG:4326
313,Lookalike,A:\SIH26143_DATA\OFFICIAL_DATASET\PART_III_TEST\Images\Lookalike\00013.tif,C:\SlickTrace\outputs\part_iii_predictions\prediction_0313.tif,12,1167,0.08074325389607136,1759.01970865467,1354.3427592116539,-124.16618138258445,46.191131723540146,1732,1337,55,39,EPSG:4326
313,Lookalike,A:\SIH26143_DATA\OFFICIAL_DATASET\PART_III_TEST\Images\Lookalike\00013.tif,C:\SlickTrace\outputs\part_iii_predictions\prediction_0313.tif,13,622,0.0430353932505196,1312.983922829582,1378.3987138263665,-124.20624945895156,46.1889707403697,1297,1360,35,36,EPSG:4326
313,Lookalike,A:\SIH26143_DATA\OFFICIAL_DATASET\PART_III_TEST\Images\Lookalike\00013.tif,C:\SlickTrace\outputs\part_iii_predictions\prediction_0313.tif,14,4584,0.31716116183341136,1369.8466404886562,1407.9962914485166,-124.20114139411459,46.18631194473461,1327,1360,100,95,EPSG:4326
313,Lookalike,A:\SIH26143_DATA\OFFICIAL_DATASET\PART_III_TEST\Images\Lookalike\00013.tif,C:\SlickTrace\outputs\part_iii_predictions\prediction_0313.tif,15,7998,0.553371503565363,1513.5855213803452,1422.9724931232809,-124.18822911075186,46.18496660964836,1444,1376,159,105,EPSG:4326
313,Lookalike,A:\SIH26143_DATA\OFFICIAL_DATASET\PART_III_TEST\Images\Lookalike\00013.tif,C:\SlickTrace\outputs\part_iii_predictions\prediction_0313.tif,16,1018,0.07043413236178289,1426.6915520628684,1427.607072691552,-124.19603492882543,46.184550278282195,1412,1401,31,54,EPSG:4326
313,Lookalike,A:\SIH26143_DATA\OFFICIAL_DATASET\PART_III_TEST\Images\Lookalike\00013.tif,C:\SlickTrace\outputs\part_iii_predictions\prediction_0313.tif,17,1069,0.07396275785338498,1366.889616463985,1483.5453695042095,-124.20140702810227,46.17952525558275,1347,1460,47,40,EPSG:4326
313,Lookalike,A:\SIH26143_DATA\OFFICIAL_DATASET\PART_III_TEST\Images\Lookalike\00013.tif,C:\SlickTrace\outputs\part_iii_predictions\prediction_0313.tif,18,729,0.05043858790937105,1734.1440329218108,1517.8669410150892,-124.16841600255583,46.17644209635643,1720,1497,27,40,EPSG:4326
313,Lookalike,A:\SIH26143_DATA\OFFICIAL_DATASET\PART_III_TEST\Images\Lookalike\00013.tif,C:\SlickTrace\outputs\part_iii_predictions\prediction_0313.tif,19,608,0.042066750958707266,559.0016447368421,1681.7730263157894,-124.27398083938814,46.16171816219785,549,1662,21,43,EPSG:4326
314,Lookalike,A:\SIH26143_DATA\OFFICIAL_DATASET\PART_III_TEST\Images\Lookalike\00014.tif,C:\SlickTrace\outputs\part_iii_predictions\prediction_0314.tif,1,2509130,174.14469911628493,1393.7069195298768,1043.9103386432748,-124.19899798877998,46.047619786138426,618,0,1430,2048,EPSG:4326
314,Lookalike,A:\SIH26143_DATA\OFFICIAL_DATASET\PART_III_TEST\Images\Lookalike\00014.tif,C:\SlickTrace\outputs\part_iii_predictions\prediction_0314.tif,2,818,0.056772811244184665,1706.059902200489,40.294621026894866,-124.17093884294265,46.137776119990164,1681,26,46,28,EPSG:4326
314,Lookalike,A:\SIH26143_DATA\OFFICIAL_DATASET\PART_III_TEST\Images\Lookalike\00014.tif,C:\SlickTrace\outputs\part_iii_predictions\prediction_0314.tif,3,1544,0.10716041633376665,1755.0686528497408,66.15673575129534,-124.16653631196625,46.135452886696505,1727,28,57,78,EPSG:4326
314,Lookalike,A:\SIH26143_DATA\OFFICIAL_DATASET\PART_III_TEST\Images\Lookalike\00014.tif,C:\SlickTrace\outputs\part_iii_predictions\prediction_0314.tif,4,508,0.03525744267976261,1784.6358267716535,77.46850393700787,-124.16388024754202,46.13443673327134,1766,60,36,42,EPSG:4326
314,Lookalike,A:\SIH26143_DATA\OFFICIAL_DATASET\PART_III_TEST\Images\Lookalike\00014.tif,C:\SlickTrace\outputs\part_iii_predictions\prediction_0314.tif,5,649,0.045043465155838444,668.8520801232665,428.0292758089368,-124.26411280688068,46.10294532333281,657,405,25,44,EPSG:4326
314,Lookalike,A:\SIH26143_DATA\OFFICIAL_DATASET\PART_III_TEST\Images\Lookalike\00014.tif,C:\SlickTrace\outputs\part_iii_predictions\prediction_0314.tif,6,770,0.05344139933743544,699.3402597402597,481.538961038961,-124.26137400710718,46.09813846652376,684,463,32,41,EPSG:4326
314,Lookalike,A:\SIH26143_DATA\OFFICIAL_DATASET\PART_III_TEST\Images\Lookalike\00014.tif,C:\SlickTrace\outputs\part_iii_predictions\prediction_0314.tif,7,623,0.04323895037301595,765.7223113964687,556.2471910112359,-124.25541080594778,46.091427312040395,747,536,34,46,EPSG:4326
314,Lookalike,A:\SIH26143_DATA\OFFICIAL_DATASET\PART_III_TEST\Images\Lookalike\00014.tif,C:\SlickTrace\outputs\part_iii_predictions\prediction_0314.tif,8,516,0.03581267799755414,807.218992248062,670.8158914728682,-124.25168309568285,46.08113543056976,795,659,25,26,EPSG:4326
314,Lookalike,A:\SIH26143_DATA\OFFICIAL_DATASET\PART_III_TEST\Images\Lookalike\00014.tif,C:\SlickTrace\outputs\part_iii_predictions\prediction_0314.tif,9,2352,0.1632391834307119,811.8660714285714,1032.7784863945578,-124.25126564145742,46.04861977743999,766,985,78,125,EPSG:4326
314,Lookalike,A:\SIH26143_DATA\OFFICIAL_DATASET\PART_III_TEST\Images\Lookalike\00014.tif,C:\SlickTrace\outputs\part_iii_predictions\prediction_0314.tif,10,517,0.03588208241227808,630.3868471953579,1534.431334622824,-124.2675681975453,46.00355553535143,620,1521,22,30,EPSG:4326
314,Lookalike,A:\SIH26143_DATA\OFFICIAL_DATASET\PART_III_TEST\Images\Lookalike\00014.tif,C:\SlickTrace\outputs\part_iii_predictions\prediction_0314.tif,11,505,0.03504922943559078,604.9346534653465,1601.3326732673268,-124.2698546070095,45.99754568584819,594,1586,22,32,EPSG:4326
315,Lookalike,A:\SIH26143_DATA\OFFICIAL_DATASET\PART_III_TEST\Images\Lookalike\00015.tif,C:\SlickTrace\outputs\part_iii_predictions\prediction_0315.tif,1,2533,0.18642201567286498,656.992499013028,176.86656138965654,9.932928326297255,42.68715341324805,607,155,111,44,EPSG:4326
315,Lookalike,A:\SIH26143_DATA\OFFICIAL_DATASET\PART_III_TEST\Images\Lookalike\00015.tif,C:\SlickTrace\outputs\part_iii_predictions\prediction_0315.tif,2,643,0.047323077804047445,171.30171073094868,202.25194401244167,9.88929798045027,42.68487300552772,152,188,49,27,EPSG:4326
315,Lookalike,A:\SIH26143_DATA\OFFICIAL_DATASET\PART_III_TEST\Images\Lookalike\00015.tif,C:\SlickTrace\outputs\part_iii_predictions\prediction_0315.tif,3,770,0.056669937650258996,421.25454545454545,270.9831168831169,9.91175162562439,42.678698779219204,381,259,66,23,EPSG:4326
315,Lookalike,A:\SIH26143_DATA\OFFICIAL_DATASET\PART_III_TEST\Images\Lookalike\00015.tif,C:\SlickTrace\outputs\part_iii_predictions\prediction_0315.tif,4,872,0.06417686445587772,773.065366972477,274.5963302752294,9.94335532943321,42.678374198737714,742,265,56,25,EPSG:4326
315,Lookalike,A:\SIH26143_DATA\OFFICIAL_DATASET\PART_III_TEST\Images\Lookalike\00015.tif,C:\SlickTrace\outputs\part_iii_predictions\prediction_0315.tif,5,2601,0.19142663354327746,643.3771626297578,290.20184544406,9.931705239820102,42.67697233145844,591,270,113,57,EPSG:4326
315,Lookalike,A:\SIH26143_DATA\OFFICIAL_DATASET\PART_III_TEST\Images\Lookalike\00015.tif,C:\SlickTrace\outputs\part_iii_predictions\prediction_0315.tif,6,534,0.03930096974706273,832.3857677902622,292.88576779026215,9.94868417170468,42.67673123061194,809,284,51,19,EPSG:4326
315,Lookalike,A:\SIH26143_DATA\OFFICIAL_DATASET\PART_III_TEST\Images\Lookalike\00015.tif,C:\SlickTrace\outputs\part_iii_predictions\prediction_0315.tif,7,3989,0.29357971595699106,510.07169716720983,343.057407871647,9.919730206111934,42.672224235500494,413,307,168,68,EPSG:4326
315,Lookalike,A:\SIH26143_DATA\OFFICIAL_DATASET\PART_III_TEST\Images\Lookalike\00015.tif,C:\SlickTrace\outputs\part_iii_predictions\prediction_0315.tif,8,2269,0.16699232276420475,35.194799471132654,411.05156456588804,9.87707128858437,42.66611621648157,0,376,67,71,EPSG:4326
315,Lookalike,A:\SIH26143_DATA\OFFICIAL_DATASET\PART_III_TEST\Images\Lookalike\00015.tif,C:\SlickTrace\outputs\part_iii_predictions\prediction_0315.tif,9,877,0.06454485106399628,151.76282782212087,396.1596351197263,9.887542772735106,42.66745398126472,122,384,67,25,EPSG:4326
315,Lookalike,A:\SIH26143_DATA\OFFICIAL_DATASET\PART_III_TEST\Images\Lookalike\00015.tif,C:\SlickTrace\outputs\part_iii_predictions\prediction_0315.tif,10,535,0.039374567068686445,734.1682242990654,414.9140186915888,9.939861139656,42.66576924632404,719,403,32,23,EPSG:4326
315,Lookalike,A:\SIH26143_DATA\OFFICIAL_DATASET\PART_III_TEST\Images\Lookalike\00015.tif,C:\SlickTrace\outputs\part_iii_predictions\prediction_0315.tif,11,557,0.04099370814440813,1140.734290843806,424.6552962298025,9.97638359081415,42.66489417247409,1119,413,51,27,EPSG:4326
315,Lookalike,A:\SIH26143_DATA\OFFICIAL_DATASET\PART_III_TEST\Images\Lookalike\00015.tif,C:\SlickTrace\outputs\part_iii_predictions\prediction_0315.tif,12,2475,0.1821533710186896,1034.0294949494948,477.610505050505,9.966798135910079,42.66013712512836,993,437,82,66,EPSG:4326
315,Lookalike,A:\SIH26143_DATA\OFFICIAL_DATASET\PART_III_TEST\Images\Lookalike\00015.tif,C:\SlickTrace\outputs\part_iii_predictions\prediction_0315.tif,13,3203,0.23573222116075268,152.29128941617233,463.24789260068684,9.887590245247807,42.66142734055671,102,438,115,45,EPSG:4326
315,Lookalike,A:\SIH26143_DATA\OFFICIAL_DATASET\PART_III_TEST\Images\Lookalike\00015.tif,C:\SlickTrace\outputs\part_iii_predictions\prediction_0315.tif,14,1033,0.07602603323729551,1090.5498547918683,454.67957405614715,9.971875446221112,42.66219704570749,1063,439,55,32,EPSG:4326
315,Lookalike,A:\SIH26143_DATA\OFFICIAL_DATASET\PART_III_TEST\Images\Lookalike\00015.tif,C:\SlickTrace\outputs\part_iii_predictions\prediction_0315.tif,15,2116,0.15573193255577666,103.24338374291115,509.1918714555766,9.883184196915773,42.65730012271485,31,460,134,92,EPSG:4326
315,Lookalike,A:\SIH26143_DATA\OFFICIAL_DATASET\PART_III_TEST\Images\Lookalike\00015.tif,C:\SlickTrace\outputs\part_iii_predictions\prediction_0315.tif,16,721,0.05306366889069706,941.0707350901525,493.0374479889043,9.958447508432634,42.658751299265475,913,480,59,27,EPSG:4326
315,Lookalike,A:\SIH26143_DATA\OFFICIAL_DATASET\PART_III_TEST\Images\Lookalike\00015.tif,C:\SlickTrace\outputs\part_iii_predictions\prediction_0315.tif,17,541,0.03981615099842872,191.8706099815157,547.0129390018484,9.8911457161077,42.653902598411,173,535,46,23,EPSG:4326
315,Lookalike,A:\SIH26143_DATA\OFFICIAL_DATASET\PART_III_TEST\Images\Lookalike\00015.tif,C:\SlickTrace\outputs\part_iii_predictions\prediction_0315.tif,18,1284,0.09449896096484747,291.61682242990656,595.0171339563863,9.90010607082524,42.64959030820805,267,572,51,46,EPSG:4326
315,Lookalike,A:\SIH26143_DATA\OFFICIAL_DATASET\PART_III_TEST\Images\Lookalike\00015.tif,C:\SlickTrace\outputs\part_iii_predictions\prediction_0315.tif,19,1146,0.08434253058077508,136.84904013961605,642.2870855148342,9.886203044393175,42.64534397621159,106,620,67,39,EPSG:4326
315,Lookalike,A:\SIH26143_DATA\OFFICIAL_DATASET\PART_III_TEST\Images\Lookalike\00015.tif,C:\SlickTrace\outputs\part_iii_predictions\prediction_0315.tif,20,2784,0.20489494340041695,1049.7334770114942,688.3502155172414,9.968208848620861,42.64120605484004,1007,658,79,54,EPSG:4326
315,Lookalike,A:\SIH26143_DATA\OFFICIAL_DATASET\PART_III_TEST\Images\Lookalike\00015.tif,C:\SlickTrace\outputs\part_iii_predictions\prediction_0315.tif,21,813,0.059834622480078654,187.63468634686348,689.939729397294,9.890765196613362,42.64106326637876,164,669,53,42,EPSG:4326
315,Lookalike,A:\SIH26143_DATA\OFFICIAL_DATASET\PART_III_TEST\Images\Lookalike\00015.tif,C:\SlickTrace\outputs\part_iii_predictions\prediction_0315.tif,22,3279,0.24132561760415486,724.6840500152485,709.513571210735,9.939009161784359,42.63930491825177,637,676,155,71,EPSG:4326
315,Lookalike,A:\SIH26143_DATA\OFFICIAL_DATASET\PART_III_TEST\Images\Lookalike\00015.tif,C:\SlickTrace\outputs\part_iii_predictions\prediction_0315.tif,23,519,0.03819700992270704,53.64547206165703,725.3506743737958,9.878728740703405,42.63788224706901,35,716,41,19,EPSG:4326
315,Lookalike,A:\SIH26143_DATA\OFFICIAL_DATASET\PART_III_TEST\Images\Lookalike\00015.tif,C:\SlickTrace\outputs\part_iii_predictions\prediction_0315.tif,24,6853,0.5043624450873051,711.6092222384357,821.3818765504159,9.937834630021445,42.629255617402244,601,753,234,130,EPSG:4326
315,Lookalike,A:\SIH26143_DATA\OFFICIAL_DATASET\PART_III_TEST\Images\Lookalike\00015.tif,C:\SlickTrace\outputs\part_iii_predictions\prediction_0315.tif,25,28925,2.128802527965898,299.2181503889369,954.6831114952463,9.90078890973376,42.61728096372795,0,846,595,179,EPSG:4326
315,Lookalike,A:\SIH26143_DATA\OFFICIAL_DATASET\PART_III_TEST\Images\Lookalike\00015.tif,C:\SlickTrace\outputs\part_iii_predictions\prediction_0315.tif,26,1717,0.12636660122791518,345.05765870704715,869.0792079207921,9.90490674282763,42.624970893224074,294,848,111,39,EPSG:4326
315,Lookalike,A:\SIH26143_DATA\OFFICIAL_DATASET\PART_III_TEST\Images\Lookalike\00015.tif,C:\SlickTrace\outputs\part_iii_predictions\prediction_0315.tif,27,689,0.05070855459873824,474.11175616835993,1061.3831640058056,9.916499869650405,42.607695934929296,435,1053,74,19,EPSG:4326
315,Lookalike,A:\SIH26143_DATA\OFFICIAL_DATASET\PART_III_TEST\Images\Lookalike\00015.tif,C:\SlickTrace\outputs\part_iii_predictions\prediction_0315.tif,28,975,0.07175738858312015,160.55282051282052,1078.3835897435897,9.888332391213241,42.606168760701614,125,1063,73,28,EPSG:4326
315,Lookalike,A:\SIH26143_DATA\OFFICIAL_DATASET\PART_III_TEST\Images\Lookalike\00015.tif,C:\SlickTrace\outputs\part_iii_predictions\prediction_0315.tif,29,1595,0.11738772798982221,366.50094043887145,1079.5573667711599,9.906833025599767,42.606063318517215,318,1068,103,27,EPSG:4326
315,Lookalike,A:\SIH26143_DATA\OFFICIAL_DATASET\PART_III_TEST\Images\Lookalike\00015.tif,C:\SlickTrace\outputs\part_iii_predictions\prediction_0315.tif,30,1331,0.09795803508116198,282.19684447783624,1089.160781367393,9.899259859808199,42.60520062910606,255,1073,57,34,EPSG:4326
315,Lookalike,A:\SIH26143_DATA\OFFICIAL_DATASET\PART_III_TEST\Images\Lookalike\00015.tif,C:\SlickTrace\outputs\part_iii_predictions\prediction_0315.tif,31,661,0.04864782959327428,84.25264750378214,1167.089258698941,9.881478230053744,42.59820019488055,66,1157,39,22,EPSG:4326
315,Lookalike,A:\SIH26143_DATA\OFFICIAL_DATASET\PART_III_TEST\Images\Lookalike\00015.tif,C:\SlickTrace\outputs\part_iii_predictions\prediction_0315.tif,32,1010,0.0743332948399501,179.88316831683167,1239.7514851485148,9.890068865901211,42.59167283602077,160,1219,38,42,EPSG:4326
315,Lookalike,A:\SIH26143_DATA\OFFICIAL_DATASET\PART_III_TEST\Images\Lookalike\00015.tif,C:\SlickTrace\outputs\part_iii_predictions\prediction_0315.tif,33,6732,0.49545716917083577,28.54931669637552,1303.5138146167558,9.876474314709677,42.58594496850953,0,1237,74,140,EPSG:4326
315,Lookalike,A:\SIH26143_DATA\OFFICIAL_DATASET\PART_III_TEST\Images\Lookalike\00015.tif,C:\SlickTrace\outputs\part_iii_predictions\prediction_0315.tif,34,1171,0.0861824636213679,249.78479931682324,1332.8343296327926,9.896348236252429,42.583311061831814,223,1312,50,48,EPSG:4326
315,Lookalike,A:\SIH26143_DATA\OFFICIAL_DATASET\PART_III_TEST\Images\Lookalike\00015.tif,C:\SlickTrace\outputs\part_iii_predictions\prediction_0315.tif,35,19514,1.4361781341651352,402.78369375832733,1385.5699497796454,9.910092360785448,42.57857374047227,176,1334,417,141,EPSG:4326
315,Lookalike,A:\SIH26143_DATA\OFFICIAL_DATASET\PART_III_TEST\Images\Lookalike\00015.tif,C:\SlickTrace\outputs\part_iii_predictions\prediction_0315.tif,36,3253,0.23941208724193833,951.8837995696281,1414.8161696895174,9.959418862541641,42.57594650783749,905,1357,113,124,EPSG:4326
315,Lookalike,A:\SIH26143_DATA\OFFICIAL_DATASET\PART_III_TEST\Images\Lookalike\00015.tif,C:\SlickTrace\outputs\part_iii_predictions\prediction_0315.tif,37,639,0.0470286885175526,1247.056338028169,1384.2566510172144,9.985934662816609,42.578691716107365,1236,1364,28,38,EPSG:4326
315,Lookalike,A:\SIH26143_DATA\OFFICIAL_DATASET\PART_III_TEST\Images\Lookalike\00015.tif,C:\SlickTrace\outputs\part_iii_predictions\prediction_0315.tif,38,2013,0.14815140842853422,598.8107302533532,1399.699950322901,9.927701769083862,42.57730442092701,563,1366,68,64,EPSG:4326
315,Lookalike,A:\SIH26143_DATA\OFFICIAL_DATASET\PART_III_TEST\Images\Lookalike\00015.tif,C:\SlickTrace\outputs\part_iii_predictions\prediction_0315.tif,39,1443,0.10620093510301783,101.56756756756756,1431.9092169092169,9.883033655787404,42.57441101328053,47,1414,119,33,EPSG:4326
315,Lookalike,A:\SIH26143_DATA\OFFICIAL_DATASET\PART_III_TEST\Images\Lookalike\00015.tif,C:\SlickTrace\outputs\part_iii_predictions\prediction_0315.tif,40,637,0.046881493874305166,647.1569858712716,1444.1130298273156,9.932044787119015,42.573314726113644,628,1433,43,23,EPSG:4326
315,Lookalike,A:\SIH26143_DATA\OFFICIAL_DATASET\PART_III_TEST\Images\Lookalike\00015.tif,C:\SlickTrace\outputs\part_iii_predictions\prediction_0315.tif,41,818,0.06020260908819722,272.70660146699265,1461.8349633251835,9.898407336773534,42.57172273774112,250,1445,46,31,EPSG:4326
315,Lookalike,A:\SIH26143_DATA\OFFICIAL_DATASET\PART_III_TEST\Images\Lookalike\00015.tif,C:\SlickTrace\outputs\part_iii_predictions\prediction_0315.tif,42,505,0.03716664741997505,409.97227722772277,1479.148514851485,9.91073812222562,42.57016743494527,399,1462,23,33,EPSG:4326
315,Lookalike,A:\SIH26143_DATA\OFFICIAL_DATASET\PART_III_TEST\Images\Lookalike\00015.tif,C:\SlickTrace\outputs\part_iii_predictions\prediction_0315.tif,43,13380,0.9847321633252797,308.26479820627804,1533.2275037369209,9.901601583934198,42.56530943671872,134,1485,299,103,EPSG:4326
315,Lookalike,A:\SIH26143_DATA\OFFICIAL_DATASET\PART_III_TEST\Images\Lookalike\00015.tif,C:\SlickTrace\outputs\part_iii_predictions\prediction_0315.tif,44,640,0.047102285839176306,802.2515625,1495.1609375,9.945977169985978,42.56872901454518,780,1485,45,21,EPSG:4326
315,Lookalike,A:\SIH26143_DATA\OFFICIAL_DATASET\PART_III_TEST\Images\Lookalike\00015.tif,C:\SlickTrace\outputs\part_iii_predictions\prediction_0315.tif,45,578,0.0425392518985061,15.899653979238755,1512.8546712802768,9.8753379761739,42.56713955939638,1,1502,32,24,EPSG:4326
315,Lookalike,A:\SIH26143_DATA\OFFICIAL_DATASET\PART_III_TEST\Images\Lookalike\00015.tif,C:\SlickTrace\outputs\part_iii_predictions\prediction_0315.tif,46,3382,0.2489061417313973,1298.7593140153756,1609.9680662329981,9.990579220172986,42.558415714698505,1250,1548,92,104,EPSG:4326
315,Lookalike,A:\SIH26143_DATA\OFFICIAL_DATASET\PART_III_TEST\Images\Lookalike\00015.tif,C:\SlickTrace\outputs\part_iii_predictions\prediction_0315.tif,47,1256,0.0924382359593835,160.52070063694268,1571.0262738853503,9.8883295058357,42.56191391542419,132,1554,66,34,EPSG:4326
315,Lookalike,A:\SIH26143_DATA\OFFICIAL_DATASET\PART_III_TEST\Images\Lookalike\00015.tif,C:\SlickTrace\outputs\part_iii_predictions\prediction_0315.tif,48,134516,9.900017315535376,182.00873502036933,1831.000059472479,9.890259808806931,42.53856007291786,0,1563,496,485,EPSG:4326
315,Lookalike,A:\SIH26143_DATA\OFFICIAL_DATASET\PART_III_TEST\Images\Lookalike\00015.tif,C:\SlickTrace\outputs\part_iii_predictions\prediction_0315.tif,49,3392,0.24964211494763444,502.46875,1625.7270047169811,9.91904722174747,42.55700006516834,443,1579,122,95,EPSG:4326
315,Lookalike,A:\SIH26143_DATA\OFFICIAL_DATASET\PART_III_TEST\Images\Lookalike\00015.tif,C:\SlickTrace\outputs\part_iii_predictions\prediction_0315.tif,50,2870,0.21122431306005626,1089.6449477351916,1620.684668989547,9.97179415703714,42.5574530258935,1053,1591,69,63,EPSG:4326
315,Lookalike,A:\SIH26143_DATA\OFFICIAL_DATASET\PART_III_TEST\Images\Lookalike\00015.tif,C:\SlickTrace\outputs\part_iii_predictions\prediction_0315.tif,51,1256,0.0924382359593835,341.3893312101911,1637.8097133757963,9.904577211361872,42.55591465698216,319,1621,52,37,EPSG:4326
315,Lookalike,A:\SIH26143_DATA\OFFICIAL_DATASET\PART_III_TEST\Images\Lookalike\00015.tif,C:\SlickTrace\outputs\part_iii_predictions\prediction_0315.tif,52,5249,0.38631234120286945,1199.1781291674604,1693.2958658792152,9.981633690137024,42.55093025109708,1126,1654,136,89,EPSG:4326
315,Lookalike,A:\SIH26143_DATA\OFFICIAL_DATASET\PART_III_TEST\Images\Lookalike\00015.tif,C:\SlickTrace\outputs\part_iii_predictions\prediction_0315.tif,53,1617,0.11900686906554389,485.3147804576376,1704.265306122449,9.917506254445145,42.549944849514205,448,1686,68,42,EPSG:4326
315,Lookalike,A:\SIH26143_DATA\OFFICIAL_DATASET\PART_III_TEST\Images\Lookalike\00015.tif,C:\SlickTrace\outputs\part_iii_predictions\prediction_0315.tif,54,782,0.05755310550974355,494.71994884910487,1983.2250639386189,9.918351135096723,42.52488546810415,477,1969,40,28,EPSG:4326
315,Lookalike,A:\SIH26143_DATA\OFFICIAL_DATASET\PART_III_TEST\Images\Lookalike\00015.tif,C:\SlickTrace\outputs\part_iii_predictions\prediction_0315.tif,55,916,0.06741514660732109,381.64956331877727,2031.8220524017468,9.908193849546405,42.52051992635429,348,2018,70,30,EPSG:4326
316,Lookalike,A:\SIH26143_DATA\OFFICIAL_DATASET\PART_III_TEST\Images\Lookalike\00016.tif,C:\SlickTrace\outputs\part_iii_predictions\prediction_0316.tif,1,506,0.03734287919582809,25.055335968379445,27.539525691699605,9.87616044508064,42.52863014371754,14,14,23,28,EPSG:4326
316,Lookalike,A:\SIH26143_DATA\OFFICIAL_DATASET\PART_III_TEST\Images\Lookalike\00016.tif,C:\SlickTrace\outputs\part_iii_predictions\prediction_0316.tif,2,9326,0.6882602596448474,110.84044606476517,140.4644006004718,9.883866652635586,42.51848592960876,11,76,170,166,EPSG:4326
316,Lookalike,A:\SIH26143_DATA\OFFICIAL_DATASET\PART_III_TEST\Images\Lookalike\00016.tif,C:\SlickTrace\outputs\part_iii_predictions\prediction_0316.tif,3,723,0.053357513159256346,68.38727524204702,188.4412171507607,9.880053019414648,42.51417609884971,52,173,35,35,EPSG:4326
316,Lookalike,A:\SIH26143_DATA\OFFICIAL_DATASET\PART_III_TEST\Images\Lookalike\00016.tif,C:\SlickTrace\outputs\part_iii_predictions\prediction_0316.tif,4,9330,0.6885554602709014,56.90353697749196,291.7224008574491,9.87902141765446,42.50489819226114,2,195,118,232,EPSG:4326
316,Lookalike,A:\SIH26143_DATA\OFFICIAL_DATASET\PART_III_TEST\Images\Lookalike\00016.tif,C:\SlickTrace\outputs\part_iii_predictions\prediction_0316.tif,5,1792,0.1322498804721817,159.40178571428572,261.59375,9.888228991998034,42.50760469501665,125,229,68,62,EPSG:4326
316,Lookalike,A:\SIH26143_DATA\OFFICIAL_DATASET\PART_III_TEST\Images\Lookalike\00016.tif,C:\SlickTrace\outputs\part_iii_predictions\prediction_0316.tif,6,788,0.05815452333263347,124.07868020304568,292.0,9.885055863441703,42.50487325510588,109,275,39,39,EPSG:4326
316,Lookalike,A:\SIH26143_DATA\OFFICIAL_DATASET\PART_III_TEST\Images\Lookalike\00016.tif,C:\SlickTrace\outputs\part_iii_predictions\prediction_0316.tif,7,2193,0.1618437432340929,96.88463292293662,374.0437756497948,9.882612980610824,42.49750313734257,68,322,51,95,EPSG:4326
316,Lookalike,A:\SIH26143_DATA\OFFICIAL_DATASET\PART_III_TEST\Images\Lookalike\00016.tif,C:\SlickTrace\outputs\part_iii_predictions\prediction_0316.tif,8,943,0.06959354759222508,161.0053022269353,407.12301166489925,9.8883730383372,42.49453157901263,145,388,31,42,EPSG:4326
316,Lookalike,A:\SIH26143_DATA\OFFICIAL_DATASET\PART_III_TEST\Images\Lookalike\00016.tif,C:\SlickTrace\outputs\part_iii_predictions\prediction_0316.tif,9,1174,0.08664138374684226,29.727427597955707,439.54770017035776,9.876580146212605,42.491618819685904,9,415,42,54,EPSG:4326
316,Lookalike,A:\SIH26143_DATA\OFFICIAL_DATASET\PART_III_TEST\Images\Lookalike\00016.tif,C:\SlickTrace\outputs\part_iii_predictions\prediction_0316.tif,10,1926,0.14213910144498992,131.88317757009347,465.2263759086189,9.885756953368672,42.489312064996746,112,424,45,88,EPSG:4326
316,Lookalike,A:\SIH26143_DATA\OFFICIAL_DATASET\PART_III_TEST\Images\Lookalike\00016.tif,C:\SlickTrace\outputs\part_iii_predictions\prediction_0316.tif,11,605,0.044649094690664026,180.4694214876033,448.25619834710744,9.890121529919577,42.49083652198452,163,437,33,24,EPSG:4326
316,Lookalike,A:\SIH26143_DATA\OFFICIAL_DATASET\PART_III_TEST\Images\Lookalike\00016.tif,C:\SlickTrace\outputs\part_iii_predictions\prediction_0316.tif,12,524,0.03867128201307099,102.4675572519084,460.43702290076334,9.883114503236303,42.48974229989754,89,445,28,33,EPSG:4326
316,Lookalike,A:\SIH26143_DATA\OFFICIAL_DATASET\PART_III_TEST\Images\Lookalike\00016.tif,C:\SlickTrace\outputs\part_iii_predictions\prediction_0316.tif,13,582,0.04295169109085366,59.09450171821306,534.2835051546392,9.879218235365816,42.48310855752883,41,519,31,34,EPSG:4326
316,Lookalike,A:\SIH26143_DATA\OFFICIAL_DATASET\PART_III_TEST\Images\Lookalike\00016.tif,C:\SlickTrace\outputs\part_iii_predictions\prediction_0316.tif,14,706,0.052102910498526944,317.4135977337111,641.3172804532578,9.902423434578882,42.47349354990205,298,628,46,27,EPSG:4326
316,Lookalike,A:\SIH26143_DATA\OFFICIAL_DATASET\PART_III_TEST\Images\Lookalike\00016.tif,C:\SlickTrace\outputs\part_iii_predictions\prediction_0316.tif,15,2172,0.16029393994730953,481.66528545119706,856.0778084714549,9.917178414730786,42.45420128342762,445,833,78,52,EPSG:4326
316,Lookalike,A:\SIH26143_DATA\OFFICIAL_DATASET\PART_III_TEST\Images\Lookalike\00016.tif,C:\SlickTrace\outputs\part_iii_predictions\prediction_0316.tif,16,2750,0.2029504304121092,441.5167272727273,928.832,9.913571808386077,42.44766566320424,415,881,62,89,EPSG:4326
316,Lookalike,A:\SIH26143_DATA\OFFICIAL_DATASET\PART_III_TEST\Images\Lookalike\00016.tif,C:\SlickTrace\outputs\part_iii_predictions\prediction_0316.tif,17,780,0.05756412208052552,430.96794871794873,1001.05,9.912624195485623,42.441178209885386,415,984,32,36,EPSG:4326
316,Lookalike,A:\SIH26143_DATA\OFFICIAL_DATASET\PART_III_TEST\Images\Lookalike\00016.tif,C:\SlickTrace\outputs\part_iii_predictions\prediction_0316.tif,18,633,0.046715499073041865,1092.6319115323854,1085.2290679304897,9.972062480560353,42.43361627555289,1077,1071,32,31,EPSG:4326
316,Lookalike,A:\SIH26143_DATA\OFFICIAL_DATASET\PART_III_TEST\Images\Lookalike\00016.tif,C:\SlickTrace\outputs\part_iii_predictions\prediction_0316.tif,19,543,0.04007348498682738,719.1270718232045,1155.5211786372008,9.938509969940016,42.427301827812805,704,1141,34,28,EPSG:4326
316,Lookalike,A:\SIH26143_DATA\OFFICIAL_DATASET\PART_III_TEST\Images\Lookalike\00016.tif,C:\SlickTrace\outputs\part_iii_predictions\prediction_0316.tif,20,4265,0.314757667530053,1009.8063305978898,1219.5275498241501,9.9646221320334,42.42155203766098,965,1147,99,136,EPSG:4326
316,Lookalike,A:\SIH26143_DATA\OFFICIAL_DATASET\PART_III_TEST\Images\Lookalike\00016.tif,C:\SlickTrace\outputs\part_iii_predictions\prediction_0316.tif,21,3277,0.24184311289472066,1050.061336588343,1263.6240463838876,9.968238300747753,42.41759078197741,996,1163,115,192,EPSG:4326
316,Lookalike,A:\SIH26143_DATA\OFFICIAL_DATASET\PART_III_TEST\Images\Lookalike\00016.tif,C:\SlickTrace\outputs\part_iii_predictions\prediction_0316.tif,22,721,0.053209912846229356,972.1470180305132,1310.4008321775311,9.961239138426528,42.41338875181537,957,1294,29,35,EPSG:4326
317,Lookalike,A:\SIH26143_DATA\OFFICIAL_DATASET\PART_III_TEST\Images\Lookalike\00017.tif,C:\SlickTrace\outputs\part_iii_predictions\prediction_0317.tif,1,4092,0.3870568591808332,29.641984359726294,1233.7126099706745,38.30611315802009,18.917787899211,0,1161,61,132,EPSG:4326
317,Lookalike,A:\SIH26143_DATA\OFFICIAL_DATASET\PART_III_TEST\Images\Lookalike\00017.tif,C:\SlickTrace\outputs\part_iii_predictions\prediction_0317.tif,2,1109,0.10489884086792375,857.502254283138,1278.7042380522994,38.38048111137884,18.913746232494685,839,1248,39,62,EPSG:4326
317,Lookalike,A:\SIH26143_DATA\OFFICIAL_DATASET\PART_III_TEST\Images\Lookalike\00017.tif,C:\SlickTrace\outputs\part_iii_predictions\prediction_0317.tif,3,1507,0.1425451336230488,885.3795620437957,1329.2329130723292,38.38298537254299,18.909207164389006,870,1287,28,85,EPSG:4326
317,Lookalike,A:\SIH26143_DATA\OFFICIAL_DATASET\PART_III_TEST\Images\Lookalike\00017.tif,C:\SlickTrace\outputs\part_iii_predictions\prediction_0317.tif,4,879,0.08314344555717311,619.2798634812286,1362.0932878270762,38.359081229911155,18.906255266700597,604,1327,28,57,EPSG:4326
317,Lookalike,A:\SIH26143_DATA\OFFICIAL_DATASET\PART_III_TEST\Images\Lookalike\00017.tif,C:\SlickTrace\outputs\part_iii_predictions\prediction_0317.tif,5,399407,37.779379021221665,411.9191125844064,1761.2101365274018,38.34045369672545,18.870401990166883,0,1338,892,710,EPSG:4326
317,Lookalike,A:\SIH26143_DATA\OFFICIAL_DATASET\PART_III_TEST\Images\Lookalike\00017.tif,C:\SlickTrace\outputs\part_iii_predictions\prediction_0317.tif,6,528,0.04994282053946235,697.3314393939394,1382.1647727272727,38.36609272227036,18.904452214534516,687,1365,21,35,EPSG:4326
317,Lookalike,A:\SIH26143_DATA\OFFICIAL_DATASET\PART_III_TEST\Images\Lookalike\00017.tif,C:\SlickTrace\outputs\part_iii_predictions\prediction_0317.tif,7,632,0.059780042766932204,1167.8370253164558,1459.4667721518988,38.40835895818014,18.8975080577769,1153,1443,30,33,EPSG:4326
317,Lookalike,A:\SIH26143_DATA\OFFICIAL_DATASET\PART_III_TEST\Images\Lookalike\00017.tif,C:\SlickTrace\outputs\part_iii_predictions\prediction_0317.tif,8,754,0.07131986114915646,160.6498673740053,1463.420424403183,38.31788179638528,18.89715289515236,148,1446,25,42,EPSG:4326
317,Lookalike,A:\SIH26143_DATA\OFFICIAL_DATASET\PART_III_TEST\Images\Lookalike\00017.tif,C:\SlickTrace\outputs\part_iii_predictions\prediction_0317.tif,9,2074,0.19617691249781233,942.9257473481196,1513.9112825458053,38.38815483432315,18.892617224194577,918,1481,50,73,EPSG:4326
317,Lookalike,A:\SIH26143_DATA\OFFICIAL_DATASET\PART_III_TEST\Images\Lookalike\00017.tif,C:\SlickTrace\outputs\part_iii_predictions\prediction_0317.tif,10,802,0.07586011756183485,497.1047381546135,1512.5299251870324,38.34810605166914,18.892741313637398,482,1496,30,40,EPSG:4326
317,Lookalike,A:\SIH26143_DATA\OFFICIAL_DATASET\PART_III_TEST\Images\Lookalike\00017.tif,C:\SlickTrace\outputs\part_iii_predictions\prediction_0317.tif,11,708,0.06696878208700632,957.8658192090395,1562.84604519774,38.389496923813006,18.888221339673077,942,1543,31,38,EPSG:4326
317,Lookalike,A:\SIH26143_DATA\OFFICIAL_DATASET\PART_III_TEST\Images\Lookalike\00017.tif,C:\SlickTrace\outputs\part_iii_predictions\prediction_0317.tif,12,782,0.07396834405655218,1066.685421994885,1664.8759590792838,38.39927235505244,18.879055836565357,1045,1645,43,40,EPSG:4326
317,Lookalike,A:\SIH26143_DATA\OFFICIAL_DATASET\PART_III_TEST\Images\Lookalike\00017.tif,C:\SlickTrace\outputs\part_iii_predictions\prediction_0317.tif,13,989,0.09354819983622777,1100.1011122345803,1685.9059656218403,38.40227413757961,18.877166678935126,1078,1668,44,36,EPSG:4326
317,Lookalike,A:\SIH26143_DATA\OFFICIAL_DATASET\PART_III_TEST\Images\Lookalike\00017.tif,C:\SlickTrace\outputs\part_iii_predictions\prediction_0317.tif,14,98713,9.337131901348384,1003.1463535704518,1922.943320535289,38.393564543422,18.855873251052525,728,1701,512,347,EPSG:4326
317,Lookalike,A:\SIH26143_DATA\OFFICIAL_DATASET\PART_III_TEST\Images\Lookalike\00017.tif,C:\SlickTrace\outputs\part_iii_predictions\prediction_0317.tif,15,17802,1.6838675970520998,1387.728120435906,2002.2782833389506,38.4281121113389,18.848746470087367,1271,1939,254,109,EPSG:4326
317,Lookalike,A:\SIH26143_DATA\OFFICIAL_DATASET\PART_III_TEST\Images\Lookalike\00017.tif,C:\SlickTrace\outputs\part_iii_predictions\prediction_0317.tif,16,3032,0.28679286340085197,1559.6190633245383,2022.9798812664908,38.44355333745875,18.846886813904966,1516,1989,100,59,EPSG:4326
318,Lookalike,A:\SIH26143_DATA\OFFICIAL_DATASET\PART_III_TEST\Images\Lookalike\00018.tif,C:\SlickTrace\outputs\part_iii_predictions\prediction_0318.tif,1,11321,1.0490828891902255,733.6937549686423,1714.8588463916615,38.904257743198315,22.01772135694059,22,1582,1120,226,EPSG:4326
318,Lookalike,A:\SIH26143_DATA\OFFICIAL_DATASET\PART_III_TEST\Images\Lookalike\00018.tif,C:\SlickTrace\outputs\part_iii_predictions\prediction_0318.tif,2,34691,3.2147102295643593,1425.4467152863856,1897.1264881381337,38.96639896890715,22.001347976102462,1260,1802,618,220,EPSG:4326
320,Lookalike,A:\SIH26143_DATA\OFFICIAL_DATASET\PART_III_TEST\Images\Lookalike\00020.tif,C:\SlickTrace\outputs\part_iii_predictions\prediction_0320.tif,1,155509,14.428917862290376,1694.8224604363734,721.1642027149554,38.99059740381109,21.92624543039199,1449,452,535,527,EPSG:4326
320,Lookalike,A:\SIH26143_DATA\OFFICIAL_DATASET\PART_III_TEST\Images\Lookalike\00020.tif,C:\SlickTrace\outputs\part_iii_predictions\prediction_0320.tif,2,2962,0.2748294613694648,1502.7052667116814,907.1525995948683,38.97333922266458,21.909537808433377,1467,878,85,66,EPSG:4326
320,Lookalike,A:\SIH26143_DATA\OFFICIAL_DATASET\PART_III_TEST\Images\Lookalike\00020.tif,C:\SlickTrace\outputs\part_iii_predictions\prediction_0320.tif,3,935,0.08675406697516866,1554.2224598930482,942.944385026738,38.97796709086756,21.90632257764344,1540,920,32,44,EPSG:4326
320,Lookalike,A:\SIH26143_DATA\OFFICIAL_DATASET\PART_III_TEST\Images\Lookalike\00020.tif,C:\SlickTrace\outputs\part_iii_predictions\prediction_0320.tif,4,608,0.056413339808451916,1700.217105263158,972.422697368421,38.99108201300111,21.90367449579078,1682,957,37,31,EPSG:4326
320,Lookalike,A:\SIH26143_DATA\OFFICIAL_DATASET\PART_III_TEST\Images\Lookalike\00020.tif,C:\SlickTrace\outputs\part_iii_predictions\prediction_0320.tif,5,740,0.0686609727931816,1491.414864864865,974.5540540540541,38.972324988610296,21.90348303276212,1474,960,40,28,EPSG:4326
320,Lookalike,A:\SIH26143_DATA\OFFICIAL_DATASET\PART_III_TEST\Images\Lookalike\00020.tif,C:\SlickTrace\outputs\part_iii_predictions\prediction_0320.tif,6,553,0.05131015939814788,1568.509945750452,978.2368896925859,38.97925055755929,21.90315219800782,1554,963,29,30,EPSG:4326
320,Lookalike,A:\SIH26143_DATA\OFFICIAL_DATASET\PART_III_TEST\Images\Lookalike\00020.tif,C:\SlickTrace\outputs\part_iii_predictions\prediction_0320.tif,7,16854,1.5638000479138958,1606.13456746173,1623.8568292393497,38.98263043483354,21.845155172065102,1527,1546,169,172,EPSG:4326
321,Lookalike,A:\SIH26143_DATA\OFFICIAL_DATASET\PART_III_TEST\Images\Lookalike\00021.tif,C:\SlickTrace\outputs\part_iii_predictions\prediction_0321.tif,1,2802,0.26031222406345256,1716.9339757316202,58.50749464668094,38.99258371502556,21.805031860125347,1692,3,51,112,EPSG:4326
321,Lookalike,A:\SIH26143_DATA\OFFICIAL_DATASET\PART_III_TEST\Images\Lookalike\00021.tif,C:\SlickTrace\outputs\part_iii_predictions\prediction_0321.tif,2,650,0.06038649023599007,1785.4215384615384,25.916923076923077,38.9987360574628,21.807959520981278,1770,5,33,43,EPSG:4326
321,Lookalike,A:\SIH26143_DATA\OFFICIAL_DATASET\PART_III_TEST\Images\Lookalike\00021.tif,C:\SlickTrace\outputs\part_iii_predictions\prediction_0321.tif,3,5538,0.5144928968106354,1307.8970747562296,156.20855904658723,38.955839305034054,21.79625522418283,1256,100,107,112,EPSG:4326
321,Lookalike,A:\SIH26143_DATA\OFFICIAL_DATASET\PART_III_TEST\Images\Lookalike\00021.tif,C:\SlickTrace\outputs\part_iii_predictions\prediction_0321.tif,4,1037,0.09633967749957184,1327.4985535197686,283.97299903567983,38.95760013583052,21.784777949261912,1308,263,35,48,EPSG:4326
321,Lookalike,A:\SIH26143_DATA\OFFICIAL_DATASET\PART_III_TEST\Images\Lookalike\00021.tif,C:\SlickTrace\outputs\part_iii_predictions\prediction_0321.tif,5,591,0.054905254968415584,1313.46192893401,445.96446700507613,38.95633920439023,21.770226008104526,1301,431,25,32,EPSG:4326
321,Lookalike,A:\SIH26143_DATA\OFFICIAL_DATASET\PART_III_TEST\Images\Lookalike\00021.tif,C:\SlickTrace\outputs\part_iii_predictions\prediction_0321.tif,6,701,0.06512450716219852,1303.132667617689,488.095577746077,38.95541131105882,21.76644130603297,1290,469,27,39,EPSG:4326
321,Lookalike,A:\SIH26143_DATA\OFFICIAL_DATASET\PART_III_TEST\Images\Lookalike\00021.tif,C:\SlickTrace\outputs\part_iii_predictions\prediction_0321.tif,7,10916,1.0141214267939502,1566.367259069256,579.2567790399414,38.97905807673981,21.75825215598887,1506,473,113,217,EPSG:4326
321,Lookalike,A:\SIH26143_DATA\OFFICIAL_DATASET\PART_III_TEST\Images\Lookalike\00021.tif,C:\SlickTrace\outputs\part_iii_predictions\prediction_0321.tif,8,3157,0.29329253796157023,1451.2299651567944,605.5207475451377,38.96871511765044,21.755892823555886,1406,557,93,118,EPSG:4326
321,Lookalike,A:\SIH26143_DATA\OFFICIAL_DATASET\PART_III_TEST\Images\Lookalike\00021.tif,C:\SlickTrace\outputs\part_iii_predictions\prediction_0321.tif,9,932,0.08658493676914268,1295.6706008583692,633.6888412017167,38.95474098219672,21.753362440650264,1272,617,49,39,EPSG:4326
321,Lookalike,A:\SIH26143_DATA\OFFICIAL_DATASET\PART_III_TEST\Images\Lookalike\00021.tif,C:\SlickTrace\outputs\part_iii_predictions\prediction_0321.tif,10,4106,0.3814568137061157,1510.801266439357,775.9218217243059,38.97406649869414,21.740585434619334,1465,727,88,98,EPSG:4326
321,Lookalike,A:\SIH26143_DATA\OFFICIAL_DATASET\PART_III_TEST\Images\Lookalike\00021.tif,C:\SlickTrace\outputs\part_iii_predictions\prediction_0321.tif,11,1140,0.1059086136446595,19.79736842105263,1317.0464912280702,38.84012733966698,21.691975378496398,0,1299,48,37,EPSG:4326
321,Lookalike,A:\SIH26143_DATA\OFFICIAL_DATASET\PART_III_TEST\Images\Lookalike\00021.tif,C:\SlickTrace\outputs\part_iii_predictions\prediction_0321.tif,12,3116,0.2894835439620693,57.351091142490375,1360.7021822849808,38.84350084797661,21.688053721044877,10,1338,106,52,EPSG:4326
321,Lookalike,A:\SIH26143_DATA\OFFICIAL_DATASET\PART_III_TEST\Images\Lookalike\00021.tif,C:\SlickTrace\outputs\part_iii_predictions\prediction_0321.tif,13,602,0.05592718018779388,12.636212624584717,1427.4933554817276,38.839484042096586,21.682053767872183,1,1413,25,32,EPSG:4326
322,Lookalike,A:\SIH26143_DATA\OFFICIAL_DATASET\PART_III_TEST\Images\Lookalike\00022.tif,C:\SlickTrace\outputs\part_iii_predictions\prediction_0322.tif,1,1176,0.08607104649804051,577.0612244897959,857.2687074829932,10.101188952727458,42.96990693929067,560,825,35,57,EPSG:4326
322,Lookalike,A:\SIH26143_DATA\OFFICIAL_DATASET\PART_III_TEST\Images\Lookalike\00022.tif,C:\SlickTrace\outputs\part_iii_predictions\prediction_0322.tif,2,1723,0.12610579346609166,557.5304701102727,938.611143354614,10.099434475210508,42.962599823951564,533,900,57,69,EPSG:4326
322,Lookalike,A:\SIH26143_DATA\OFFICIAL_DATASET\PART_III_TEST\Images\Lookalike\00022.tif,C:\SlickTrace\outputs\part_iii_predictions\prediction_0322.tif,3,684,0.05006173112641132,215.7280701754386,1006.8581871345029,10.068729843209487,42.95646908769922,198,993,34,31,EPSG:4326
322,Lookalike,A:\SIH26143_DATA\OFFICIAL_DATASET\PART_III_TEST\Images\Lookalike\00022.tif,C:\SlickTrace\outputs\part_iii_predictions\prediction_0322.tif,4,31009,2.2695383340627027,575.154116546809,1302.6300751394756,10.101017634306093,42.92989944693845,453,993,276,539,EPSG:4326
322,Lookalike,A:\SIH26143_DATA\OFFICIAL_DATASET\PART_III_TEST\Images\Lookalike\00022.tif,C:\SlickTrace\outputs\part_iii_predictions\prediction_0322.tif,5,532,0.038936901987208804,219.62593984962405,1122.1785714285713,10.06907999479987,42.94610968132103,208,1106,25,35,EPSG:4326
322,Lookalike,A:\SIH26143_DATA\OFFICIAL_DATASET\PART_III_TEST\Images\Lookalike\00022.tif,C:\SlickTrace\outputs\part_iii_predictions\prediction_0322.tif,6,674,0.04932983447251642,421.42878338278933,1194.7744807121662,10.087208252672333,42.93958827983363,405,1176,32,37,EPSG:4326
322,Lookalike,A:\SIH26143_DATA\OFFICIAL_DATASET\PART_III_TEST\Images\Lookalike\00022.tif,C:\SlickTrace\outputs\part_iii_predictions\prediction_0322.tif,7,696,0.0509400071110852,1134.6364942528735,1261.7672413793102,10.151276791414983,42.933570217750365,1123,1242,22,43,EPSG:4326
322,Lookalike,A:\SIH26143_DATA\OFFICIAL_DATASET\PART_III_TEST\Images\Lookalike\00022.tif,C:\SlickTrace\outputs\part_iii_predictions\prediction_0322.tif,8,567,0.04149854027584096,1106.4038800705468,1278.1516754850088,10.148740612531919,42.932098378992485,1094,1265,25,28,EPSG:4326
322,Lookalike,A:\SIH26143_DATA\OFFICIAL_DATASET\PART_III_TEST\Images\Lookalike\00022.tif,C:\SlickTrace\outputs\part_iii_predictions\prediction_0322.tif,9,816,0.059722766957824025,589.4803921568628,1288.5171568627452,10.102304585540596,42.931167231957595,569,1272,41,35,EPSG:4326
322,Lookalike,A:\SIH26143_DATA\OFFICIAL_DATASET\PART_III_TEST\Images\Lookalike\00022.tif,C:\SlickTrace\outputs\part_iii_predictions\prediction_0322.tif,10,1951,0.14279303717489544,1241.5448487954895,1309.4664274730908,10.160880532303553,42.92928532695956,1207,1285,69,49,EPSG:4326
322,Lookalike,A:\SIH26143_DATA\OFFICIAL_DATASET\PART_III_TEST\Images\Lookalike\00022.tif,C:\SlickTrace\outputs\part_iii_predictions\prediction_0322.tif,11,524,0.03835138466409288,711.1030534351145,1313.2900763358778,10.11323013509275,42.9289418427381,699,1297,26,32,EPSG:4326
322,Lookalike,A:\SIH26143_DATA\OFFICIAL_DATASET\PART_III_TEST\Images\Lookalike\00022.tif,C:\SlickTrace\outputs\part_iii_predictions\prediction_0322.tif,12,2094,0.15325915932559253,367.1595033428844,1376.0353390639923,10.082333160300532,42.923305339886625,323,1313,81,121,EPSG:4326
322,Lookalike,A:\SIH26143_DATA\OFFICIAL_DATASET\PART_III_TEST\Images\Lookalike\00022.tif,C:\SlickTrace\outputs\part_iii_predictions\prediction_0322.tif,13,588,0.043035523249020255,1127.8044217687075,1331.8826530612246,10.150663055901509,42.927271643153745,1113,1319,29,26,EPSG:4326
322,Lookalike,A:\SIH26143_DATA\OFFICIAL_DATASET\PART_III_TEST\Images\Lookalike\00022.tif,C:\SlickTrace\outputs\part_iii_predictions\prediction_0322.tif,14,791,0.05789302532308677,687.7067003792667,1353.825537294564,10.111128404938476,42.9253004803253,669,1334,35,47,EPSG:4326
322,Lookalike,A:\SIH26143_DATA\OFFICIAL_DATASET\PART_III_TEST\Images\Lookalike\00022.tif,C:\SlickTrace\outputs\part_iii_predictions\prediction_0322.tif,15,1869,0.13679148461295723,810.8501872659176,1383.1915462814338,10.122190572579482,42.92266248685465,785,1339,58,87,EPSG:4326
322,Lookalike,A:\SIH26143_DATA\OFFICIAL_DATASET\PART_III_TEST\Images\Lookalike\00022.tif,C:\SlickTrace\outputs\part_iii_predictions\prediction_0322.tif,16,316442,23.16028409518107,1615.3182826552734,1733.0129217992555,10.19445717114696,42.891237498020715,1179,1341,869,707,EPSG:4326
322,Lookalike,A:\SIH26143_DATA\OFFICIAL_DATASET\PART_III_TEST\Images\Lookalike\00022.tif,C:\SlickTrace\outputs\part_iii_predictions\prediction_0322.tif,17,769,0.056282852684517985,420.14174252275683,1398.854356306892,10.087092635824748,42.92125547269084,399,1371,40,52,EPSG:4326
322,Lookalike,A:\SIH26143_DATA\OFFICIAL_DATASET\PART_III_TEST\Images\Lookalike\00022.tif,C:\SlickTrace\outputs\part_iii_predictions\prediction_0322.tif,18,990,0.07245776873559533,774.1101010101011,1401.2202020202021,10.118890154477135,42.921042945154426,751,1376,49,50,EPSG:4326
322,Lookalike,A:\SIH26143_DATA\OFFICIAL_DATASET\PART_III_TEST\Images\Lookalike\00022.tif,C:\SlickTrace\outputs\part_iii_predictions\prediction_0322.tif,19,1095,0.08014268360149181,1151.9132420091323,1405.0009132420091,10.152828788071915,42.920703318086886,1125,1387,57,38,EPSG:4326
322,Lookalike,A:\SIH26143_DATA\OFFICIAL_DATASET\PART_III_TEST\Images\Lookalike\00022.tif,C:\SlickTrace\outputs\part_iii_predictions\prediction_0322.tif,20,1993,0.14586700312125403,492.0060210737582,1505.7405920722529,10.093548313805206,42.911653718765834,454,1450,81,124,EPSG:4326
322,Lookalike,A:\SIH26143_DATA\OFFICIAL_DATASET\PART_III_TEST\Images\Lookalike\00022.tif,C:\SlickTrace\outputs\part_iii_predictions\prediction_0322.tif,21,4978,0.3643381543088824,230.35958216151064,1590.5697067095218,10.070044214294175,42.904033389744136,192,1483,74,218,EPSG:4326
322,Lookalike,A:\SIH26143_DATA\OFFICIAL_DATASET\PART_III_TEST\Images\Lookalike\00022.tif,C:\SlickTrace\outputs\part_iii_predictions\prediction_0322.tif,22,16465,1.2050678406379567,815.3076222289706,1614.3980564834496,10.12259099077501,42.90189285266441,696,1499,255,306,EPSG:4326
322,Lookalike,A:\SIH26143_DATA\OFFICIAL_DATASET\PART_III_TEST\Images\Lookalike\00022.tif,C:\SlickTrace\outputs\part_iii_predictions\prediction_0322.tif,23,82865,6.064861622500108,222.0494659989139,1924.5805346044772,10.069297703858007,42.87402868656819,0,1513,558,535,EPSG:4326
322,Lookalike,A:\SIH26143_DATA\OFFICIAL_DATASET\PART_III_TEST\Images\Lookalike\00022.tif,C:\SlickTrace\outputs\part_iii_predictions\prediction_0322.tif,24,957,0.07004250977774215,994.3646812957157,1533.9759665621734,10.138675960063924,42.90911729192012,979,1515,35,43,EPSG:4326
322,Lookalike,A:\SIH26143_DATA\OFFICIAL_DATASET\PART_III_TEST\Images\Lookalike\00022.tif,C:\SlickTrace\outputs\part_iii_predictions\prediction_0322.tif,25,534,0.039083281317987786,1047.1610486891386,1557.8558052434457,10.143418738441476,42.90697212951315,1035,1545,26,27,EPSG:4326
322,Lookalike,A:\SIH26143_DATA\OFFICIAL_DATASET\PART_III_TEST\Images\Lookalike\00022.tif,C:\SlickTrace\outputs\part_iii_predictions\prediction_0322.tif,26,6848,0.5012028285872291,1039.9783878504672,1635.0140186915887,10.142773509040273,42.90004088926957,924,1551,224,164,EPSG:4326
322,Lookalike,A:\SIH26143_DATA\OFFICIAL_DATASET\PART_III_TEST\Images\Lookalike\00022.tif,C:\SlickTrace\outputs\part_iii_predictions\prediction_0322.tif,27,2091,0.15303959032942407,1092.2104256336681,1589.415112386418,10.147465592826409,42.904137108716874,1067,1560,57,63,EPSG:4326
322,Lookalike,A:\SIH26143_DATA\OFFICIAL_DATASET\PART_III_TEST\Images\Lookalike\00022.tif,C:\SlickTrace\outputs\part_iii_predictions\prediction_0322.tif,28,1033,0.07560492434734341,84.77637947725073,1594.652468538238,10.05696625268594,42.90366662900892,71,1569,28,54,EPSG:4326
322,Lookalike,A:\SIH26143_DATA\OFFICIAL_DATASET\PART_III_TEST\Images\Lookalike\00022.tif,C:\SlickTrace\outputs\part_iii_predictions\prediction_0322.tif,29,991,0.07253095840098482,546.4217961654894,1606.2674066599395,10.098436566051417,42.902623241365035,527,1574,37,64,EPSG:4326
322,Lookalike,A:\SIH26143_DATA\OFFICIAL_DATASET\PART_III_TEST\Images\Lookalike\00022.tif,C:\SlickTrace\outputs\part_iii_predictions\prediction_0322.tif,30,592,0.04332828191057822,1142.7635135135135,1610.7888513513512,10.152006853976598,42.90221707307778,1124,1589,37,41,EPSG:4326
322,Lookalike,A:\SIH26143_DATA\OFFICIAL_DATASET\PART_III_TEST\Images\Lookalike\00022.tif,C:\SlickTrace\outputs\part_iii_predictions\prediction_0322.tif,31,531,0.038863712321819316,1233.6817325800378,1606.2749529190207,10.160174176555838,42.90262256347305,1220,1595,29,25,EPSG:4326
322,Lookalike,A:\SIH26143_DATA\OFFICIAL_DATASET\PART_III_TEST\Images\Lookalike\00022.tif,C:\SlickTrace\outputs\part_iii_predictions\prediction_0322.tif,32,873,0.06389457788502498,511.914089347079,1626.6403207331043,10.095336686005927,42.90079311135564,498,1604,29,47,EPSG:4326
322,Lookalike,A:\SIH26143_DATA\OFFICIAL_DATASET\PART_III_TEST\Images\Lookalike\00022.tif,C:\SlickTrace\outputs\part_iii_predictions\prediction_0322.tif,33,809,0.059210439300097596,2016.4202719406676,1639.389369592089,10.230488775893543,42.899647844810836,2004,1614,27,48,EPSG:4326
322,Lookalike,A:\SIH26143_DATA\OFFICIAL_DATASET\PART_III_TEST\Images\Lookalike\00022.tif,C:\SlickTrace\outputs\part_iii_predictions\prediction_0322.tif,34,2134,0.15618674594117216,1140.4545454545455,1655.8289597000937,10.151799435846808,42.89817105130497,1102,1624,76,60,EPSG:4326
322,Lookalike,A:\SIH26143_DATA\OFFICIAL_DATASET\PART_III_TEST\Images\Lookalike\00022.tif,C:\SlickTrace\outputs\part_iii_predictions\prediction_0322.tif,35,802,0.05869811164237117,273.94014962593513,1672.8341645885287,10.073959123278563,42.89664344775888,262,1648,24,52,EPSG:4326
322,Lookalike,A:\SIH26143_DATA\OFFICIAL_DATASET\PART_III_TEST\Images\Lookalike\00022.tif,C:\SlickTrace\outputs\part_iii_predictions\prediction_0322.tif,36,4142,0.3031515940432685,595.349589570256,1738.9005311443748,10.10283182451479,42.89070860507455,552,1662,90,144,EPSG:4326
322,Lookalike,A:\SIH26143_DATA\OFFICIAL_DATASET\PART_III_TEST\Images\Lookalike\00022.tif,C:\SlickTrace\outputs\part_iii_predictions\prediction_0322.tif,37,3083,0.22564373839579838,204.56860201102822,1745.7012650016218,10.067727371128013,42.890097684757826,168,1697,66,97,EPSG:4326
322,Lookalike,A:\SIH26143_DATA\OFFICIAL_DATASET\PART_III_TEST\Images\Lookalike\00022.tif,C:\SlickTrace\outputs\part_iii_predictions\prediction_0322.tif,38,544,0.039815177971882686,1186.0055147058824,1731.4742647058824,10.1558913490353,42.89137571793911,1170,1721,35,24,EPSG:4326
322,Lookalike,A:\SIH26143_DATA\OFFICIAL_DATASET\PART_III_TEST\Images\Lookalike\00022.tif,C:\SlickTrace\outputs\part_iii_predictions\prediction_0322.tif,39,602,0.04406017856447312,650.6046511627907,1807.921926910299,10.107795471150146,42.884508307599766,636,1792,31,32,EPSG:4326
322,Lookalike,A:\SIH26143_DATA\OFFICIAL_DATASET\PART_III_TEST\Images\Lookalike\00022.tif,C:\SlickTrace\outputs\part_iii_predictions\prediction_0322.tif,40,573,0.0419376782681779,211.11169284467715,1826.9109947643979,10.068315146978138,42.88280249061132,199,1813,25,30,EPSG:4326
322,Lookalike,A:\SIH26143_DATA\OFFICIAL_DATASET\PART_III_TEST\Images\Lookalike\00022.tif,C:\SlickTrace\outputs\part_iii_predictions\prediction_0322.tif,41,2750,0.20127157982109814,682.8614545454545,1852.028,10.110693149099694,42.88054619164187,621,1826,122,59,EPSG:4326
322,Lookalike,A:\SIH26143_DATA\OFFICIAL_DATASET\PART_III_TEST\Images\Lookalike\00022.tif,C:\SlickTrace\outputs\part_iii_predictions\prediction_0322.tif,42,1047,0.07662957966279627,435.7297039159503,1884.7497612225407,10.088492926221525,42.877606745818916,414,1865,51,39,EPSG:4326
322,Lookalike,A:\SIH26143_DATA\OFFICIAL_DATASET\PART_III_TEST\Images\Lookalike\00022.tif,C:\SlickTrace\outputs\part_iii_predictions\prediction_0322.tif,43,1094,0.08006949393610231,634.6069469835467,1976.4277879341864,10.106358372932641,42.86937116855762,605,1959,69,41,EPSG:4326
322,Lookalike,A:\SIH26143_DATA\OFFICIAL_DATASET\PART_III_TEST\Images\Lookalike\00022.tif,C:\SlickTrace\outputs\part_iii_predictions\prediction_0322.tif,44,1175,0.08599785683265102,555.9046808510639,1994.4272340425532,10.099288428076477,42.86775425080314,528,1964,57,63,EPSG:4326
322,Lookalike,A:\SIH26143_DATA\OFFICIAL_DATASET\PART_III_TEST\Images\Lookalike\00022.tif,C:\SlickTrace\outputs\part_iii_predictions\prediction_0322.tif,45,643,0.04706095484544222,1389.1508553654744,1994.339035769829,10.174140205476519,42.867762173788776,1364,1980,49,32,EPSG:4326
322,Lookalike,A:\SIH26143_DATA\OFFICIAL_DATASET\PART_III_TEST\Images\Lookalike\00022.tif,C:\SlickTrace\outputs\part_iii_predictions\prediction_0322.tif,46,1413,0.10341699719534969,632.8634111818825,2017.0672328379335,10.106201748446738,42.865720465108105,600,1988,56,60,EPSG:4326
322,Lookalike,A:\SIH26143_DATA\OFFICIAL_DATASET\PART_III_TEST\Images\Lookalike\00022.tif,C:\SlickTrace\outputs\part_iii_predictions\prediction_0322.tif,47,566,0.041425350610451474,599.9452296819788,2037.0494699646642,10.103244657890059,42.86392543020592,584,2023,37,25,EPSG:4326
323,Lookalike,A:\SIH26143_DATA\OFFICIAL_DATASET\PART_III_TEST\Images\Lookalike\00023.tif,C:\SlickTrace\outputs\part_iii_predictions\prediction_0323.tif,1,7573,0.5558114289363899,1619.3241780007922,130.45279281658523,10.194817026848506,42.8632603783988,1561,85,116,103,EPSG:4326
324,Lookalike,A:\SIH26143_DATA\OFFICIAL_DATASET\PART_III_TEST\Images\Lookalike\00024.tif,C:\SlickTrace\outputs\part_iii_predictions\prediction_0324.tif,1,25578,1.8824722924913306,177.47392290249434,1128.6459457346157,10.065293414691864,42.601653616441354,14,931,296,351,EPSG:4326
324,Lookalike,A:\SIH26143_DATA\OFFICIAL_DATASET\PART_III_TEST\Images\Lookalike\00024.tif,C:\SlickTrace\outputs\part_iii_predictions\prediction_0324.tif,2,609,0.044820768868841204,334.35960591133005,972.4302134646962,10.0793866953825,42.61568671443315,323,953,27,46,EPSG:4326
324,Lookalike,A:\SIH26143_DATA\OFFICIAL_DATASET\PART_III_TEST\Images\Lookalike\00024.tif,C:\SlickTrace\outputs\part_iii_predictions\prediction_0324.tif,3,943,0.06940227429116134,338.5980911983033,1125.4814422057264,10.07976744499398,42.60193788863002,313,1090,54,68,EPSG:4326
324,Lookalike,A:\SIH26143_DATA\OFFICIAL_DATASET\PART_III_TEST\Images\Lookalike\00024.tif,C:\SlickTrace\outputs\part_iii_predictions\prediction_0324.tif,4,531,0.03908017778219159,306.24105461393594,1175.4538606403014,10.076860762942726,42.5974487899036,293,1159,28,33,EPSG:4326
324,Lookalike,A:\SIH26143_DATA\OFFICIAL_DATASET\PART_III_TEST\Images\Lookalike\00024.tif,C:\SlickTrace\outputs\part_iii_predictions\prediction_0324.tif,5,1827,0.1344623066065236,241.18445539135195,1243.9025725232623,10.071016629201276,42.591299937497325,194,1207,92,65,EPSG:4326
324,Lookalike,A:\SIH26143_DATA\OFFICIAL_DATASET\PART_III_TEST\Images\Lookalike\00024.tif,C:\SlickTrace\outputs\part_iii_predictions\prediction_0324.tif,6,1388,0.10215308241371361,385.47982708933716,1660.636167146974,10.083978902983677,42.55386412175167,336,1646,83,30,EPSG:4326
324,Lookalike,A:\SIH26143_DATA\OFFICIAL_DATASET\PART_III_TEST\Images\Lookalike\00024.tif,C:\SlickTrace\outputs\part_iii_predictions\prediction_0324.tif,7,2114,0.15558473791252925,403.6844843897824,1753.263008514664,10.085614255173192,42.54554331101964,386,1691,34,116,EPSG:4326
324,Lookalike,A:\SIH26143_DATA\OFFICIAL_DATASET\PART_III_TEST\Images\Lookalike\00024.tif,C:\SlickTrace\outputs\part_iii_predictions\prediction_0324.tif,8,2062,0.15175767718809616,83.25363724539282,1714.7473326867118,10.056829462423876,42.54900323304708,37,1696,98,39,EPSG:4326
324,Lookalike,A:\SIH26143_DATA\OFFICIAL_DATASET\PART_III_TEST\Images\Lookalike\00024.tif,C:\SlickTrace\outputs\part_iii_predictions\prediction_0324.tif,9,691,0.050855749241985666,417.70477568740955,1824.8176555716352,10.086873719369239,42.539115447709534,406,1804,25,40,EPSG:4326
324,Lookalike,A:\SIH26143_DATA\OFFICIAL_DATASET\PART_III_TEST\Images\Lookalike\00024.tif,C:\SlickTrace\outputs\part_iii_predictions\prediction_0324.tif,10,4218,0.31043350260882135,441.5184921763869,1979.8897581792319,10.089012941918613,42.52518508371824,364,1889,134,157,EPSG:4326
326,Lookalike,A:\SIH26143_DATA\OFFICIAL_DATASET\PART_III_TEST\Images\Lookalike\00026.tif,C:\SlickTrace\outputs\part_iii_predictions\prediction_0326.tif,1,912,0.0862648718408895,1960.4868421052631,1050.8826754385964,38.656801508274505,18.934211791669473,1950,1020,22,64,EPSG:4326
326,Lookalike,A:\SIH26143_DATA\OFFICIAL_DATASET\PART_III_TEST\Images\Lookalike\00026.tif,C:\SlickTrace\outputs\part_iii_predictions\prediction_0326.tif,2,1008,0.0953453846662463,1950.4712301587301,1127.3005952380952,38.655901790545364,18.927347053135822,1938,1098,25,57,EPSG:4326
326,Lookalike,A:\SIH26143_DATA\OFFICIAL_DATASET\PART_III_TEST\Images\Lookalike\00026.tif,C:\SlickTrace\outputs\part_iii_predictions\prediction_0326.tif,3,4441,0.4200683068480157,1870.256023418149,1176.327403737897,38.64869593592198,18.922942899995125,1821,1118,104,128,EPSG:4326
326,Lookalike,A:\SIH26143_DATA\OFFICIAL_DATASET\PART_III_TEST\Images\Lookalike\00026.tif,C:\SlickTrace\outputs\part_iii_predictions\prediction_0326.tif,4,1411,0.133464620797692,1745.3812898653437,1154.5180722891566,38.6374782477469,18.92490206557281,1721,1121,48,65,EPSG:4326
326,Lookalike,A:\SIH26143_DATA\OFFICIAL_DATASET\PART_III_TEST\Images\Lookalike\00026.tif,C:\SlickTrace\outputs\part_iii_predictions\prediction_0326.tif,5,517,0.04890234511155688,1776.3075435203095,1183.5435203094778,38.64025640038078,18.922294665214302,1765,1171,25,27,EPSG:4326
326,Lookalike,A:\SIH26143_DATA\OFFICIAL_DATASET\PART_III_TEST\Images\Lookalike\00026.tif,C:\SlickTrace\outputs\part_iii_predictions\prediction_0326.tif,6,1561,0.14765292208731198,1681.7725816784114,1235.745675848815,38.63176418027015,18.917605265795803,1665,1181,34,113,EPSG:4326
326,Lookalike,A:\SIH26143_DATA\OFFICIAL_DATASET\PART_III_TEST\Images\Lookalike\00026.tif,C:\SlickTrace\outputs\part_iii_predictions\prediction_0326.tif,7,742,0.07018479704598686,1831.0687331536387,1208.0,38.6451756817432,18.920097702264126,1810,1194,42,29,EPSG:4326
326,Lookalike,A:\SIH26143_DATA\OFFICIAL_DATASET\PART_III_TEST\Images\Lookalike\00026.tif,C:\SlickTrace\outputs\part_iii_predictions\prediction_0326.tif,8,864,0.08172461542821112,2040.3784722222222,1263.3055555555557,38.663978295515236,18.9151295196789,2030,1218,18,81,EPSG:4326
326,Lookalike,A:\SIH26143_DATA\OFFICIAL_DATASET\PART_III_TEST\Images\Lookalike\00026.tif,C:\SlickTrace\outputs\part_iii_predictions\prediction_0326.tif,9,1477,0.1397074733651248,672.0941096817874,1299.0230196343941,38.54106321992605,18.911920965289696,639,1259,60,80,EPSG:4326
326,Lookalike,A:\SIH26143_DATA\OFFICIAL_DATASET\PART_III_TEST\Images\Lookalike\00026.tif,C:\SlickTrace\outputs\part_iii_predictions\prediction_0326.tif,10,5432,0.5138056840347718,1783.0682989690722,1330.3646907216496,38.64086372937596,18.909105495072943,1721,1260,110,136,EPSG:4326
326,Lookalike,A:\SIH26143_DATA\OFFICIAL_DATASET\PART_III_TEST\Images\Lookalike\00026.tif,C:\SlickTrace\outputs\part_iii_predictions\prediction_0326.tif,11,595,0.05628026178215927,726.3848739495799,1292.6840336134453,38.54594024225888,18.91249040609254,715,1275,33,35,EPSG:4326
326,Lookalike,A:\SIH26143_DATA\OFFICIAL_DATASET\PART_III_TEST\Images\Lookalike\00026.tif,C:\SlickTrace\outputs\part_iii_predictions\prediction_0326.tif,12,1355,0.12816765498290053,432.7468634686347,1304.1084870848708,38.51956229097753,18.911464129975933,391,1288,86,39,EPSG:4326
326,Lookalike,A:\SIH26143_DATA\OFFICIAL_DATASET\PART_III_TEST\Images\Lookalike\00026.tif,C:\SlickTrace\outputs\part_iii_predictions\prediction_0326.tif,13,5115,0.4838210739760415,566.0494623655914,1359.9333333333334,38.53153706717773,18.90644929871407,484,1325,150,71,EPSG:4326
326,Lookalike,A:\SIH26143_DATA\OFFICIAL_DATASET\PART_III_TEST\Images\Lookalike\00026.tif,C:\SlickTrace\outputs\part_iii_predictions\prediction_0326.tif,14,3376,0.3193313676917138,520.5068127962086,1463.9688981042655,38.52744590135899,18.897103624921495,487,1396,71,129,EPSG:4326
326,Lookalike,A:\SIH26143_DATA\OFFICIAL_DATASET\PART_III_TEST\Images\Lookalike\00026.tif,C:\SlickTrace\outputs\part_iii_predictions\prediction_0326.tif,15,2087,0.19740656527624606,1824.4480114997605,1443.0215620507906,38.64458093219784,18.898985356135338,1795,1398,56,74,EPSG:4326
326,Lookalike,A:\SIH26143_DATA\OFFICIAL_DATASET\PART_III_TEST\Images\Lookalike\00026.tif,C:\SlickTrace\outputs\part_iii_predictions\prediction_0326.tif,16,504,0.04767269233312315,332.62103174603175,1413.8313492063492,38.510567834480376,18.901607557569825,318,1401,32,27,EPSG:4326
326,Lookalike,A:\SIH26143_DATA\OFFICIAL_DATASET\PART_III_TEST\Images\Lookalike\00026.tif,C:\SlickTrace\outputs\part_iii_predictions\prediction_0326.tif,17,621,0.05873956733902674,301.341384863124,1420.2125603864733,38.5077579359927,18.901034323616393,288,1407,28,32,EPSG:4326
326,Lookalike,A:\SIH26143_DATA\OFFICIAL_DATASET\PART_III_TEST\Images\Lookalike\00026.tif,C:\SlickTrace\outputs\part_iii_predictions\prediction_0326.tif,18,761,0.0719819818760054,816.5137976346912,1442.9960578186597,38.55403666122764,18.898987647219492,799,1426,35,31,EPSG:4326
326,Lookalike,A:\SIH26143_DATA\OFFICIAL_DATASET\PART_III_TEST\Images\Lookalike\00026.tif,C:\SlickTrace\outputs\part_iii_predictions\prediction_0326.tif,19,2836,0.26825348304908186,1538.7126234132581,1509.0193935119887,38.61891288556465,18.893056670063306,1493,1438,104,132,EPSG:4326
326,Lookalike,A:\SIH26143_DATA\OFFICIAL_DATASET\PART_III_TEST\Images\Lookalike\00026.tif,C:\SlickTrace\outputs\part_iii_predictions\prediction_0326.tif,20,790,0.07472505345866526,1887.4481012658227,1470.7101265822785,38.65024032655161,18.896498050063943,1871,1453,36,39,EPSG:4326
326,Lookalike,A:\SIH26143_DATA\OFFICIAL_DATASET\PART_III_TEST\Images\Lookalike\00026.tif,C:\SlickTrace\outputs\part_iii_predictions\prediction_0326.tif,21,727,0.06876596691702486,1764.4855570839065,1480.847317744154,38.63919441327033,18.895587410688066,1748,1465,34,33,EPSG:4326
326,Lookalike,A:\SIH26143_DATA\OFFICIAL_DATASET\PART_III_TEST\Images\Lookalike\00026.tif,C:\SlickTrace\outputs\part_iii_predictions\prediction_0326.tif,22,1052,0.09950728637786817,1473.0294676806084,1494.536121673004,38.61301246729426,18.894357724509007,1446,1475,59,39,EPSG:4326
326,Lookalike,A:\SIH26143_DATA\OFFICIAL_DATASET\PART_III_TEST\Images\Lookalike\00026.tif,C:\SlickTrace\outputs\part_iii_predictions\prediction_0326.tif,23,2506,0.2370392202119179,1931.3280127693536,1554.51316839585,38.654182126068555,18.88896989473226,1899,1524,62,73,EPSG:4326
326,Lookalike,A:\SIH26143_DATA\OFFICIAL_DATASET\PART_III_TEST\Images\Lookalike\00026.tif,C:\SlickTrace\outputs\part_iii_predictions\prediction_0326.tif,24,1800,0.17025961547543983,590.1505555555556,1567.7672222222222,38.53370210521538,18.887779262819382,560,1543,66,48,EPSG:4326
326,Lookalike,A:\SIH26143_DATA\OFFICIAL_DATASET\PART_III_TEST\Images\Lookalike\00026.tif,C:\SlickTrace\outputs\part_iii_predictions\prediction_0326.tif,25,2993,0.2831039050655508,1409.0481122619444,1603.4420314066153,38.607264924347135,18.88457454018454,1329,1573,161,55,EPSG:4326
326,Lookalike,A:\SIH26143_DATA\OFFICIAL_DATASET\PART_III_TEST\Images\Lookalike\00026.tif,C:\SlickTrace\outputs\part_iii_predictions\prediction_0326.tif,26,1166,0.11029039535797935,475.32504288164665,1594.1089193825044,38.5233871539112,18.88541294790251,449,1580,54,36,EPSG:4326
326,Lookalike,A:\SIH26143_DATA\OFFICIAL_DATASET\PART_III_TEST\Images\Lookalike\00026.tif,C:\SlickTrace\outputs\part_iii_predictions\prediction_0326.tif,27,877,0.08295426820664485,1804.4458380843785,1608.224629418472,38.642784106388376,18.88414491209536,1788,1583,42,53,EPSG:4326
326,Lookalike,A:\SIH26143_DATA\OFFICIAL_DATASET\PART_III_TEST\Images\Lookalike\00026.tif,C:\SlickTrace\outputs\part_iii_predictions\prediction_0326.tif,28,580,0.054861431653197276,1730.6482758620689,1612.4706896551725,38.636154758580865,18.883763482014565,1715,1599,32,28,EPSG:4326
326,Lookalike,A:\SIH26143_DATA\OFFICIAL_DATASET\PART_III_TEST\Images\Lookalike\00026.tif,C:\SlickTrace\outputs\part_iii_predictions\prediction_0326.tif,29,40829,3.8619610223592957,704.1977026133386,1791.992309387935,38.54394713474661,18.867636780530983,462,1620,425,428,EPSG:4326
326,Lookalike,A:\SIH26143_DATA\OFFICIAL_DATASET\PART_III_TEST\Images\Lookalike\00026.tif,C:\SlickTrace\outputs\part_iii_predictions\prediction_0326.tif,30,1263,0.11946549685860028,535.6128266033254,1679.3832145684878,38.52880289766749,18.8777526276317,506,1651,61,53,EPSG:4326
326,Lookalike,A:\SIH26143_DATA\OFFICIAL_DATASET\PART_III_TEST\Images\Lookalike\00026.tif,C:\SlickTrace\outputs\part_iii_predictions\prediction_0326.tif,31,1972,0.18652886762087073,1548.1267748478701,1694.4264705882354,38.61975857317672,18.876401268951152,1514,1656,63,72,EPSG:4326
326,Lookalike,A:\SIH26143_DATA\OFFICIAL_DATASET\PART_III_TEST\Images\Lookalike\00026.tif,C:\SlickTrace\outputs\part_iii_predictions\prediction_0326.tif,32,2132,0.20166305566313206,370.34333958724204,1689.0215759849907,38.51395648704898,18.87688679889427,314,1660,113,58,EPSG:4326
326,Lookalike,A:\SIH26143_DATA\OFFICIAL_DATASET\PART_III_TEST\Images\Lookalike\00026.tif,C:\SlickTrace\outputs\part_iii_predictions\prediction_0326.tif,33,10012,0.9470218167445019,1729.6019776268479,1779.8855373551737,38.63606076801122,18.86872435036682,1687,1695,103,177,EPSG:4326
326,Lookalike,A:\SIH26143_DATA\OFFICIAL_DATASET\PART_III_TEST\Images\Lookalike\00026.tif,C:\SlickTrace\outputs\part_iii_predictions\prediction_0326.tif,34,1077,0.10187200325947149,613.8207985143919,1727.9647168059425,38.53582843931826,18.87338847703316,599,1697,36,56,EPSG:4326
326,Lookalike,A:\SIH26143_DATA\OFFICIAL_DATASET\PART_III_TEST\Images\Lookalike\00026.tif,C:\SlickTrace\outputs\part_iii_predictions\prediction_0326.tif,35,594,0.056185673106895144,583.0521885521886,1710.6245791245792,38.53306444805825,18.87494616810395,567,1699,32,25,EPSG:4326
326,Lookalike,A:\SIH26143_DATA\OFFICIAL_DATASET\PART_III_TEST\Images\Lookalike\00026.tif,C:\SlickTrace\outputs\part_iii_predictions\prediction_0326.tif,36,15848,1.4990413255859836,1111.0615219586068,1925.2496845027763,38.58049633349392,18.85566606685225,1061,1712,120,336,EPSG:4326
326,Lookalike,A:\SIH26143_DATA\OFFICIAL_DATASET\PART_III_TEST\Images\Lookalike\00026.tif,C:\SlickTrace\outputs\part_iii_predictions\prediction_0326.tif,37,1182,0.11180381416220549,992.7072758037225,1770.7055837563453,38.56986439066778,18.869548999629355,979,1739,26,67,EPSG:4326
326,Lookalike,A:\SIH26143_DATA\OFFICIAL_DATASET\PART_III_TEST\Images\Lookalike\00026.tif,C:\SlickTrace\outputs\part_iii_predictions\prediction_0326.tif,38,697,0.06592830665910086,828.6614060258249,1768.9670014347203,38.55512789945597,18.869705179136574,809,1752,38,35,EPSG:4326
326,Lookalike,A:\SIH26143_DATA\OFFICIAL_DATASET\PART_III_TEST\Images\Lookalike\00026.tif,C:\SlickTrace\outputs\part_iii_predictions\prediction_0326.tif,39,815,0.07708977034026859,1057.7423312883436,1785.5447852760735,38.575706589102325,18.868215971476424,1047,1761,24,52,EPSG:4326
326,Lookalike,A:\SIH26143_DATA\OFFICIAL_DATASET\PART_III_TEST\Images\Lookalike\00026.tif,C:\SlickTrace\outputs\part_iii_predictions\prediction_0326.tif,40,612,0.05788826926164954,380.61601307189545,1778.3970588235295,38.51487929700898,18.868858062668327,367,1764,31,28,EPSG:4326
326,Lookalike,A:\SIH26143_DATA\OFFICIAL_DATASET\PART_III_TEST\Images\Lookalike\00026.tif,C:\SlickTrace\outputs\part_iii_predictions\prediction_0326.tif,41,559,0.05287506947265048,325.0500894454383,1856.4347048300538,38.509887725161995,18.86184782165389,311,1842,33,29,EPSG:4326
326,Lookalike,A:\SIH26143_DATA\OFFICIAL_DATASET\PART_III_TEST\Images\Lookalike\00026.tif,C:\SlickTrace\outputs\part_iii_predictions\prediction_0326.tif,42,3216,0.3041971796494525,542.3802860696518,1870.6330845771145,38.52941082889482,18.86057235950024,483,1843,112,54,EPSG:4326
326,Lookalike,A:\SIH26143_DATA\OFFICIAL_DATASET\PART_III_TEST\Images\Lookalike\00026.tif,C:\SlickTrace\outputs\part_iii_predictions\prediction_0326.tif,43,564,0.053348012848971144,213.31028368794327,1877.0124113475176,38.499849967626346,18.859999294826213,201,1860,25,34,EPSG:4326
326,Lookalike,A:\SIH26143_DATA\OFFICIAL_DATASET\PART_III_TEST\Images\Lookalike\00026.tif,C:\SlickTrace\outputs\part_iii_predictions\prediction_0326.tif,44,1504,0.14226136759725638,885.281914893617,1897.4521276595744,38.56021420630702,18.858163163869595,857,1861,59,71,EPSG:4326
326,Lookalike,A:\SIH26143_DATA\OFFICIAL_DATASET\PART_III_TEST\Images\Lookalike\00026.tif,C:\SlickTrace\outputs\part_iii_predictions\prediction_0326.tif,45,867,0.08200838145400352,449.4405997693195,1894.7762399077278,38.52106191482433,18.8584035429562,433,1873,39,46,EPSG:4326
326,Lookalike,A:\SIH26143_DATA\OFFICIAL_DATASET\PART_III_TEST\Images\Lookalike\00026.tif,C:\SlickTrace\outputs\part_iii_predictions\prediction_0326.tif,46,1858,0.17574575864075956,1165.2335844994618,1911.0435952637245,38.58536269266919,18.85694222156135,1145,1879,44,62,EPSG:4326
326,Lookalike,A:\SIH26143_DATA\OFFICIAL_DATASET\PART_III_TEST\Images\Lookalike\00026.tif,C:\SlickTrace\outputs\part_iii_predictions\prediction_0326.tif,47,525,0.04965905451366995,1693.2438095238094,1898.672380952381,38.63279465820027,18.858053546651252,1682,1885,25,30,EPSG:4326
326,Lookalike,A:\SIH26143_DATA\OFFICIAL_DATASET\PART_III_TEST\Images\Lookalike\00026.tif,C:\SlickTrace\outputs\part_iii_predictions\prediction_0326.tif,48,952,0.09004841885145484,250.53991596638656,1921.5945378151262,38.50319436239613,18.855994414265773,231,1898,39,49,EPSG:4326
326,Lookalike,A:\SIH26143_DATA\OFFICIAL_DATASET\PART_III_TEST\Images\Lookalike\00026.tif,C:\SlickTrace\outputs\part_iii_predictions\prediction_0326.tif,49,702,0.06640125003542154,596.2649572649573,1914.4472934472935,38.534251371266265,18.85663646215127,575,1902,38,27,EPSG:4326
326,Lookalike,A:\SIH26143_DATA\OFFICIAL_DATASET\PART_III_TEST\Images\Lookalike\00026.tif,C:\SlickTrace\outputs\part_iii_predictions\prediction_0326.tif,50,7147,0.6760252621127603,472.41415978732334,1996.6592976073878,38.52312566483381,18.84925123216376,414,1916,109,132,EPSG:4326
326,Lookalike,A:\SIH26143_DATA\OFFICIAL_DATASET\PART_III_TEST\Images\Lookalike\00026.tif,C:\SlickTrace\outputs\part_iii_predictions\prediction_0326.tif,51,5675,0.5367907321239561,1001.6505726872247,1987.0602643171806,38.57066778069587,18.850113527995493,956,1936,85,112,EPSG:4326
326,Lookalike,A:\SIH26143_DATA\OFFICIAL_DATASET\PART_III_TEST\Images\Lookalike\00026.tif,C:\SlickTrace\outputs\part_iii_predictions\prediction_0326.tif,52,1975,0.18681263364666315,1534.4445569620252,2008.0121518987341,38.61852947863197,18.84823138791093,1505,1960,60,88,EPSG:4326
326,Lookalike,A:\SIH26143_DATA\OFFICIAL_DATASET\PART_III_TEST\Images\Lookalike\00026.tif,C:\SlickTrace\outputs\part_iii_predictions\prediction_0326.tif,53,5184,0.4903476925692667,256.7818287037037,2012.4168595679012,38.50375508295754,18.847835706288798,193,1962,115,86,EPSG:4326
326,Lookalike,A:\SIH26143_DATA\OFFICIAL_DATASET\PART_III_TEST\Images\Lookalike\00026.tif,C:\SlickTrace\outputs\part_iii_predictions\prediction_0326.tif,54,3000,0.2837660257923997,708.5476666666667,2004.1703333333332,38.54433789866606,18.84857650434454,673,1970,66,78,EPSG:4326
326,Lookalike,A:\SIH26143_DATA\OFFICIAL_DATASET\PART_III_TEST\Images\Lookalike\00026.tif,C:\SlickTrace\outputs\part_iii_predictions\prediction_0326.tif,55,507,0.04795645835891555,1640.3333333333333,2029.2366863905324,38.62804162925507,18.846324755537697,1627,2013,27,34,EPSG:4326
327,Lookalike,A:\SIH26143_DATA\OFFICIAL_DATASET\PART_III_TEST\Images\Lookalike\00027.tif,C:\SlickTrace\outputs\part_iii_predictions\prediction_0327.tif,1,15319,1.1367284825778143,869.4109276062406,296.84633461714213,10.127451173389188,42.16056281069907,745,91,229,379,EPSG:4326
327,Lookalike,A:\SIH26143_DATA\OFFICIAL_DATASET\PART_III_TEST\Images\Lookalike\00027.tif,C:\SlickTrace\outputs\part_iii_predictions\prediction_0327.tif,2,42309,3.1394898733197167,235.9498451866033,414.8498191874069,10.070546396165943,42.14996237732219,80,224,358,310,EPSG:4326
327,Lookalike,A:\SIH26143_DATA\OFFICIAL_DATASET\PART_III_TEST\Images\Lookalike\00027.tif,C:\SlickTrace\outputs\part_iii_predictions\prediction_0327.tif,3,14732,1.0931708339536759,813.446307358132,403.6499456964431,10.122423786015307,42.1509684790759,716,283,230,264,EPSG:4326
327,Lookalike,A:\SIH26143_DATA\OFFICIAL_DATASET\PART_III_TEST\Images\Lookalike\00027.tif,C:\SlickTrace\outputs\part_iii_predictions\prediction_0327.tif,4,1460,0.10833759283005476,494.8404109589041,413.8205479452055,10.093802931380704,42.15005483833102,470,392,54,45,EPSG:4326
327,Lookalike,A:\SIH26143_DATA\OFFICIAL_DATASET\PART_III_TEST\Images\Lookalike\00027.tif,C:\SlickTrace\outputs\part_iii_predictions\prediction_0327.tif,5,614,0.04556115205318741,523.7377850162867,460.0521172638436,10.096398826659371,42.14590178579825,511,442,31,41,EPSG:4326
327,Lookalike,A:\SIH26143_DATA\OFFICIAL_DATASET\PART_III_TEST\Images\Lookalike\00027.tif,C:\SlickTrace\outputs\part_iii_predictions\prediction_0327.tif,6,638,0.04734204399011982,23.352664576802507,465.39811912225707,10.051448466495692,42.14542154628042,9,449,32,30,EPSG:4326
327,Lookalike,A:\SIH26143_DATA\OFFICIAL_DATASET\PART_III_TEST\Images\Lookalike\00027.tif,C:\SlickTrace\outputs\part_iii_predictions\prediction_0327.tif,7,3278,0.2432401570526846,1212.2989627821842,526.3294691885296,10.158253329663216,42.13994798997576,1184,467,63,129,EPSG:4326
327,Lookalike,A:\SIH26143_DATA\OFFICIAL_DATASET\PART_III_TEST\Images\Lookalike\00027.tif,C:\SlickTrace\outputs\part_iii_predictions\prediction_0327.tif,8,1542,0.11442230694790714,962.7418936446173,571.1154345006485,10.13583523671658,42.13592479826037,932,547,60,54,EPSG:4326
329,Lookalike,A:\SIH26143_DATA\OFFICIAL_DATASET\PART_III_TEST\Images\Lookalike\00029.tif,C:\SlickTrace\outputs\part_iii_predictions\prediction_0329.tif,1,1754,0.17342838502699312,659.5376282782212,211.69954389965793,114.99344422872595,-8.529368680234755,629,186,58,49,EPSG:4326
329,Lookalike,A:\SIH26143_DATA\OFFICIAL_DATASET\PART_III_TEST\Images\Lookalike\00029.tif,C:\SlickTrace\outputs\part_iii_predictions\prediction_0329.tif,2,38127,3.769842665863265,1174.5610722060483,722.1592834474258,115.03970957186198,-8.575224058831099,1042,550,323,297,EPSG:4326
329,Lookalike,A:\SIH26143_DATA\OFFICIAL_DATASET\PART_III_TEST\Images\Lookalike\00029.tif,C:\SlickTrace\outputs\part_iii_predictions\prediction_0329.tif,3,601,0.05942443523444862,1256.3843594009984,862.3843594009984,115.04705988281039,-8.587820691725689,1247,841,20,42,EPSG:4326
329,Lookalike,A:\SIH26143_DATA\OFFICIAL_DATASET\PART_III_TEST\Images\Lookalike\00029.tif,C:\SlickTrace\outputs\part_iii_predictions\prediction_0329.tif,4,4923,0.4867662140751922,1506.337395896811,976.9867966686979,115.06951354611002,-8.598115603825182,1459,935,98,89,EPSG:4326
329,Lookalike,A:\SIH26143_DATA\OFFICIAL_DATASET\PART_III_TEST\Images\Lookalike\00029.tif,C:\SlickTrace\outputs\part_iii_predictions\prediction_0329.tif,5,1549,0.1531588189320481,1597.0045190445448,1045.760490639122,115.07765831235909,-8.604293649869081,1574,1019,50,57,EPSG:4326
329,Lookalike,A:\SIH26143_DATA\OFFICIAL_DATASET\PART_III_TEST\Images\Lookalike\00029.tif,C:\SlickTrace\outputs\part_iii_predictions\prediction_0329.tif,6,1722,0.1702643551975383,1638.0418118466898,1098.1730545876887,115.0813447550934,-8.60900195059657,1615,1069,45,59,EPSG:4326
329,Lookalike,A:\SIH26143_DATA\OFFICIAL_DATASET\PART_III_TEST\Images\Lookalike\00029.tif,C:\SlickTrace\outputs\part_iii_predictions\prediction_0329.tif,7,749,0.07405807319567723,1658.1188251001336,1190.0761014686248,115.08314830387991,-8.6172577417636,1644,1174,32,32,EPSG:4326
329,Lookalike,A:\SIH26143_DATA\OFFICIAL_DATASET\PART_III_TEST\Images\Lookalike\00029.tif,C:\SlickTrace\outputs\part_iii_predictions\prediction_0329.tif,8,20220,1.9992713484867737,1724.8477744807121,1395.3949554896142,115.08914266739208,-8.635701848232095,1578,1308,254,200,EPSG:4326
329,Lookalike,A:\SIH26143_DATA\OFFICIAL_DATASET\PART_III_TEST\Images\Lookalike\00029.tif,C:\SlickTrace\outputs\part_iii_predictions\prediction_0329.tif,9,1910,0.18885303044558543,1937.9612565445027,1529.9036649214659,115.10828697721107,-8.647784971185079,1899,1503,86,66,EPSG:4326
329,Lookalike,A:\SIH26143_DATA\OFFICIAL_DATASET\PART_III_TEST\Images\Lookalike\00029.tif,C:\SlickTrace\outputs\part_iii_predictions\prediction_0329.tif,10,4159,0.41122500189695804,1968.5739360423179,1672.2914162058187,115.11103696099914,-8.660575880510093,1931,1618,80,124,EPSG:4326
330,Lookalike,A:\SIH26143_DATA\OFFICIAL_DATASET\PART_III_TEST\Images\Lookalike\00030.tif,C:\SlickTrace\outputs\part_iii_predictions\prediction_0330.tif,1,62536,5.817008824444882,1393.3355986951517,1285.4485576308045,39.14623170701466,21.514072834001254,1207,1054,352,471,EPSG:4326
330,Lookalike,A:\SIH26143_DATA\OFFICIAL_DATASET\PART_III_TEST\Images\Lookalike\00030.tif,C:\SlickTrace\outputs\part_iii_predictions\prediction_0330.tif,2,514,0.04781154112454696,1212.8696498054476,1152.5019455252918,39.13002017499958,21.526015631363883,1201,1141,26,25,EPSG:4326
330,Lookalike,A:\SIH26143_DATA\OFFICIAL_DATASET\PART_III_TEST\Images\Lookalike\00030.tif,C:\SlickTrace\outputs\part_iii_predictions\prediction_0330.tif,3,627,0.05832263868694737,1579.5247208931419,1475.5709728867623,39.16295736043538,21.49699384685344,1560,1456,50,39,EPSG:4326
330,Lookalike,A:\SIH26143_DATA\OFFICIAL_DATASET\PART_III_TEST\Images\Lookalike\00030.tif,C:\SlickTrace\outputs\part_iii_predictions\prediction_0330.tif,4,1862,0.17320056337335885,1608.6433941997852,1992.7013963480128,39.16557313536384,21.450539230525596,1583,1965,53,55,EPSG:4326
331,Lookalike,A:\SIH26143_DATA\OFFICIAL_DATASET\PART_III_TEST\Images\Lookalike\00031.tif,C:\SlickTrace\outputs\part_iii_predictions\prediction_0331.tif,1,10049,0.9359026284007068,1637.9576077221614,226.5959796994726,39.16820647596875,21.42845014427491,1562,143,130,139,EPSG:4326
331,Lookalike,A:\SIH26143_DATA\OFFICIAL_DATASET\PART_III_TEST\Images\Lookalike\00031.tif,C:\SlickTrace\outputs\part_iii_predictions\prediction_0331.tif,2,502,0.046753221162021574,1735.519920318725,304.12948207171314,39.17697064762471,21.42148519125368,1725,288,22,32,EPSG:4326
331,Lookalike,A:\SIH26143_DATA\OFFICIAL_DATASET\PART_III_TEST\Images\Lookalike\00031.tif,C:\SlickTrace\outputs\part_iii_predictions\prediction_0331.tif,3,2935,0.2733480161564409,1639.6412265758092,335.750936967632,39.168357718023636,21.41864458762977,1596,303,85,81,EPSG:4326
331,Lookalike,A:\SIH26143_DATA\OFFICIAL_DATASET\PART_III_TEST\Images\Lookalike\00031.tif,C:\SlickTrace\outputs\part_iii_predictions\prediction_0331.tif,4,32677,3.043336669146173,1691.544021789026,596.0226152951617,39.17302022544649,21.395263984963265,1476,399,387,380,EPSG:4326
331,Lookalike,A:\SIH26143_DATA\OFFICIAL_DATASET\PART_III_TEST\Images\Lookalike\00031.tif,C:\SlickTrace\outputs\part_iii_predictions\prediction_0331.tif,5,1305,0.12153974823991665,1698.7931034482758,447.75785440613026,39.17367142153153,21.408582835043557,1677,421,41,63,EPSG:4326
331,Lookalike,A:\SIH26143_DATA\OFFICIAL_DATASET\PART_III_TEST\Images\Lookalike\00031.tif,C:\SlickTrace\outputs\part_iii_predictions\prediction_0331.tif,6,736,0.06854655532917904,1495.6385869565217,487.9986413043478,39.155421740811285,21.404967943651993,1474,459,40,62,EPSG:4326
331,Lookalike,A:\SIH26143_DATA\OFFICIAL_DATASET\PART_III_TEST\Images\Lookalike\00031.tif,C:\SlickTrace\outputs\part_iii_predictions\prediction_0331.tif,7,505,0.04703262288211334,1648.7465346534655,497.5881188118812,39.16917566176492,21.404106506230818,1635,485,29,26,EPSG:4326
331,Lookalike,A:\SIH26143_DATA\OFFICIAL_DATASET\PART_III_TEST\Images\Lookalike\00031.tif,C:\SlickTrace\outputs\part_iii_predictions\prediction_0331.tif,8,762,0.07096803690330765,1693.265091863517,512.1574803149606,39.17317483180179,21.40279771821901,1681,490,28,42,EPSG:4326
331,Lookalike,A:\SIH26143_DATA\OFFICIAL_DATASET\PART_III_TEST\Images\Lookalike\00031.tif,C:\SlickTrace\outputs\part_iii_predictions\prediction_0331.tif,9,515,0.04796396194908588,1587.514563106796,511.9300970873786,39.1636751001732,21.40281814440188,1575,498,24,32,EPSG:4326
331,Lookalike,A:\SIH26143_DATA\OFFICIAL_DATASET\PART_III_TEST\Images\Lookalike\00031.tif,C:\SlickTrace\outputs\part_iii_predictions\prediction_0331.tif,10,4265,0.3972161120637889,1587.0855803048066,589.2393903868699,39.16363656399243,21.395873332424337,1545,537,73,95,EPSG:4326
331,Lookalike,A:\SIH26143_DATA\OFFICIAL_DATASET\PART_III_TEST\Images\Lookalike\00031.tif,C:\SlickTrace\outputs\part_iii_predictions\prediction_0331.tif,11,615,0.05727735261881129,1755.0780487804877,675.4227642276422,39.178727584197304,21.388131348228523,1743,658,26,35,EPSG:4326
331,Lookalike,A:\SIH26143_DATA\OFFICIAL_DATASET\PART_III_TEST\Images\Lookalike\00031.tif,C:\SlickTrace\outputs\part_iii_predictions\prediction_0331.tif,12,1216,0.11325083054386102,1502.109375,757.6463815789474,39.15600302159126,21.380745075010296,1475,739,51,41,EPSG:4326
331,Lookalike,A:\SIH26143_DATA\OFFICIAL_DATASET\PART_III_TEST\Images\Lookalike\00031.tif,C:\SlickTrace\outputs\part_iii_predictions\prediction_0331.tif,13,1320,0.12293675684037546,1471.069696969697,795.9522727272728,39.15321467987238,21.377303998261258,1441,779,62,34,EPSG:4326
331,Lookalike,A:\SIH26143_DATA\OFFICIAL_DATASET\PART_III_TEST\Images\Lookalike\00031.tif,C:\SlickTrace\outputs\part_iii_predictions\prediction_0331.tif,14,2795,0.2603092692188253,1526.698747763864,849.0279069767441,39.158211922529325,21.372536132915197,1486,790,74,89,EPSG:4326
331,Lookalike,A:\SIH26143_DATA\OFFICIAL_DATASET\PART_III_TEST\Images\Lookalike\00031.tif,C:\SlickTrace\outputs\part_iii_predictions\prediction_0331.tif,15,1181,0.10999114380945713,1626.381033022862,833.3099068585944,39.16716653456974,21.37394810488939,1610,804,41,67,EPSG:4326
332,Lookalike,A:\SIH26143_DATA\OFFICIAL_DATASET\PART_III_TEST\Images\Lookalike\00032.tif,C:\SlickTrace\outputs\part_iii_predictions\prediction_0332.tif,1,876,0.08168553192681373,1232.5216894977168,155.81392694063928,39.131785547761545,21.254067569093525,1221,124,26,60,EPSG:4326
332,Lookalike,A:\SIH26143_DATA\OFFICIAL_DATASET\PART_III_TEST\Images\Lookalike\00032.tif,C:\SlickTrace\outputs\part_iii_predictions\prediction_0332.tif,2,860,0.08019355874093585,1626.143023255814,686.8953488372093,39.16714515378859,21.206359713253363,1602,665,41,42,EPSG:4326
332,Lookalike,A:\SIH26143_DATA\OFFICIAL_DATASET\PART_III_TEST\Images\Lookalike\00032.tif,C:\SlickTrace\outputs\part_iii_predictions\prediction_0332.tif,3,1645,0.15339349317306916,1629.7848024316108,760.3306990881459,39.16747230037809,21.199762903500854,1603,738,56,49,EPSG:4326
332,Lookalike,A:\SIH26143_DATA\OFFICIAL_DATASET\PART_III_TEST\Images\Lookalike\00032.tif,C:\SlickTrace\outputs\part_iii_predictions\prediction_0332.tif,4,1090,0.10164067328793033,1615.6238532110092,849.2174311926606,39.16620020066584,21.191778072500362,1593,823,44,51,EPSG:4326
332,Lookalike,A:\SIH26143_DATA\OFFICIAL_DATASET\PART_III_TEST\Images\Lookalike\00032.tif,C:\SlickTrace\outputs\part_iii_predictions\prediction_0332.tif,5,586,0.054643517932777226,1647.2918088737201,930.6638225255973,39.1690449815247,21.184461618683287,1632,916,29,28,EPSG:4326
332,Lookalike,A:\SIH26143_DATA\OFFICIAL_DATASET\PART_III_TEST\Images\Lookalike\00032.tif,C:\SlickTrace\outputs\part_iii_predictions\prediction_0332.tif,6,704,0.06564682017862657,1818.3068181818182,1099.309659090909,39.184407521192234,21.169311905424312,1791,1087,55,32,EPSG:4326
332,Lookalike,A:\SIH26143_DATA\OFFICIAL_DATASET\PART_III_TEST\Images\Lookalike\00032.tif,C:\SlickTrace\outputs\part_iii_predictions\prediction_0332.tif,7,594,0.055389504525716164,1752.3181818181818,1262.3316498316499,39.17847966112986,21.154667390831314,1741,1246,25,33,EPSG:4326
332,Lookalike,A:\SIH26143_DATA\OFFICIAL_DATASET\PART_III_TEST\Images\Lookalike\00032.tif,C:\SlickTrace\outputs\part_iii_predictions\prediction_0332.tif,8,22467,2.0950100979448907,1844.104330796279,1385.3336003916856,39.18672495117961,21.143617937614852,1743,1288,190,216,EPSG:4326
332,Lookalike,A:\SIH26143_DATA\OFFICIAL_DATASET\PART_III_TEST\Images\Lookalike\00032.tif,C:\SlickTrace\outputs\part_iii_predictions\prediction_0332.tif,9,541,0.0504473433474957,1717.7024029574861,1450.3160813308687,39.17537007280764,21.137780462032087,1705,1435,24,43,EPSG:4326
332,Lookalike,A:\SIH26143_DATA\OFFICIAL_DATASET\PART_III_TEST\Images\Lookalike\00032.tif,C:\SlickTrace\outputs\part_iii_predictions\prediction_0332.tif,10,1506,0.14043197612075511,1816.6819389110226,1641.1613545816733,39.18426155580385,21.12063653944577,1792,1605,48,76,EPSG:4326
332,Lookalike,A:\SIH26143_DATA\OFFICIAL_DATASET\PART_III_TEST\Images\Lookalike\00032.tif,C:\SlickTrace\outputs\part_iii_predictions\prediction_0332.tif,11,1509,0.14071172109310723,1851.064280980782,1761.2074221338635,39.18735017414236,21.109852617717713,1837,1714,31,90,EPSG:4326
332,Lookalike,A:\SIH26143_DATA\OFFICIAL_DATASET\PART_III_TEST\Images\Lookalike\00032.tif,C:\SlickTrace\outputs\part_iii_predictions\prediction_0332.tif,12,813,0.0758108875074196,1963.3025830258302,1881.1217712177122,39.197432712361426,21.099080528460988,1934,1863,57,35,EPSG:4326
332,Lookalike,A:\SIH26143_DATA\OFFICIAL_DATASET\PART_III_TEST\Images\Lookalike\00032.tif,C:\SlickTrace\outputs\part_iii_predictions\prediction_0332.tif,13,11814,1.101635701122577,1987.7918571186729,1963.5656001354325,39.19963262128289,21.091674473301175,1922,1894,126,154,EPSG:4326
332,Lookalike,A:\SIH26143_DATA\OFFICIAL_DATASET\PART_III_TEST\Images\Lookalike\00032.tif,C:\SlickTrace\outputs\part_iii_predictions\prediction_0332.tif,14,889,0.0828977601403395,1858.394825646794,1924.164229471316,39.1880086881738,21.095213958649456,1838,1906,43,37,EPSG:4326
332,Lookalike,A:\SIH26143_DATA\OFFICIAL_DATASET\PART_III_TEST\Images\Lookalike\00032.tif,C:\SlickTrace\outputs\part_iii_predictions\prediction_0332.tif,15,1532,0.14285643254780667,1902.3727154046996,1997.4086161879895,39.191959289227086,21.0886343034431,1885,1957,34,91,EPSG:4326
332,Lookalike,A:\SIH26143_DATA\OFFICIAL_DATASET\PART_III_TEST\Images\Lookalike\00032.tif,C:\SlickTrace\outputs\part_iii_predictions\prediction_0332.tif,16,945,0.08811966629091207,1870.4984126984127,2000.2306878306879,39.18909597189791,21.08838079243415,1853,1976,37,55,EPSG:4326
333,Lookalike,A:\SIH26143_DATA\OFFICIAL_DATASET\PART_III_TEST\Images\Lookalike\00033.tif,C:\SlickTrace\outputs\part_iii_predictions\prediction_0333.tif,1,40099,3.7437153643839554,1968.1057881742686,135.13880645402628,39.19786419162119,21.07518381160209,1866,0,182,332,EPSG:4326
333,Lookalike,A:\SIH26143_DATA\OFFICIAL_DATASET\PART_III_TEST\Images\Lookalike\00033.tif,C:\SlickTrace\outputs\part_iii_predictions\prediction_0333.tif,2,683,0.06376611870306595,1964.1918008784774,358.28257686676426,39.19751259216022,21.05513846565031,1947,345,34,27,EPSG:4326
334,Lookalike,A:\SIH26143_DATA\OFFICIAL_DATASET\PART_III_TEST\Images\Lookalike\00034.tif,C:\SlickTrace\outputs\part_iii_predictions\prediction_0334.tif,1,1213,0.08951958985086853,1954.845836768343,1584.8095630667765,10.400398425259453,42.388738196110005,1927,1570,56,35,EPSG:4326
334,Lookalike,A:\SIH26143_DATA\OFFICIAL_DATASET\PART_III_TEST\Images\Lookalike\00034.tif,C:\SlickTrace\outputs\part_iii_predictions\prediction_0334.tif,2,16537,1.2204331882636545,1719.6979500513999,1792.2629860313236,10.37927473119283,42.370102338050806,1533,1614,342,378,EPSG:4326
334,Lookalike,A:\SIH26143_DATA\OFFICIAL_DATASET\PART_III_TEST\Images\Lookalike\00034.tif,C:\SlickTrace\outputs\part_iii_predictions\prediction_0334.tif,3,756,0.055792918324201655,1910.5383597883597,1641.138888888889,10.396418216882264,42.383678046676984,1894,1618,34,48,EPSG:4326
334,Lookalike,A:\SIH26143_DATA\OFFICIAL_DATASET\PART_III_TEST\Images\Lookalike\00034.tif,C:\SlickTrace\outputs\part_iii_predictions\prediction_0334.tif,4,78111,5.76460402542555,342.47098360026115,1992.4852197513794,10.255556327826366,42.352116068773675,0,1890,796,158,EPSG:4326
334,Lookalike,A:\SIH26143_DATA\OFFICIAL_DATASET\PART_III_TEST\Images\Lookalike\00034.tif,C:\SlickTrace\outputs\part_iii_predictions\prediction_0334.tif,5,6272,0.46287458165263595,1207.560586734694,1987.8329081632653,10.333268649089222,42.352533993034285,1108,1897,203,151,EPSG:4326
334,Lookalike,A:\SIH26143_DATA\OFFICIAL_DATASET\PART_III_TEST\Images\Lookalike\00034.tif,C:\SlickTrace\outputs\part_iii_predictions\prediction_0334.tif,6,2503,0.18472179175327613,1130.9452656811825,2028.6016779864162,10.326386177699213,42.3488716721296,1094,1989,108,59,EPSG:4326
335,Lookalike,A:\SIH26143_DATA\OFFICIAL_DATASET\PART_III_TEST\Images\Lookalike\00035.tif,C:\SlickTrace\outputs\part_iii_predictions\prediction_0335.tif,1,895,0.06623208249879288,160.736312849162,41.72290502793296,10.239230824587352,42.35541848369325,145,20,37,48,EPSG:4326
335,Lookalike,A:\SIH26143_DATA\OFFICIAL_DATASET\PART_III_TEST\Images\Lookalike\00035.tif,C:\SlickTrace\outputs\part_iii_predictions\prediction_0335.tif,2,501,0.037075165733961156,248.5988023952096,48.31736526946108,10.247123646313353,42.3548260932507,236,26,28,40,EPSG:4326
335,Lookalike,A:\SIH26143_DATA\OFFICIAL_DATASET\PART_III_TEST\Images\Lookalike\00035.tif,C:\SlickTrace\outputs\part_iii_predictions\prediction_0335.tif,3,1307,0.0967210411462819,134.45524100994643,74.20657995409334,10.236869955735731,42.352500425526195,112,52,61,45,EPSG:4326
335,Lookalike,A:\SIH26143_DATA\OFFICIAL_DATASET\PART_III_TEST\Images\Lookalike\00035.tif,C:\SlickTrace\outputs\part_iii_predictions\prediction_0335.tif,4,86231,6.381294643523362,476.5256462293143,317.8545418700931,10.267598663061083,42.33061315671282,249,141,432,324,EPSG:4326
335,Lookalike,A:\SIH26143_DATA\OFFICIAL_DATASET\PART_III_TEST\Images\Lookalike\00035.tif,C:\SlickTrace\outputs\part_iii_predictions\prediction_0335.tif,5,697,0.05157962178956273,235.2496413199426,326.64849354375895,10.245924470770944,42.329823182593195,220,309,34,46,EPSG:4326
335,Lookalike,A:\SIH26143_DATA\OFFICIAL_DATASET\PART_III_TEST\Images\Lookalike\00035.tif,C:\SlickTrace\outputs\part_iii_predictions\prediction_0335.tif,6,759,0.056167766052048936,694.703557312253,439.1449275362319,10.287197918279391,42.31971745598676,670,428,55,24,EPSG:4326
337,Lookalike,A:\SIH26143_DATA\OFFICIAL_DATASET\PART_III_TEST\Images\Lookalike\00037.tif,C:\SlickTrace\outputs\part_iii_predictions\prediction_0337.tif,1,980104,67.32152040838238,1393.5308232595723,1276.9232510019344,-4.169167495981696,46.594026385795196,766,526,1282,1522,EPSG:4326
337,Lookalike,A:\SIH26143_DATA\OFFICIAL_DATASET\PART_III_TEST\Images\Lookalike\00037.tif,C:\SlickTrace\outputs\part_iii_predictions\prediction_0337.tif,2,1778,0.12212751227023241,917.062429696288,574.2823397075366,-4.211969380015473,46.65714569278153,879,551,68,53,EPSG:4326
337,Lookalike,A:\SIH26143_DATA\OFFICIAL_DATASET\PART_III_TEST\Images\Lookalike\00037.tif,C:\SlickTrace\outputs\part_iii_predictions\prediction_0337.tif,3,2055,0.14115412694900317,975.5946472019465,618.8111922141119,-4.206711341455598,46.65314559790244,946,583,59,73,EPSG:4326
337,Lookalike,A:\SIH26143_DATA\OFFICIAL_DATASET\PART_III_TEST\Images\Lookalike\00037.tif,C:\SlickTrace\outputs\part_iii_predictions\prediction_0337.tif,4,785,0.05392018961312286,845.2573248407643,640.9732484076433,-4.218419742332425,46.651154746521826,829,612,34,48,EPSG:4326
337,Lookalike,A:\SIH26143_DATA\OFFICIAL_DATASET\PART_III_TEST\Images\Lookalike\00037.tif,C:\SlickTrace\outputs\part_iii_predictions\prediction_0337.tif,5,1107,0.07603777057544842,1640.271906052394,643.7976513098464,-4.147002367392396,46.650901026092264,1611,624,60,37,EPSG:4326
337,Lookalike,A:\SIH26143_DATA\OFFICIAL_DATASET\PART_III_TEST\Images\Lookalike\00037.tif,C:\SlickTrace\outputs\part_iii_predictions\prediction_0337.tif,6,742,0.05096659960883715,1775.0134770889488,687.6630727762803,-4.134898326125555,46.6469605282375,1763,671,27,35,EPSG:4326
337,Lookalike,A:\SIH26143_DATA\OFFICIAL_DATASET\PART_III_TEST\Images\Lookalike\00037.tif,C:\SlickTrace\outputs\part_iii_predictions\prediction_0337.tif,7,580,0.03983912098803982,978.551724137931,699.1655172413793,-4.206445702714808,46.64592724607073,964,683,31,35,EPSG:4326
337,Lookalike,A:\SIH26143_DATA\OFFICIAL_DATASET\PART_III_TEST\Images\Lookalike\00037.tif,C:\SlickTrace\outputs\part_iii_predictions\prediction_0337.tif,8,828,0.056873779617408575,853.0374396135265,712.6111111111111,-4.217720842731167,46.644719407823004,836,690,30,49,EPSG:4326
337,Lookalike,A:\SIH26143_DATA\OFFICIAL_DATASET\PART_III_TEST\Images\Lookalike\00037.tif,C:\SlickTrace\outputs\part_iii_predictions\prediction_0337.tif,9,530,0.03640471400631225,592.8735849056603,1011.333962264151,-4.24109175943712,46.61788467753235,581,990,26,43,EPSG:4326
337,Lookalike,A:\SIH26143_DATA\OFFICIAL_DATASET\PART_III_TEST\Images\Lookalike\00037.tif,C:\SlickTrace\outputs\part_iii_predictions\prediction_0337.tif,10,1530,0.10509285364086367,1897.5986928104576,1067.1555555555556,-4.123886308836583,46.612870138488596,1876,1029,39,74,EPSG:4326
337,Lookalike,A:\SIH26143_DATA\OFFICIAL_DATASET\PART_III_TEST\Images\Lookalike\00037.tif,C:\SlickTrace\outputs\part_iii_predictions\prediction_0337.tif,11,1309,0.0899127747816278,1942.0022918258212,1149.2895339954164,-4.119897465670041,46.60549191767079,1913,1120,57,50,EPSG:4326
337,Lookalike,A:\SIH26143_DATA\OFFICIAL_DATASET\PART_III_TEST\Images\Lookalike\00037.tif,C:\SlickTrace\outputs\part_iii_predictions\prediction_0337.tif,12,801,0.055019199847275685,2035.5255930087392,1240.7315855181023,-4.111496124582649,46.59727753842138,2021,1216,26,48,EPSG:4326
337,Lookalike,A:\SIH26143_DATA\OFFICIAL_DATASET\PART_III_TEST\Images\Lookalike\00037.tif,C:\SlickTrace\outputs\part_iii_predictions\prediction_0337.tif,13,1216,0.08352477779561453,1992.5057565789473,1325.0049342105262,-4.115360662241169,46.58970713470394,1964,1308,58,34,EPSG:4326
337,Lookalike,A:\SIH26143_DATA\OFFICIAL_DATASET\PART_III_TEST\Images\Lookalike\00037.tif,C:\SlickTrace\outputs\part_iii_predictions\prediction_0337.tif,14,3186,0.21884041287568082,1641.7278719397364,1497.5335844318895,-4.146871575751421,46.57420862235971,1585,1448,99,108,EPSG:4326
337,Lookalike,A:\SIH26143_DATA\OFFICIAL_DATASET\PART_III_TEST\Images\Lookalike\00037.tif,C:\SlickTrace\outputs\part_iii_predictions\prediction_0337.tif,15,799,0.05488182356800658,1695.2115143929911,1513.1401752190238,-4.142067058404806,46.572806658456,1679,1493,37,41,EPSG:4326
337,Lookalike,A:\SIH26143_DATA\OFFICIAL_DATASET\PART_III_TEST\Images\Lookalike\00037.tif,C:\SlickTrace\outputs\part_iii_predictions\prediction_0337.tif,16,5229,0.3591702821490694,1414.4997131382675,1658.0856760374832,-4.16728382855479,46.55978598258105,1368,1591,124,160,EPSG:4326
337,Lookalike,A:\SIH26143_DATA\OFFICIAL_DATASET\PART_III_TEST\Images\Lookalike\00037.tif,C:\SlickTrace\outputs\part_iii_predictions\prediction_0337.tif,17,963,0.06614667846807301,1924.779854620976,1617.546209761163,-4.121444583527132,46.563427704797654,1901,1594,48,49,EPSG:4326
337,Lookalike,A:\SIH26143_DATA\OFFICIAL_DATASET\PART_III_TEST\Images\Lookalike\00037.tif,C:\SlickTrace\outputs\part_iii_predictions\prediction_0337.tif,18,1687,0.11587689156348824,1513.3052756372258,1621.9021932424423,-4.158407973859906,46.56303640014379,1479,1597,66,50,EPSG:4326
337,Lookalike,A:\SIH26143_DATA\OFFICIAL_DATASET\PART_III_TEST\Images\Lookalike\00037.tif,C:\SlickTrace\outputs\part_iii_predictions\prediction_0337.tif,19,1435,0.09856748037558129,1710.458536585366,1631.82787456446,-4.1406973950975345,46.5621447610201,1689,1602,44,62,EPSG:4326
337,Lookalike,A:\SIH26143_DATA\OFFICIAL_DATASET\PART_III_TEST\Images\Lookalike\00037.tif,C:\SlickTrace\outputs\part_iii_predictions\prediction_0337.tif,20,593,0.04073206680328899,1747.821247892074,1667.202360876897,-4.137341045635238,46.558967016847866,1722,1656,44,22,EPSG:4326
337,Lookalike,A:\SIH26143_DATA\OFFICIAL_DATASET\PART_III_TEST\Images\Lookalike\00037.tif,C:\SlickTrace\outputs\part_iii_predictions\prediction_0337.tif,21,643,0.04416647378501656,1417.9020217729394,1683.6174183514775,-4.166978193970008,46.55749242714596,1401,1665,34,35,EPSG:4326
337,Lookalike,A:\SIH26143_DATA\OFFICIAL_DATASET\PART_III_TEST\Images\Lookalike\00037.tif,C:\SlickTrace\outputs\part_iii_predictions\prediction_0337.tif,22,1388,0.09533913781275737,1489.778818443804,1689.950288184438,-4.16052139146771,46.55692353576963,1461,1667,55,44,EPSG:4326
337,Lookalike,A:\SIH26143_DATA\OFFICIAL_DATASET\PART_III_TEST\Images\Lookalike\00037.tif,C:\SlickTrace\outputs\part_iii_predictions\prediction_0337.tif,23,593,0.04073206680328899,1902.9055649241147,1704.5682967959528,-4.123409584403526,46.55561037771372,1889,1692,28,27,EPSG:4326
337,Lookalike,A:\SIH26143_DATA\OFFICIAL_DATASET\PART_III_TEST\Images\Lookalike\00037.tif,C:\SlickTrace\outputs\part_iii_predictions\prediction_0337.tif,24,511,0.035099639353255774,765.2759295499021,1726.054794520548,-4.225604593315924,46.5536802127829,754,1712,24,31,EPSG:4326
337,Lookalike,A:\SIH26143_DATA\OFFICIAL_DATASET\PART_III_TEST\Images\Lookalike\00037.tif,C:\SlickTrace\outputs\part_iii_predictions\prediction_0337.tif,25,619,0.04251795843378733,1602.9159935379644,1806.4361873990306,-4.150358106108791,46.54645942940474,1593,1774,20,57,EPSG:4326
337,Lookalike,A:\SIH26143_DATA\OFFICIAL_DATASET\PART_III_TEST\Images\Lookalike\00037.tif,C:\SlickTrace\outputs\part_iii_predictions\prediction_0337.tif,26,2165,0.1487098223088038,1464.3528868360277,1834.3408775981525,-4.162805441765334,46.54395270843429,1439,1796,57,81,EPSG:4326
337,Lookalike,A:\SIH26143_DATA\OFFICIAL_DATASET\PART_III_TEST\Images\Lookalike\00037.tif,C:\SlickTrace\outputs\part_iii_predictions\prediction_0337.tif,27,751,0.05158479286554812,1361.0745672436751,1871.9241011984022,-4.172083091066133,46.540576550015636,1343,1854,35,46,EPSG:4326
337,Lookalike,A:\SIH26143_DATA\OFFICIAL_DATASET\PART_III_TEST\Images\Lookalike\00037.tif,C:\SlickTrace\outputs\part_iii_predictions\prediction_0337.tif,28,641,0.04402909750574746,878.4321372854914,2028.3010920436818,-4.2154395982257356,46.52652896591954,866,2006,27,41,EPSG:4326
339,Lookalike,A:\SIH26143_DATA\OFFICIAL_DATASET\PART_III_TEST\Images\Lookalike\00039.tif,C:\SlickTrace\outputs\part_iii_predictions\prediction_0339.tif,1,129168,8.8997951550831,1145.7041759568933,117.06745478756348,-4.191430142490105,46.530233046576235,834,0,714,310,EPSG:4326
339,Lookalike,A:\SIH26143_DATA\OFFICIAL_DATASET\PART_III_TEST\Images\Lookalike\00039.tif,C:\SlickTrace\outputs\part_iii_predictions\prediction_0339.tif,2,43010,2.9634289423086533,1843.1765635898628,82.0855614973262,-4.128775131883902,46.53337552351724,1674,0,374,231,EPSG:4326
339,Lookalike,A:\SIH26143_DATA\OFFICIAL_DATASET\PART_III_TEST\Images\Lookalike\00039.tif,C:\SlickTrace\outputs\part_iii_predictions\prediction_0339.tif,3,887,0.06111512373466113,1585.4825253664037,23.11837655016911,-4.1519241812001635,46.538672635867194,1567,4,37,40,EPSG:4326
339,Lookalike,A:\SIH26143_DATA\OFFICIAL_DATASET\PART_III_TEST\Images\Lookalike\00039.tif,C:\SlickTrace\outputs\part_iii_predictions\prediction_0339.tif,4,692,0.04767944264305017,827.650289017341,39.786127167630056,-4.220001409271247,46.53717534635404,803,26,42,30,EPSG:4326
339,Lookalike,A:\SIH26143_DATA\OFFICIAL_DATASET\PART_III_TEST\Images\Lookalike\00039.tif,C:\SlickTrace\outputs\part_iii_predictions\prediction_0339.tif,5,606,0.04175396277700637,1653.805280528053,46.272277227722775,-4.145786643678677,46.53659268558063,1630,36,47,21,EPSG:4326
339,Lookalike,A:\SIH26143_DATA\OFFICIAL_DATASET\PART_III_TEST\Images\Lookalike\00039.tif,C:\SlickTrace\outputs\part_iii_predictions\prediction_0339.tif,6,624,0.042994179493155066,2024.1971153846155,107.16826923076923,-4.112513779042204,46.531122305544834,2014,83,21,47,EPSG:4326
339,Lookalike,A:\SIH26143_DATA\OFFICIAL_DATASET\PART_III_TEST\Images\Lookalike\00039.tif,C:\SlickTrace\outputs\part_iii_predictions\prediction_0339.tif,7,1223,0.08426583576943694,1515.5388389206869,135.01390024529846,-4.158207329456348,46.528620889951206,1485,106,55,54,EPSG:4326
339,Lookalike,A:\SIH26143_DATA\OFFICIAL_DATASET\PART_III_TEST\Images\Lookalike\00039.tif,C:\SlickTrace\outputs\part_iii_predictions\prediction_0339.tif,8,2149,0.14806809572242027,1954.5551419264775,164.91624011167985,-4.118769823959573,46.525934717057915,1926,118,53,84,EPSG:4326
339,Lookalike,A:\SIH26143_DATA\OFFICIAL_DATASET\PART_III_TEST\Images\Lookalike\00039.tif,C:\SlickTrace\outputs\part_iii_predictions\prediction_0339.tif,9,1900,0.1309117644823632,1888.592105263158,197.40315789473684,-4.124695384361733,46.52301636758007,1851,154,75,85,EPSG:4326
339,Lookalike,A:\SIH26143_DATA\OFFICIAL_DATASET\PART_III_TEST\Images\Lookalike\00039.tif,C:\SlickTrace\outputs\part_iii_predictions\prediction_0339.tif,10,1571,0.10824335894831189,814.13367281986,204.58816040738384,-4.221215627563224,46.52237092782271,785,173,50,65,EPSG:4326
339,Lookalike,A:\SIH26143_DATA\OFFICIAL_DATASET\PART_III_TEST\Images\Lookalike\00039.tif,C:\SlickTrace\outputs\part_iii_predictions\prediction_0339.tif,11,1780,0.12264365304137183,779.3578651685393,242.91348314606742,-4.224339591516303,46.518928105504216,758,210,44,72,EPSG:4326
339,Lookalike,A:\SIH26143_DATA\OFFICIAL_DATASET\PART_III_TEST\Images\Lookalike\00039.tif,C:\SlickTrace\outputs\part_iii_predictions\prediction_0339.tif,12,969,0.06676499988600523,1968.9391124871001,234.07120743034056,-4.11747768989948,46.5197224206464,1943,219,47,39,EPSG:4326
339,Lookalike,A:\SIH26143_DATA\OFFICIAL_DATASET\PART_III_TEST\Images\Lookalike\00039.tif,C:\SlickTrace\outputs\part_iii_predictions\prediction_0339.tif,13,840,0.057876780086939514,815.2666666666667,263.8285714285714,-4.2211138489942845,46.51704927115693,798,239,30,46,EPSG:4326
339,Lookalike,A:\SIH26143_DATA\OFFICIAL_DATASET\PART_III_TEST\Images\Lookalike\00039.tif,C:\SlickTrace\outputs\part_iii_predictions\prediction_0339.tif,14,682,0.04699043335630089,1866.824046920821,264.10557184750735,-4.126650842313186,46.51702438778592,1855,243,25,43,EPSG:4326
339,Lookalike,A:\SIH26143_DATA\OFFICIAL_DATASET\PART_III_TEST\Images\Lookalike\00039.tif,C:\SlickTrace\outputs\part_iii_predictions\prediction_0339.tif,15,1271,0.08757308034583348,1100.3619197482296,313.3957513768686,-4.195503306666976,46.51259657562311,1065,276,67,65,EPSG:4326
339,Lookalike,A:\SIH26143_DATA\OFFICIAL_DATASET\PART_III_TEST\Images\Lookalike\00039.tif,C:\SlickTrace\outputs\part_iii_predictions\prediction_0339.tif,16,4134,0.28483643914215234,772.1833575229801,342.6850507982584,-4.224984088503707,46.50996547308996,720,288,103,106,EPSG:4326
339,Lookalike,A:\SIH26143_DATA\OFFICIAL_DATASET\PART_III_TEST\Images\Lookalike\00039.tif,C:\SlickTrace\outputs\part_iii_predictions\prediction_0339.tif,17,2175,0.1498595198679684,1239.455632183908,341.3333333333333,-4.183008305886386,46.51008689993582,1211,304,49,77,EPSG:4326
339,Lookalike,A:\SIH26143_DATA\OFFICIAL_DATASET\PART_III_TEST\Images\Lookalike\00039.tif,C:\SlickTrace\outputs\part_iii_predictions\prediction_0339.tif,18,515,0.035483978267587916,877.4834951456311,361.54368932038835,-4.215524816199075,46.50827137276775,868,339,21,42,EPSG:4326
339,Lookalike,A:\SIH26143_DATA\OFFICIAL_DATASET\PART_III_TEST\Images\Lookalike\00039.tif,C:\SlickTrace\outputs\part_iii_predictions\prediction_0339.tif,19,164284,11.31932016643187,1746.9918981763287,597.1320092035743,-4.137415547387792,46.48710811391664,1407,364,641,467,EPSG:4326
339,Lookalike,A:\SIH26143_DATA\OFFICIAL_DATASET\PART_III_TEST\Images\Lookalike\00039.tif,C:\SlickTrace\outputs\part_iii_predictions\prediction_0339.tif,20,634,0.04368318877990435,2027.5141955835961,399.08675078864354,-4.112215800658065,46.504898822174795,2016,376,27,43,EPSG:4326
339,Lookalike,A:\SIH26143_DATA\OFFICIAL_DATASET\PART_III_TEST\Images\Lookalike\00039.tif,C:\SlickTrace\outputs\part_iii_predictions\prediction_0339.tif,21,737,0.05077998443342193,1457.1370420624153,429.08276797829035,-4.163453652130131,46.50220423410438,1442,408,41,44,EPSG:4326
339,Lookalike,A:\SIH26143_DATA\OFFICIAL_DATASET\PART_III_TEST\Images\Lookalike\00039.tif,C:\SlickTrace\outputs\part_iii_predictions\prediction_0339.tif,22,505,0.034794968980838635,816.1247524752475,428.9168316831683,-4.221036765834591,46.50221914041539,803,416,29,27,EPSG:4326
339,Lookalike,A:\SIH26143_DATA\OFFICIAL_DATASET\PART_III_TEST\Images\Lookalike\00039.tif,C:\SlickTrace\outputs\part_iii_predictions\prediction_0339.tif,23,512,0.03527727548156313,1400.37109375,538.244140625,-4.168553024028789,46.49239810115598,1387,520,27,40,EPSG:4326
339,Lookalike,A:\SIH26143_DATA\OFFICIAL_DATASET\PART_III_TEST\Images\Lookalike\00039.tif,C:\SlickTrace\outputs\part_iii_predictions\prediction_0339.tif,24,654,0.04506120735340291,1448.755351681957,687.2018348623853,-4.164206592187684,46.479017003813915,1432,666,37,42,EPSG:4326
339,Lookalike,A:\SIH26143_DATA\OFFICIAL_DATASET\PART_III_TEST\Images\Lookalike\00039.tif,C:\SlickTrace\outputs\part_iii_predictions\prediction_0339.tif,25,1206,0.08309451998196316,1525.6202321724709,787.6708126036484,-4.157301702492019,46.46999172198543,1499,758,50,52,EPSG:4326
339,Lookalike,A:\SIH26143_DATA\OFFICIAL_DATASET\PART_III_TEST\Images\Lookalike\00039.tif,C:\SlickTrace\outputs\part_iii_predictions\prediction_0339.tif,26,1364,0.09398086671260178,1613.383431085044,800.8475073313783,-4.14941780019538,46.46880803935862,1580,775,63,53,EPSG:4326
339,Lookalike,A:\SIH26143_DATA\OFFICIAL_DATASET\PART_III_TEST\Images\Lookalike\00039.tif,C:\SlickTrace\outputs\part_iii_predictions\prediction_0339.tif,27,1654,0.1139621360283309,1557.4570737605804,831.7333736396614,-4.154441750352349,46.46603351478182,1517,808,72,43,EPSG:4326
339,Lookalike,A:\SIH26143_DATA\OFFICIAL_DATASET\PART_III_TEST\Images\Lookalike\00039.tif,C:\SlickTrace\outputs\part_iii_predictions\prediction_0339.tif,28,663,0.04568131571147726,1648.7707390648568,849.8612368024133,-4.146238904233169,46.46440506112707,1630,835,37,31,EPSG:4326
339,Lookalike,A:\SIH26143_DATA\OFFICIAL_DATASET\PART_III_TEST\Images\Lookalike\00039.tif,C:\SlickTrace\outputs\part_iii_predictions\prediction_0339.tif,29,566,0.03899792563000924,1860.9593639575971,864.1643109540636,-4.127177675747424,46.463120194115035,1847,851,28,28,EPSG:4326
339,Lookalike,A:\SIH26143_DATA\OFFICIAL_DATASET\PART_III_TEST\Images\Lookalike\00039.tif,C:\SlickTrace\outputs\part_iii_predictions\prediction_0339.tif,30,522,0.035966284768312415,1354.9329501915709,868.764367816092,-4.172634801912845,46.46270696397634,1337,856,35,27,EPSG:4326
339,Lookalike,A:\SIH26143_DATA\OFFICIAL_DATASET\PART_III_TEST\Images\Lookalike\00039.tif,C:\SlickTrace\outputs\part_iii_predictions\prediction_0339.tif,31,1019,0.07021004631975163,2015.9558390579,891.5377821393523,-4.113254105490698,46.46066119336052,2001,867,30,49,EPSG:4326
339,Lookalike,A:\SIH26143_DATA\OFFICIAL_DATASET\PART_III_TEST\Images\Lookalike\00039.tif,C:\SlickTrace\outputs\part_iii_predictions\prediction_0339.tif,32,540,0.03720650148446112,1485.55,893.25,-4.160901272691893,46.46050738221312,1474,877,26,31,EPSG:4326
339,Lookalike,A:\SIH26143_DATA\OFFICIAL_DATASET\PART_III_TEST\Images\Lookalike\00039.tif,C:\SlickTrace\outputs\part_iii_predictions\prediction_0339.tif,33,658,0.04533681106810262,1341.9620060790273,902.9650455927052,-4.173800001647421,46.45963466481894,1324,888,34,30,EPSG:4326
339,Lookalike,A:\SIH26143_DATA\OFFICIAL_DATASET\PART_III_TEST\Images\Lookalike\00039.tif,C:\SlickTrace\outputs\part_iii_predictions\prediction_0339.tif,34,47488,3.2719673009149806,1904.3814226752022,1035.7708684299191,-4.1232770058460275,46.447704514771466,1741,889,307,329,EPSG:4326
339,Lookalike,A:\SIH26143_DATA\OFFICIAL_DATASET\PART_III_TEST\Images\Lookalike\00039.tif,C:\SlickTrace\outputs\part_iii_predictions\prediction_0339.tif,35,1001,0.06896982960360293,1054.5824175824175,964.6513486513486,-4.199615749316469,46.4540932899331,1041,933,29,55,EPSG:4326
339,Lookalike,A:\SIH26143_DATA\OFFICIAL_DATASET\PART_III_TEST\Images\Lookalike\00039.tif,C:\SlickTrace\outputs\part_iii_predictions\prediction_0339.tif,36,920,0.06338885438093375,1717.9989130434783,1054.358695652174,-4.140020031555501,46.44603474184223,1700,1034,37,43,EPSG:4326
339,Lookalike,A:\SIH26143_DATA\OFFICIAL_DATASET\PART_III_TEST\Images\Lookalike\00039.tif,C:\SlickTrace\outputs\part_iii_predictions\prediction_0339.tif,37,599,0.04127165627628187,1032.636060100167,1058.7679465776293,-4.201587224152174,46.44563865209245,1017,1040,35,39,EPSG:4326
339,Lookalike,A:\SIH26143_DATA\OFFICIAL_DATASET\PART_III_TEST\Images\Lookalike\00039.tif,C:\SlickTrace\outputs\part_iii_predictions\prediction_0339.tif,38,21079,1.4523626755388073,798.9391811755776,1229.3346458560652,-4.222580571971073,46.430316384800086,707,1083,237,324,EPSG:4326
339,Lookalike,A:\SIH26143_DATA\OFFICIAL_DATASET\PART_III_TEST\Images\Lookalike\00039.tif,C:\SlickTrace\outputs\part_iii_predictions\prediction_0339.tif,39,965,0.06648939617130552,765.3150259067357,1155.3150259067359,-4.225601081230434,46.4369656803926,745,1129,41,46,EPSG:4326
339,Lookalike,A:\SIH26143_DATA\OFFICIAL_DATASET\PART_III_TEST\Images\Lookalike\00039.tif,C:\SlickTrace\outputs\part_iii_predictions\prediction_0339.tif,40,1324,0.09122482956560467,2018.6148036253776,1167.391993957704,-4.113015246639609,46.43588078789401,1995,1130,50,71,EPSG:4326
339,Lookalike,A:\SIH26143_DATA\OFFICIAL_DATASET\PART_III_TEST\Images\Lookalike\00039.tif,C:\SlickTrace\outputs\part_iii_predictions\prediction_0339.tif,41,540,0.03720650148446112,1982.4777777777779,1178.7981481481481,-4.116261490903761,46.434856155629774,1971,1165,24,30,EPSG:4326
339,Lookalike,A:\SIH26143_DATA\OFFICIAL_DATASET\PART_III_TEST\Images\Lookalike\00039.tif,C:\SlickTrace\outputs\part_iii_predictions\prediction_0339.tif,42,688,0.04740383892835046,1703.7994186046512,1236.921511627907,-4.141295593843617,46.42963484505194,1689,1217,31,38,EPSG:4326
339,Lookalike,A:\SIH26143_DATA\OFFICIAL_DATASET\PART_III_TEST\Images\Lookalike\00039.tif,C:\SlickTrace\outputs\part_iii_predictions\prediction_0339.tif,43,589,0.04058264698953259,1728.8760611205432,1316.7011884550084,-4.139042920718975,46.42246811474635,1718,1300,23,36,EPSG:4326
339,Lookalike,A:\SIH26143_DATA\OFFICIAL_DATASET\PART_III_TEST\Images\Lookalike\00039.tif,C:\SlickTrace\outputs\part_iii_predictions\prediction_0339.tif,44,7909,0.5449374448900055,658.0978631938298,1394.4348210898977,-4.235232562828927,46.41548518371775,595,1321,135,124,EPSG:4326
339,Lookalike,A:\SIH26143_DATA\OFFICIAL_DATASET\PART_III_TEST\Images\Lookalike\00039.tif,C:\SlickTrace\outputs\part_iii_predictions\prediction_0339.tif,45,705,0.048575154715824236,740.2070921985816,1453.5035460992908,-4.227856565290703,46.41017894986881,724,1432,29,43,EPSG:4326
339,Lookalike,A:\SIH26143_DATA\OFFICIAL_DATASET\PART_III_TEST\Images\Lookalike\00039.tif,C:\SlickTrace\outputs\part_iii_predictions\prediction_0339.tif,46,1434,0.09880393171984675,673.9267782426779,1473.5557880055787,-4.233810627196986,46.408377626330285,643,1452,70,45,EPSG:4326
339,Lookalike,A:\SIH26143_DATA\OFFICIAL_DATASET\PART_III_TEST\Images\Lookalike\00039.tif,C:\SlickTrace\outputs\part_iii_predictions\prediction_0339.tif,47,512,0.03527727548156313,730.154296875,1537.72265625,-4.2287596232594336,46.402613418482474,720,1520,22,35,EPSG:4326
340,Lookalike,A:\SIH26143_DATA\OFFICIAL_DATASET\PART_III_TEST\Images\Lookalike\00040.tif,C:\SlickTrace\outputs\part_iii_predictions\prediction_0340.tif,1,12780,0.9327477235982319,1075.140923317684,581.8967136150235,10.496814163321218,43.16649174023373,982,476,169,207,EPSG:4326
340,Lookalike,A:\SIH26143_DATA\OFFICIAL_DATASET\PART_III_TEST\Images\Lookalike\00040.tif,C:\SlickTrace\outputs\part_iii_predictions\prediction_0340.tif,2,704,0.051381408248290704,1169.6463068181818,588.1122159090909,10.505303726364227,43.165933392162806,1152,576,36,27,EPSG:4326
340,Lookalike,A:\SIH26143_DATA\OFFICIAL_DATASET\PART_III_TEST\Images\Lookalike\00040.tif,C:\SlickTrace\outputs\part_iii_predictions\prediction_0340.tif,3,629,0.04590753663093019,1148.8823529411766,621.9014308426073,10.503438468651579,43.162898055341486,1136,603,28,37,EPSG:4326
340,Lookalike,A:\SIH26143_DATA\OFFICIAL_DATASET\PART_III_TEST\Images\Lookalike\00040.tif,C:\SlickTrace\outputs\part_iii_predictions\prediction_0340.tif,4,771,0.0562714002264661,1206.7600518806744,622.6005188067445,10.508637710808282,43.16283525520118,1193,606,33,33,EPSG:4326
340,Lookalike,A:\SIH26143_DATA\OFFICIAL_DATASET\PART_III_TEST\Images\Lookalike\00040.tif,C:\SlickTrace\outputs\part_iii_predictions\prediction_0340.tif,5,57542,4.199700274748784,333.7188835980675,947.1991936324771,10.430211088294898,43.13367606012109,117,806,433,274,EPSG:4326
340,Lookalike,A:\SIH26143_DATA\OFFICIAL_DATASET\PART_III_TEST\Images\Lookalike\00040.tif,C:\SlickTrace\outputs\part_iii_predictions\prediction_0340.tif,6,4479,0.32689961298876996,76.6226836347399,984.2266130832775,10.407115743703288,43.130349830438675,27,941,109,98,EPSG:4326
340,Lookalike,A:\SIH26143_DATA\OFFICIAL_DATASET\PART_III_TEST\Images\Lookalike\00040.tif,C:\SlickTrace\outputs\part_iii_predictions\prediction_0340.tif,7,1018,0.07429868408630673,88.4656188605108,1055.8497053045187,10.408179612675502,43.123915818594845,69,1033,42,44,EPSG:4326
340,Lookalike,A:\SIH26143_DATA\OFFICIAL_DATASET\PART_III_TEST\Images\Lookalike\00040.tif,C:\SlickTrace\outputs\part_iii_predictions\prediction_0340.tif,8,513,0.03744128186274592,116.01559454191033,1083.775828460039,10.410654469098674,43.121407172269166,106,1068,22,32,EPSG:4326
343,Lookalike,A:\SIH26143_DATA\OFFICIAL_DATASET\PART_III_TEST\Images\Lookalike\00043.tif,C:\SlickTrace\outputs\part_iii_predictions\prediction_0343.tif,1,1102789,77.02282890488921,1199.5382453034986,299.90019124238637,-124.44093331269065,45.76384565706924,0,0,2048,800,EPSG:4326
343,Lookalike,A:\SIH26143_DATA\OFFICIAL_DATASET\PART_III_TEST\Images\Lookalike\00043.tif,C:\SlickTrace\outputs\part_iii_predictions\prediction_0343.tif,2,3834,0.2677806235112476,448.5383411580595,361.0401669274909,-124.50839678191726,45.758353359606375,422,302,57,116,EPSG:4326
343,Lookalike,A:\SIH26143_DATA\OFFICIAL_DATASET\PART_III_TEST\Images\Lookalike\00043.tif,C:\SlickTrace\outputs\part_iii_predictions\prediction_0343.tif,3,1330,0.09289207857849746,413.80526315789473,329.3390977443609,-124.51151690740046,45.76120111510339,390,309,46,45,EPSG:4326
343,Lookalike,A:\SIH26143_DATA\OFFICIAL_DATASET\PART_III_TEST\Images\Lookalike\00043.tif,C:\SlickTrace\outputs\part_iii_predictions\prediction_0343.tif,4,4265,0.2978832444641291,55.17514654161782,392.27924970691674,-124.54373319891066,45.75554710505411,10,348,103,113,EPSG:4326
343,Lookalike,A:\SIH26143_DATA\OFFICIAL_DATASET\PART_III_TEST\Images\Lookalike\00043.tif,C:\SlickTrace\outputs\part_iii_predictions\prediction_0343.tif,5,1094,0.07640897290592198,173.71663619744058,381.3765996343693,-124.53308443571466,45.75652650677387,157,361,36,39,EPSG:4326
343,Lookalike,A:\SIH26143_DATA\OFFICIAL_DATASET\PART_III_TEST\Images\Lookalike\00043.tif,C:\SlickTrace\outputs\part_iii_predictions\prediction_0343.tif,6,6596,0.4606888348148641,57.38053365676167,498.9355670103093,-124.54353508561537,45.745966005055955,1,437,114,114,EPSG:4326
343,Lookalike,A:\SIH26143_DATA\OFFICIAL_DATASET\PART_III_TEST\Images\Lookalike\00043.tif,C:\SlickTrace\outputs\part_iii_predictions\prediction_0343.tif,7,538,0.03757589344002379,185.23048327137548,489.91635687732344,-124.5320501292341,45.74677621448727,173,476,24,30,EPSG:4326
343,Lookalike,A:\SIH26143_DATA\OFFICIAL_DATASET\PART_III_TEST\Images\Lookalike\00043.tif,C:\SlickTrace\outputs\part_iii_predictions\prediction_0343.tif,8,2614,0.1825713484242048,654.4437643458301,520.1388676358072,-124.489899983044,45.74406128015339,624,487,67,73,EPSG:4326
343,Lookalike,A:\SIH26143_DATA\OFFICIAL_DATASET\PART_III_TEST\Images\Lookalike\00043.tif,C:\SlickTrace\outputs\part_iii_predictions\prediction_0343.tif,9,927,0.0647450803325317,1038.093851132686,626.6364617044229,-124.45543610937256,45.73449443850601,1023,608,35,41,EPSG:4326
343,Lookalike,A:\SIH26143_DATA\OFFICIAL_DATASET\PART_III_TEST\Images\Lookalike\00043.tif,C:\SlickTrace\outputs\part_iii_predictions\prediction_0343.tif,10,569,0.03974104715125192,1108.456942003515,650.9455184534271,-124.44911528537584,45.732310718784,1093,637,30,33,EPSG:4326
343,Lookalike,A:\SIH26143_DATA\OFFICIAL_DATASET\PART_III_TEST\Images\Lookalike\00043.tif,C:\SlickTrace\outputs\part_iii_predictions\prediction_0343.tif,11,532,0.03715683143139899,1129.2443609022557,694.8928571428571,-124.44724791976442,45.728362862179885,1113,683,33,27,EPSG:4326
343,Lookalike,A:\SIH26143_DATA\OFFICIAL_DATASET\PART_III_TEST\Images\Lookalike\00043.tif,C:\SlickTrace\outputs\part_iii_predictions\prediction_0343.tif,12,997,0.06963413709982104,2007.1955867602808,712.2367101303912,-124.36838021927446,45.72680483735746,1982,686,44,53,EPSG:4326
343,Lookalike,A:\SIH26143_DATA\OFFICIAL_DATASET\PART_III_TEST\Images\Lookalike\00043.tif,C:\SlickTrace\outputs\part_iii_predictions\prediction_0343.tif,13,521,0.03638855108225352,1511.0940499040307,746.1324376199616,-124.41294577857776,45.72375993235044,1497,734,27,27,EPSG:4326
343,Lookalike,A:\SIH26143_DATA\OFFICIAL_DATASET\PART_III_TEST\Images\Lookalike\00043.tif,C:\SlickTrace\outputs\part_iii_predictions\prediction_0343.tif,14,1816,0.12683610127710632,1238.8816079295154,795.3083700440528,-124.4373990382931,45.7193423831797,1212,772,54,48,EPSG:4326
344,Lookalike,A:\SIH26143_DATA\OFFICIAL_DATASET\PART_III_TEST\Images\Lookalike\00044.tif,C:\SlickTrace\outputs\part_iii_predictions\prediction_0344.tif,1,1317,0.06679217385058919,635.9878511769173,575.0531511009871,21.488379182027355,59.56619767772373,612,553,49,47,EPSG:4326
344,Lookalike,A:\SIH26143_DATA\OFFICIAL_DATASET\PART_III_TEST\Images\Lookalike\00044.tif,C:\SlickTrace\outputs\part_iii_predictions\prediction_0344.tif,2,696,0.03529791419894463,294.57902298850576,678.9669540229885,21.457709905177857,59.55686294198415,276,668,41,23,EPSG:4326
344,Lookalike,A:\SIH26143_DATA\OFFICIAL_DATASET\PART_III_TEST\Images\Lookalike\00044.tif,C:\SlickTrace\outputs\part_iii_predictions\prediction_0344.tif,3,694,0.03519648341101663,480.30403458213254,783.6195965417868,21.47439386683364,59.54746183515434,464,765,36,38,EPSG:4326
344,Lookalike,A:\SIH26143_DATA\OFFICIAL_DATASET\PART_III_TEST\Images\Lookalike\00044.tif,C:\SlickTrace\outputs\part_iii_predictions\prediction_0344.tif,4,570,0.028907774559480515,513.3175438596492,818.8368421052631,21.47735952083028,59.54429821615891,500,798,28,44,EPSG:4326
344,Lookalike,A:\SIH26143_DATA\OFFICIAL_DATASET\PART_III_TEST\Images\Lookalike\00044.tif,C:\SlickTrace\outputs\part_iii_predictions\prediction_0344.tif,5,1741,0.08829550089132558,1999.8943136128662,1305.4577828834003,21.610900984158913,59.50058431329155,1950,1274,95,62,EPSG:4326
344,Lookalike,A:\SIH26143_DATA\OFFICIAL_DATASET\PART_III_TEST\Images\Lookalike\00044.tif,C:\SlickTrace\outputs\part_iii_predictions\prediction_0344.tif,6,606,0.03073352874218455,2040.953795379538,1330.4158415841584,21.614589420161817,59.49834229273226,2027,1299,21,70,EPSG:4326
344,Lookalike,A:\SIH26143_DATA\OFFICIAL_DATASET\PART_III_TEST\Images\Lookalike\00044.tif,C:\SlickTrace\outputs\part_iii_predictions\prediction_0344.tif,7,15007,0.7610859172177616,1935.2884653828214,1397.4331978410075,21.60509734206806,59.49232202118958,1830,1300,202,168,EPSG:4326
344,Lookalike,A:\SIH26143_DATA\OFFICIAL_DATASET\PART_III_TEST\Images\Lookalike\00044.tif,C:\SlickTrace\outputs\part_iii_predictions\prediction_0344.tif,8,619,0.03139282886371656,1759.739903069467,1453.1437802907917,21.58932754640493,59.4873174544194,1746,1434,34,35,EPSG:4326
344,Lookalike,A:\SIH26143_DATA\OFFICIAL_DATASET\PART_III_TEST\Images\Lookalike\00044.tif,C:\SlickTrace\outputs\part_iii_predictions\prediction_0344.tif,9,1642,0.08327467688888948,1893.0937880633373,1491.3964677222898,21.6013069297136,59.48388115704156,1865,1470,70,49,EPSG:4326
344,Lookalike,A:\SIH26143_DATA\OFFICIAL_DATASET\PART_III_TEST\Images\Lookalike\00044.tif,C:\SlickTrace\outputs\part_iii_predictions\prediction_0344.tif,10,1431,0.0725737287624853,1836.1705101327743,1531.1607267645004,21.59619342465488,59.480309072875635,1812,1507,54,59,EPSG:4326
344,Lookalike,A:\SIH26143_DATA\OFFICIAL_DATASET\PART_III_TEST\Images\Lookalike\00044.tif,C:\SlickTrace\outputs\part_iii_predictions\prediction_0344.tif,11,1214,0.0615684882722971,1649.3509060955519,1588.3006589785832,21.5794111340869,59.47517610543149,1630,1554,32,66,EPSG:4326
345,Lookalike,A:\SIH26143_DATA\OFFICIAL_DATASET\PART_III_TEST\Images\Lookalike\00045.tif,C:\SlickTrace\outputs\part_iii_predictions\prediction_0345.tif,1,18454,1.3656389390309764,591.4150319713883,410.4882410317546,10.453360327169147,42.322291729934676,478,307,258,179,EPSG:4326
345,Lookalike,A:\SIH26143_DATA\OFFICIAL_DATASET\PART_III_TEST\Images\Lookalike\00045.tif,C:\SlickTrace\outputs\part_iii_predictions\prediction_0345.tif,2,2173,0.16080705616746027,715.1012425218591,399.38150023009666,10.464471248506378,42.32328946543657,677,368,77,71,EPSG:4326
345,Lookalike,A:\SIH26143_DATA\OFFICIAL_DATASET\PART_III_TEST\Images\Lookalike\00045.tif,C:\SlickTrace\outputs\part_iii_predictions\prediction_0345.tif,3,801,0.059275863778249276,431.7378277153558,398.97627965043694,10.43901627985828,42.32332586702058,415,381,34,36,EPSG:4326
345,Lookalike,A:\SIH26143_DATA\OFFICIAL_DATASET\PART_III_TEST\Images\Lookalike\00045.tif,C:\SlickTrace\outputs\part_iii_predictions\prediction_0345.tif,4,742,0.05490972649620594,275.6711590296496,404.94474393531,10.424996572476081,42.3227897107516,256,393,43,25,EPSG:4326
345,Lookalike,A:\SIH26143_DATA\OFFICIAL_DATASET\PART_III_TEST\Images\Lookalike\00045.tif,C:\SlickTrace\outputs\part_iii_predictions\prediction_0345.tif,5,702,0.0519496334236342,918.508547008547,421.9430199430199,10.482743637558572,42.32126272963746,903,410,33,26,EPSG:4326
345,Lookalike,A:\SIH26143_DATA\OFFICIAL_DATASET\PART_III_TEST\Images\Lookalike\00045.tif,C:\SlickTrace\outputs\part_iii_predictions\prediction_0345.tif,6,1468,0.10863541576338319,395.11035422343326,432.3671662125341,10.435725977932632,42.320326312645676,353,419,82,32,EPSG:4326
345,Lookalike,A:\SIH26143_DATA\OFFICIAL_DATASET\PART_III_TEST\Images\Lookalike\00045.tif,C:\SlickTrace\outputs\part_iii_predictions\prediction_0345.tif,7,1319,0.09760906906805343,797.7126611068992,442.0227445034117,10.471892358502153,42.31945893729011,770,421,53,49,EPSG:4326
345,Lookalike,A:\SIH26143_DATA\OFFICIAL_DATASET\PART_III_TEST\Images\Lookalike\00045.tif,C:\SlickTrace\outputs\part_iii_predictions\prediction_0345.tif,8,1579,0.1168496740397698,601.9696010132996,489.6168461051298,10.454308460237911,42.31518348639983,559,468,88,50,EPSG:4326
345,Lookalike,A:\SIH26143_DATA\OFFICIAL_DATASET\PART_III_TEST\Images\Lookalike\00045.tif,C:\SlickTrace\outputs\part_iii_predictions\prediction_0345.tif,9,566,0.04188531697689025,828.8268551236749,522.4134275618375,10.474687394105985,42.31223731936089,806,514,46,20,EPSG:4326
345,Lookalike,A:\SIH26143_DATA\OFFICIAL_DATASET\PART_III_TEST\Images\Lookalike\00045.tif,C:\SlickTrace\outputs\part_iii_predictions\prediction_0345.tif,10,3106,0.2298512270851963,72.53509336767547,710.2862202189311,10.406748549222076,42.295360419249484,0,699,167,24,EPSG:4326
345,Lookalike,A:\SIH26143_DATA\OFFICIAL_DATASET\PART_III_TEST\Images\Lookalike\00045.tif,C:\SlickTrace\outputs\part_iii_predictions\prediction_0345.tif,11,4327,0.32020806812544894,281.5858562514444,736.2204760804252,10.425527898767609,42.29303070540722,210,713,160,42,EPSG:4326
345,Lookalike,A:\SIH26143_DATA\OFFICIAL_DATASET\PART_III_TEST\Images\Lookalike\00045.tif,C:\SlickTrace\outputs\part_iii_predictions\prediction_0345.tif,12,899,0.06652809180605006,523.8921023359288,723.9176863181312,10.44729463919714,42.294135883815294,479,717,87,16,EPSG:4326
345,Lookalike,A:\SIH26143_DATA\OFFICIAL_DATASET\PART_III_TEST\Images\Lookalike\00045.tif,C:\SlickTrace\outputs\part_iii_predictions\prediction_0345.tif,13,653,0.048323519409733805,442.19754977029095,797.0551301684533,10.439955892677238,42.287565835450074,425,785,35,25,EPSG:4326
345,Lookalike,A:\SIH26143_DATA\OFFICIAL_DATASET\PART_III_TEST\Images\Lookalike\00045.tif,C:\SlickTrace\outputs\part_iii_predictions\prediction_0345.tif,14,1797,0.13298218128528583,245.810795770729,808.0161380077908,10.422314170405595,42.286581191362934,204,790,90,44,EPSG:4326
345,Lookalike,A:\SIH26143_DATA\OFFICIAL_DATASET\PART_III_TEST\Images\Lookalike\00045.tif,C:\SlickTrace\outputs\part_iii_predictions\prediction_0345.tif,15,558,0.0412932983623759,35.666666666666664,807.8333333333334,10.40343660210138,42.28659761298624,23,794,26,30,EPSG:4326
345,Lookalike,A:\SIH26143_DATA\OFFICIAL_DATASET\PART_III_TEST\Images\Lookalike\00045.tif,C:\SlickTrace\outputs\part_iii_predictions\prediction_0345.tif,16,1504,0.11129949952869776,966.376329787234,858.1901595744681,10.487043673647273,42.28207398231903,941,818,52,80,EPSG:4326
345,Lookalike,A:\SIH26143_DATA\OFFICIAL_DATASET\PART_III_TEST\Images\Lookalike\00045.tif,C:\SlickTrace\outputs\part_iii_predictions\prediction_0345.tif,17,695,0.05143161713593414,1172.2920863309353,877.6057553956834,10.505541400781699,42.280329849671375,1152,863,42,30,EPSG:4326
345,Lookalike,A:\SIH26143_DATA\OFFICIAL_DATASET\PART_III_TEST\Images\Lookalike\00045.tif,C:\SlickTrace\outputs\part_iii_predictions\prediction_0345.tif,18,6163,0.45607634015649223,124.09816647736491,963.2106117150738,10.411380538889135,42.272639834588716,71,872,148,163,EPSG:4326
345,Lookalike,A:\SIH26143_DATA\OFFICIAL_DATASET\PART_III_TEST\Images\Lookalike\00045.tif,C:\SlickTrace\outputs\part_iii_predictions\prediction_0345.tif,19,1404,0.1038992668472684,769.8376068376068,902.7606837606837,10.469388299772575,42.278070144009256,720,881,85,38,EPSG:4326
345,Lookalike,A:\SIH26143_DATA\OFFICIAL_DATASET\PART_III_TEST\Images\Lookalike\00045.tif,C:\SlickTrace\outputs\part_iii_predictions\prediction_0345.tif,20,880,0.06512204759657848,962.2397727272727,908.1511363636364,10.486672080404214,42.2775859114131,941,892,42,32,EPSG:4326
345,Lookalike,A:\SIH26143_DATA\OFFICIAL_DATASET\PART_III_TEST\Images\Lookalike\00045.tif,C:\SlickTrace\outputs\part_iii_predictions\prediction_0345.tif,21,1719,0.12720999979377093,1100.087260034904,938.349040139616,10.499055130876807,42.274873187562065,1054,894,85,76,EPSG:4326
345,Lookalike,A:\SIH26143_DATA\OFFICIAL_DATASET\PART_III_TEST\Images\Lookalike\00045.tif,C:\SlickTrace\outputs\part_iii_predictions\prediction_0345.tif,22,601,0.04447539841539053,644.855241264559,911.405990016639,10.458160942848608,42.27729352293469,622,905,48,16,EPSG:4326
345,Lookalike,A:\SIH26143_DATA\OFFICIAL_DATASET\PART_III_TEST\Images\Lookalike\00045.tif,C:\SlickTrace\outputs\part_iii_predictions\prediction_0345.tif,23,856,0.06334599175303543,556.3200934579439,926.3224299065421,10.45020769520296,42.275953556340916,530,913,56,29,EPSG:4326
345,Lookalike,A:\SIH26143_DATA\OFFICIAL_DATASET\PART_III_TEST\Images\Lookalike\00045.tif,C:\SlickTrace\outputs\part_iii_predictions\prediction_0345.tif,24,1091,0.08073653855439446,465.90100824931255,958.436296975252,10.442085210581059,42.27306871857892,443,938,49,41,EPSG:4326
345,Lookalike,A:\SIH26143_DATA\OFFICIAL_DATASET\PART_III_TEST\Images\Lookalike\00045.tif,C:\SlickTrace\outputs\part_iii_predictions\prediction_0345.tif,25,1591,0.11773770196154132,792.12256442489,979.7730986800755,10.471390191573237,42.27115200107035,760,952,65,53,EPSG:4326
345,Lookalike,A:\SIH26143_DATA\OFFICIAL_DATASET\PART_III_TEST\Images\Lookalike\00045.tif,C:\SlickTrace\outputs\part_iii_predictions\prediction_0345.tif,26,880,0.06512204759657848,1287.4238636363636,977.4613636363637,10.51588386430583,42.27135966776261,1257,958,57,43,EPSG:4326
345,Lookalike,A:\SIH26143_DATA\OFFICIAL_DATASET\PART_III_TEST\Images\Lookalike\00045.tif,C:\SlickTrace\outputs\part_iii_predictions\prediction_0345.tif,27,534,0.03951724251883285,220.83333333333334,970.2528089887641,10.420070406778994,42.272007223244245,205,961,34,21,EPSG:4326
345,Lookalike,A:\SIH26143_DATA\OFFICIAL_DATASET\PART_III_TEST\Images\Lookalike\00045.tif,C:\SlickTrace\outputs\part_iii_predictions\prediction_0345.tif,28,658,0.04869353104380527,410.3434650455927,976.8267477203648,10.437094391560256,42.271416676280296,383,965,49,23,EPSG:4326
345,Lookalike,A:\SIH26143_DATA\OFFICIAL_DATASET\PART_III_TEST\Images\Lookalike\00045.tif,C:\SlickTrace\outputs\part_iii_predictions\prediction_0345.tif,29,1419,0.1050093017494828,988.3481324876674,1018.2966878083157,10.48901743426582,42.267691368179044,946,984,85,67,EPSG:4326
345,Lookalike,A:\SIH26143_DATA\OFFICIAL_DATASET\PART_III_TEST\Images\Lookalike\00045.tif,C:\SlickTrace\outputs\part_iii_predictions\prediction_0345.tif,30,781,0.0577958172419634,861.1613316261204,1005.933418693982,10.4775920495506,42.26880197953975,840,996,44,22,EPSG:4326
345,Lookalike,A:\SIH26143_DATA\OFFICIAL_DATASET\PART_III_TEST\Images\Lookalike\00045.tif,C:\SlickTrace\outputs\part_iii_predictions\prediction_0345.tif,31,1650,0.12210383924358464,818.5781818181819,1035.8187878787878,10.473766740118759,42.26611733114873,783,1016,80,39,EPSG:4326
345,Lookalike,A:\SIH26143_DATA\OFFICIAL_DATASET\PART_III_TEST\Images\Lookalike\00045.tif,C:\SlickTrace\outputs\part_iii_predictions\prediction_0345.tif,32,70379,5.208209758863179,632.6287955213913,1236.328379204024,10.457062622540452,42.248105248098724,369,1043,550,455,EPSG:4326
345,Lookalike,A:\SIH26143_DATA\OFFICIAL_DATASET\PART_III_TEST\Images\Lookalike\00045.tif,C:\SlickTrace\outputs\part_iii_predictions\prediction_0345.tif,33,1374,0.10167919704283958,38.56113537117904,1090.5211062590975,10.403696616649047,42.26120333828095,2,1057,71,71,EPSG:4326
345,Lookalike,A:\SIH26143_DATA\OFFICIAL_DATASET\PART_III_TEST\Images\Lookalike\00045.tif,C:\SlickTrace\outputs\part_iii_predictions\prediction_0345.tif,34,505,0.037371175041218334,928.0217821782178,1122.9089108910891,10.483598226014006,42.25829389228895,914,1108,29,32,EPSG:4326
345,Lookalike,A:\SIH26143_DATA\OFFICIAL_DATASET\PART_III_TEST\Images\Lookalike\00045.tif,C:\SlickTrace\outputs\part_iii_predictions\prediction_0345.tif,35,679,0.05024757990690544,227.49484536082474,1134.9852724594994,10.420668820585957,42.257209054271605,210,1122,37,27,EPSG:4326
345,Lookalike,A:\SIH26143_DATA\OFFICIAL_DATASET\PART_III_TEST\Images\Lookalike\00045.tif,C:\SlickTrace\outputs\part_iii_predictions\prediction_0345.tif,36,930,0.06882216393729317,1188.3903225806453,1192.9655913978495,10.506987529948747,42.25200059360356,1166,1166,50,54,EPSG:4326
345,Lookalike,A:\SIH26143_DATA\OFFICIAL_DATASET\PART_III_TEST\Images\Lookalike\00045.tif,C:\SlickTrace\outputs\part_iii_predictions\prediction_0345.tif,37,1878,0.13897636975724362,1860.5851970181043,1235.0047923322684,10.567371822910143,42.2482241479304,1828,1213,60,45,EPSG:4326
345,Lookalike,A:\SIH26143_DATA\OFFICIAL_DATASET\PART_III_TEST\Images\Lookalike\00045.tif,C:\SlickTrace\outputs\part_iii_predictions\prediction_0345.tif,38,10138,0.7502355892433098,1195.5282106924442,1345.1815940027618,10.507628737347462,42.2383267974408,1121,1228,128,227,EPSG:4326
345,Lookalike,A:\SIH26143_DATA\OFFICIAL_DATASET\PART_III_TEST\Images\Lookalike\00045.tif,C:\SlickTrace\outputs\part_iii_predictions\prediction_0345.tif,39,670,0.0495815589655768,1793.913432835821,1263.220895522388,10.561382596431727,42.24568945225501,1779,1247,29,31,EPSG:4326
345,Lookalike,A:\SIH26143_DATA\OFFICIAL_DATASET\PART_III_TEST\Images\Lookalike\00045.tif,C:\SlickTrace\outputs\part_iii_predictions\prediction_0345.tif,40,750,0.05550174511072029,1640.804,1281.632,10.547628542065798,42.24403555460003,1623,1265,37,34,EPSG:4326
345,Lookalike,A:\SIH26143_DATA\OFFICIAL_DATASET\PART_III_TEST\Images\Lookalike\00045.tif,C:\SlickTrace\outputs\part_iii_predictions\prediction_0345.tif,41,770,0.05698179164700617,1699.5337662337663,1278.5,10.552904326729855,42.24431690694701,1673,1270,62,20,EPSG:4326
345,Lookalike,A:\SIH26143_DATA\OFFICIAL_DATASET\PART_III_TEST\Images\Lookalike\00045.tif,C:\SlickTrace\outputs\part_iii_predictions\prediction_0345.tif,42,2815,0.20831654998223684,1880.4103019538188,1307.9918294849024,10.569152742387447,42.24166761082872,1840,1281,92,65,EPSG:4326
345,Lookalike,A:\SIH26143_DATA\OFFICIAL_DATASET\PART_III_TEST\Images\Lookalike\00045.tif,C:\SlickTrace\outputs\part_iii_predictions\prediction_0345.tif,43,1111,0.08221658509068033,341.2160216021602,1321.77497749775,10.430884567660522,42.240429449576396,316,1305,53,35,EPSG:4326
345,Lookalike,A:\SIH26143_DATA\OFFICIAL_DATASET\PART_III_TEST\Images\Lookalike\00045.tif,C:\SlickTrace\outputs\part_iii_predictions\prediction_0345.tif,44,3927,0.2906071373997315,1831.6651387827858,1400.479755538579,10.564773889877102,42.23335927907167,1762,1347,130,108,EPSG:4326
345,Lookalike,A:\SIH26143_DATA\OFFICIAL_DATASET\PART_III_TEST\Images\Lookalike\00045.tif,C:\SlickTrace\outputs\part_iii_predictions\prediction_0345.tif,45,1292,0.0956110062440675,1697.655572755418,1363.4953560371516,10.552735605739041,42.23668164420628,1649,1354,86,24,EPSG:4326
345,Lookalike,A:\SIH26143_DATA\OFFICIAL_DATASET\PART_III_TEST\Images\Lookalike\00045.tif,C:\SlickTrace\outputs\part_iii_predictions\prediction_0345.tif,46,901,0.06667609645967865,271.8324084350721,1376.6182019977803,10.424651731642978,42.23550279889652,212,1358,102,44,EPSG:4326
345,Lookalike,A:\SIH26143_DATA\OFFICIAL_DATASET\PART_III_TEST\Images\Lookalike\00045.tif,C:\SlickTrace\outputs\part_iii_predictions\prediction_0345.tif,47,687,0.05083959852141979,935.8267831149927,1370.1572052401746,10.484299361177413,42.23608320011032,914,1360,46,20,EPSG:4326
345,Lookalike,A:\SIH26143_DATA\OFFICIAL_DATASET\PART_III_TEST\Images\Lookalike\00045.tif,C:\SlickTrace\outputs\part_iii_predictions\prediction_0345.tif,48,1027,0.07600038963827965,1607.726387536514,1372.7789678675754,10.544657129581985,42.23584768316637,1581,1360,51,28,EPSG:4326
345,Lookalike,A:\SIH26143_DATA\OFFICIAL_DATASET\PART_III_TEST\Images\Lookalike\00045.tif,C:\SlickTrace\outputs\part_iii_predictions\prediction_0345.tif,49,2126,0.15732894680718845,1075.6980244590782,1405.5512699905926,10.49686420856823,42.23290369717708,1046,1368,77,63,EPSG:4326
345,Lookalike,A:\SIH26143_DATA\OFFICIAL_DATASET\PART_III_TEST\Images\Lookalike\00045.tif,C:\SlickTrace\outputs\part_iii_predictions\prediction_0345.tif,50,3338,0.24701976690611246,372.98442180946677,1402.2971839424806,10.433738371606346,42.23319601670037,300,1377,116,63,EPSG:4326
345,Lookalike,A:\SIH26143_DATA\OFFICIAL_DATASET\PART_III_TEST\Images\Lookalike\00045.tif,C:\SlickTrace\outputs\part_iii_predictions\prediction_0345.tif,51,788,0.058313833529663454,1720.8756345177665,1469.4035532994924,10.554821499376972,42.22716774897485,1696,1452,49,34,EPSG:4326
345,Lookalike,A:\SIH26143_DATA\OFFICIAL_DATASET\PART_III_TEST\Images\Lookalike\00045.tif,C:\SlickTrace\outputs\part_iii_predictions\prediction_0345.tif,52,1067,0.0789604827108514,1260.153701968135,1480.834114339269,10.513434144003131,42.22614092420604,1232,1463,50,33,EPSG:4326
345,Lookalike,A:\SIH26143_DATA\OFFICIAL_DATASET\PART_III_TEST\Images\Lookalike\00045.tif,C:\SlickTrace\outputs\part_iii_predictions\prediction_0345.tif,53,2714,0.20084231497399319,1714.111274871039,1503.6120117907149,10.55421384661118,42.22409475086396,1654,1464,120,78,EPSG:4326
345,Lookalike,A:\SIH26143_DATA\OFFICIAL_DATASET\PART_III_TEST\Images\Lookalike\00045.tif,C:\SlickTrace\outputs\part_iii_predictions\prediction_0345.tif,54,1295,0.09583301322451038,1904.1289575289575,1504.9250965250965,10.571283425469638,42.22397679445534,1857,1464,102,82,EPSG:4326
345,Lookalike,A:\SIH26143_DATA\OFFICIAL_DATASET\PART_III_TEST\Images\Lookalike\00045.tif,C:\SlickTrace\outputs\part_iii_predictions\prediction_0345.tif,55,878,0.0649740429429499,1211.1947608200455,1538.6833712984055,10.509036087490367,42.2209442370359,1185,1527,48,26,EPSG:4326
345,Lookalike,A:\SIH26143_DATA\OFFICIAL_DATASET\PART_III_TEST\Images\Lookalike\00045.tif,C:\SlickTrace\outputs\part_iii_predictions\prediction_0345.tif,56,942,0.06971019185906469,1606.28025477707,1557.5658174097664,10.544527221265918,42.21924799804157,1566,1540,71,35,EPSG:4326
345,Lookalike,A:\SIH26143_DATA\OFFICIAL_DATASET\PART_III_TEST\Images\Lookalike\00045.tif,C:\SlickTrace\outputs\part_iii_predictions\prediction_0345.tif,57,4686,0.3467749034517804,1720.6730687153222,1611.089415279556,10.554803302581336,42.214439891438815,1548,1551,298,123,EPSG:4326
345,Lookalike,A:\SIH26143_DATA\OFFICIAL_DATASET\PART_III_TEST\Images\Lookalike\00045.tif,C:\SlickTrace\outputs\part_iii_predictions\prediction_0345.tif,58,651,0.048175514756105216,1175.9447004608294,1564.2703533026113,10.505869520691686,42.218645719335015,1156,1556,47,22,EPSG:4326
345,Lookalike,A:\SIH26143_DATA\OFFICIAL_DATASET\PART_III_TEST\Images\Lookalike\00045.tif,C:\SlickTrace\outputs\part_iii_predictions\prediction_0345.tif,59,4670,0.3455908662227517,1236.4543897216274,1614.087580299786,10.511305198561715,42.21417056169262,1185,1579,108,80,EPSG:4326
345,Lookalike,A:\SIH26143_DATA\OFFICIAL_DATASET\PART_III_TEST\Images\Lookalike\00045.tif,C:\SlickTrace\outputs\part_iii_predictions\prediction_0345.tif,60,14613,1.0813960017372741,147.50222404708137,1774.8612878943406,10.413482961151665,42.19972801381094,19,1621,317,271,EPSG:4326
345,Lookalike,A:\SIH26143_DATA\OFFICIAL_DATASET\PART_III_TEST\Images\Lookalike\00045.tif,C:\SlickTrace\outputs\part_iii_predictions\prediction_0345.tif,61,1908,0.14119643956167244,1015.1530398322851,1687.2342767295597,10.491425360061527,42.20759968215405,964,1649,85,59,EPSG:4326
345,Lookalike,A:\SIH26143_DATA\OFFICIAL_DATASET\PART_III_TEST\Images\Lookalike\00045.tif,C:\SlickTrace\outputs\part_iii_predictions\prediction_0345.tif,62,2419,0.17901162856377653,1112.3046713517983,1690.5845390657296,10.50015263960864,42.207298722967806,1053,1671,128,38,EPSG:4326
345,Lookalike,A:\SIH26143_DATA\OFFICIAL_DATASET\PART_III_TEST\Images\Lookalike\00045.tif,C:\SlickTrace\outputs\part_iii_predictions\prediction_0345.tif,63,1962,0.1451925652096443,1321.427624872579,1724.1345565749236,10.518938474149433,42.20428487361671,1262,1695,117,60,EPSG:4326
345,Lookalike,A:\SIH26143_DATA\OFFICIAL_DATASET\PART_III_TEST\Images\Lookalike\00045.tif,C:\SlickTrace\outputs\part_iii_predictions\prediction_0345.tif,64,787,0.05823983120284916,1242.6353240152478,1770.828462515883,10.511860441336324,42.20009028867851,1224,1753,36,35,EPSG:4326
345,Lookalike,A:\SIH26143_DATA\OFFICIAL_DATASET\PART_III_TEST\Images\Lookalike\00045.tif,C:\SlickTrace\outputs\part_iii_predictions\prediction_0345.tif,65,831,0.06149593358267809,1159.6594464500602,1840.8724428399519,10.504406591433321,42.193798130869936,1133,1812,54,57,EPSG:4326
345,Lookalike,A:\SIH26143_DATA\OFFICIAL_DATASET\PART_III_TEST\Images\Lookalike\00045.tif,C:\SlickTrace\outputs\part_iii_predictions\prediction_0345.tif,66,2683,0.19854824284275008,421.74953410361536,1900.175549757734,10.43811901617691,42.188470842135935,347,1878,149,54,EPSG:4326
345,Lookalike,A:\SIH26143_DATA\OFFICIAL_DATASET\PART_III_TEST\Images\Lookalike\00045.tif,C:\SlickTrace\outputs\part_iii_predictions\prediction_0345.tif,67,682,0.050469586887348324,2020.0381231671554,1933.1774193548388,10.581695722975871,42.18550623374958,2001,1919,43,30,EPSG:4326
345,Lookalike,A:\SIH26143_DATA\OFFICIAL_DATASET\PART_III_TEST\Images\Lookalike\00045.tif,C:\SlickTrace\outputs\part_iii_predictions\prediction_0345.tif,68,7676,0.5680418606265186,766.7361907243356,1987.9327774882752,10.46910969482288,42.18058747623971,616,1954,293,91,EPSG:4326
345,Lookalike,A:\SIH26143_DATA\OFFICIAL_DATASET\PART_III_TEST\Images\Lookalike\00045.tif,C:\SlickTrace\outputs\part_iii_predictions\prediction_0345.tif,69,679,0.05024757990690544,1207.217967599411,1963.8144329896907,10.50867884607718,42.18275406398878,1187,1954,44,22,EPSG:4326
345,Lookalike,A:\SIH26143_DATA\OFFICIAL_DATASET\PART_III_TEST\Images\Lookalike\00045.tif,C:\SlickTrace\outputs\part_iii_predictions\prediction_0345.tif,70,1932,0.14297249540521548,998.7831262939959,2023.9715320910973,10.489954825708411,42.177350059831674,939,2009,120,28,EPSG:4326
346,Lookalike,A:\SIH26143_DATA\OFFICIAL_DATASET\PART_III_TEST\Images\Lookalike\00046.tif,C:\SlickTrace\outputs\part_iii_predictions\prediction_0346.tif,1,1223626,90.58437711536584,1698.8581053361077,817.8391305840183,10.557459828876407,42.26257637587181,1050,0,998,2021,EPSG:4326
346,Lookalike,A:\SIH26143_DATA\OFFICIAL_DATASET\PART_III_TEST\Images\Lookalike\00046.tif,C:\SlickTrace\outputs\part_iii_predictions\prediction_0346.tif,2,2964,0.21942333177780168,1123.4419703103913,390.3741565452092,10.50576931799415,42.30097620783229,1088,350,68,88,EPSG:4326
346,Lookalike,A:\SIH26143_DATA\OFFICIAL_DATASET\PART_III_TEST\Images\Lookalike\00046.tif,C:\SlickTrace\outputs\part_iii_predictions\prediction_0346.tif,3,955,0.07069813827523637,944.9507853403142,411.90785340314136,10.489735182040226,42.299041802931185,929,384,32,59,EPSG:4326
346,Lookalike,A:\SIH26143_DATA\OFFICIAL_DATASET\PART_III_TEST\Images\Lookalike\00046.tif,C:\SlickTrace\outputs\part_iii_predictions\prediction_0346.tif,4,905,0.06699666506710882,1011.3624309392266,430.26629834254146,10.49570104166873,42.29739263576301,982,408,62,46,EPSG:4326
346,Lookalike,A:\SIH26143_DATA\OFFICIAL_DATASET\PART_III_TEST\Images\Lookalike\00046.tif,C:\SlickTrace\outputs\part_iii_predictions\prediction_0346.tif,5,2102,0.15560993366968257,1094.2526165556612,467.5899143672693,10.503147193733003,42.294039798289646,1075,428,42,88,EPSG:4326
346,Lookalike,A:\SIH26143_DATA\OFFICIAL_DATASET\PART_III_TEST\Images\Lookalike\00046.tif,C:\SlickTrace\outputs\part_iii_predictions\prediction_0346.tif,6,730,0.05404150883866236,878.745205479452,575.1041095890411,10.483787833611926,42.284381633806895,864,555,31,43,EPSG:4326
346,Lookalike,A:\SIH26143_DATA\OFFICIAL_DATASET\PART_III_TEST\Images\Lookalike\00046.tif,C:\SlickTrace\outputs\part_iii_predictions\prediction_0346.tif,7,1152,0.08528194271525895,1330.5078125,622.7647569444445,10.524370359079949,42.28010020500986,1317,582,28,85,EPSG:4326
346,Lookalike,A:\SIH26143_DATA\OFFICIAL_DATASET\PART_III_TEST\Images\Lookalike\00046.tif,C:\SlickTrace\outputs\part_iii_predictions\prediction_0346.tif,8,626,0.046342444565757035,1152.5223642172523,644.908945686901,10.508381654225623,42.27811095868968,1140,630,27,31,EPSG:4326
346,Lookalike,A:\SIH26143_DATA\OFFICIAL_DATASET\PART_III_TEST\Images\Lookalike\00046.tif,C:\SlickTrace\outputs\part_iii_predictions\prediction_0346.tif,9,928,0.06869934274284749,1079.4859913793102,772.4622844827586,10.501820685223926,42.266652647311595,1057,757,49,33,EPSG:4326
346,Lookalike,A:\SIH26143_DATA\OFFICIAL_DATASET\PART_III_TEST\Images\Lookalike\00046.tif,C:\SlickTrace\outputs\part_iii_predictions\prediction_0346.tif,10,603,0.044639766890018355,877.0547263681592,801.0912106135987,10.483635975289609,42.26408086712047,866,782,24,41,EPSG:4326
346,Lookalike,A:\SIH26143_DATA\OFFICIAL_DATASET\PART_III_TEST\Images\Lookalike\00046.tif,C:\SlickTrace\outputs\part_iii_predictions\prediction_0346.tif,11,685,0.050710182951347556,1063.3153284671532,819.9343065693431,10.500368049859093,42.262388163010755,1052,804,25,35,EPSG:4326
346,Lookalike,A:\SIH26143_DATA\OFFICIAL_DATASET\PART_III_TEST\Images\Lookalike\00046.tif,C:\SlickTrace\outputs\part_iii_predictions\prediction_0346.tif,12,4705,0.3483086288848033,980.0952178533475,927.1022316684379,10.492892260128043,42.25276110450236,885,828,203,179,EPSG:4326
346,Lookalike,A:\SIH26143_DATA\OFFICIAL_DATASET\PART_III_TEST\Images\Lookalike\00046.tif,C:\SlickTrace\outputs\part_iii_predictions\prediction_0346.tif,13,1638,0.12126026229825883,1098.456043956044,873.003663003663,10.503524794040949,42.25762086161042,1084,833,34,75,EPSG:4326
346,Lookalike,A:\SIH26143_DATA\OFFICIAL_DATASET\PART_III_TEST\Images\Lookalike\00046.tif,C:\SlickTrace\outputs\part_iii_predictions\prediction_0346.tif,14,1226,0.09076012306328773,1142.1508972267536,853.7944535073409,10.507449969493992,42.25934645425906,1123,833,41,45,EPSG:4326
346,Lookalike,A:\SIH26143_DATA\OFFICIAL_DATASET\PART_III_TEST\Images\Lookalike\00046.tif,C:\SlickTrace\outputs\part_iii_predictions\prediction_0346.tif,15,2019,0.14946548814419083,1468.0851906884595,1280.7969291728577,10.536729145237528,42.22098816923434,1445,1222,49,107,EPSG:4326
346,Lookalike,A:\SIH26143_DATA\OFFICIAL_DATASET\PART_III_TEST\Images\Lookalike\00046.tif,C:\SlickTrace\outputs\part_iii_predictions\prediction_0346.tif,16,1208,0.08942759270836181,1782.2218543046358,1981.1365894039734,10.5649485218604,42.158075587148275,1755,1953,50,60,EPSG:4326
350,Lookalike,A:\SIH26143_DATA\OFFICIAL_DATASET\PART_III_TEST\Images\Lookalike\00050.tif,C:\SlickTrace\outputs\part_iii_predictions\prediction_0350.tif,1,523,0.03603518569698734,1908.4225621414914,278.51434034416826,-3.9399271607360986,46.51573002608934,1893,270,33,20,EPSG:4326
350,Lookalike,A:\SIH26143_DATA\OFFICIAL_DATASET\PART_III_TEST\Images\Lookalike\00050.tif,C:\SlickTrace\outputs\part_iii_predictions\prediction_0350.tif,2,696,0.047955046357749886,2035.8951149425288,309.6867816091954,-3.928476106487408,46.51292975804617,2023,294,25,35,EPSG:4326
350,Lookalike,A:\SIH26143_DATA\OFFICIAL_DATASET\PART_III_TEST\Images\Lookalike\00050.tif,C:\SlickTrace\outputs\part_iii_predictions\prediction_0350.tif,3,3160,0.21772693461277245,1709.81582278481,496.0386075949367,-3.9577683076854235,46.496189488695514,1666,455,99,75,EPSG:4326
350,Lookalike,A:\SIH26143_DATA\OFFICIAL_DATASET\PART_III_TEST\Images\Lookalike\00050.tif,C:\SlickTrace\outputs\part_iii_predictions\prediction_0350.tif,4,8811,0.6070860825547906,1561.8162524117581,542.639087504256,-3.971063335296347,46.49200329636053,1489,483,150,127,EPSG:4326
350,Lookalike,A:\SIH26143_DATA\OFFICIAL_DATASET\PART_III_TEST\Images\Lookalike\00050.tif,C:\SlickTrace\outputs\part_iii_predictions\prediction_0350.tif,5,1246,0.08585055712896028,1648.749598715891,527.1661316211878,-3.9632539799278814,46.493393255636555,1630,496,43,58,EPSG:4326
350,Lookalike,A:\SIH26143_DATA\OFFICIAL_DATASET\PART_III_TEST\Images\Lookalike\00050.tif,C:\SlickTrace\outputs\part_iii_predictions\prediction_0350.tif,6,1663,0.11458224438640525,1361.2916416115454,600.405892964522,-3.9890767675687417,46.486814015934556,1330,572,60,53,EPSG:4326
350,Lookalike,A:\SIH26143_DATA\OFFICIAL_DATASET\PART_III_TEST\Images\Lookalike\00050.tif,C:\SlickTrace\outputs\part_iii_predictions\prediction_0350.tif,7,767,0.052847012293669775,1482.949152542373,589.1212516297262,-3.978148087419032,46.48782773251324,1467,574,31,37,EPSG:4326
350,Lookalike,A:\SIH26143_DATA\OFFICIAL_DATASET\PART_III_TEST\Images\Lookalike\00050.tif,C:\SlickTrace\outputs\part_iii_predictions\prediction_0350.tif,8,740,0.050986687219446714,1413.6,638.0378378378379,-3.9843778277859867,46.483433480809474,1394,626,42,25,EPSG:4326
350,Lookalike,A:\SIH26143_DATA\OFFICIAL_DATASET\PART_III_TEST\Images\Lookalike\00050.tif,C:\SlickTrace\outputs\part_iii_predictions\prediction_0350.tif,9,1336,0.0920516407097038,1355.5688622754492,650.6661676646706,-3.989590853583268,46.48229905863984,1331,630,58,49,EPSG:4326
350,Lookalike,A:\SIH26143_DATA\OFFICIAL_DATASET\PART_III_TEST\Images\Lookalike\00050.tif,C:\SlickTrace\outputs\part_iii_predictions\prediction_0350.tif,10,704,0.04850625378714931,1097.4943181818182,664.7627840909091,-4.012774084323416,46.48103273804083,1084,649,28,33,EPSG:4326
350,Lookalike,A:\SIH26143_DATA\OFFICIAL_DATASET\PART_III_TEST\Images\Lookalike\00050.tif,C:\SlickTrace\outputs\part_iii_predictions\prediction_0350.tif,11,1686,0.1161669657459286,1281.7758007117438,670.0338078291815,-3.996219797089733,46.48055923392212,1250,648,76,49,EPSG:4326
350,Lookalike,A:\SIH26143_DATA\OFFICIAL_DATASET\PART_III_TEST\Images\Lookalike\00050.tif,C:\SlickTrace\outputs\part_iii_predictions\prediction_0350.tif,12,886,0.061046222805986206,199.44018058690745,685.7539503386005,-4.093447660100245,46.47914706949365,173,667,56,36,EPSG:4326
350,Lookalike,A:\SIH26143_DATA\OFFICIAL_DATASET\PART_III_TEST\Images\Lookalike\00050.tif,C:\SlickTrace\outputs\part_iii_predictions\prediction_0350.tif,13,5625,0.38756772379647,1231.744888888889,740.6060444444445,-4.0007141503666235,46.47421962204353,1168,673,126,114,EPSG:4326
350,Lookalike,A:\SIH26143_DATA\OFFICIAL_DATASET\PART_III_TEST\Images\Lookalike\00050.tif,C:\SlickTrace\outputs\part_iii_predictions\prediction_0350.tif,14,1903,0.13111846726838797,1423.3631108775617,696.9169732002102,-3.9835007926138,46.478144278088294,1382,677,82,48,EPSG:4326
350,Lookalike,A:\SIH26143_DATA\OFFICIAL_DATASET\PART_III_TEST\Images\Lookalike\00050.tif,C:\SlickTrace\outputs\part_iii_predictions\prediction_0350.tif,15,1013,0.06979664074770206,260.8904244817374,715.1974333662389,-4.087927490769885,46.47650211641151,240,692,43,49,EPSG:4326
350,Lookalike,A:\SIH26143_DATA\OFFICIAL_DATASET\PART_III_TEST\Images\Lookalike\00050.tif,C:\SlickTrace\outputs\part_iii_predictions\prediction_0350.tif,16,587,0.04044484513218273,147.92333901192504,718.5826235093697,-4.098075496717882,46.47619801960698,133,705,31,28,EPSG:4326
350,Lookalike,A:\SIH26143_DATA\OFFICIAL_DATASET\PART_III_TEST\Images\Lookalike\00050.tif,C:\SlickTrace\outputs\part_iii_predictions\prediction_0350.tif,17,2600,0.17914241455481278,1104.956153846154,749.6065384615384,-4.01210377622093,46.47341109390951,1042,707,123,83,EPSG:4326
350,Lookalike,A:\SIH26143_DATA\OFFICIAL_DATASET\PART_III_TEST\Images\Lookalike\00050.tif,C:\SlickTrace\outputs\part_iii_predictions\prediction_0350.tif,18,2033,0.14007558799612863,1402.6379734382685,744.2208558780128,-3.9853625633865195,46.47389489800753,1370,709,80,62,EPSG:4326
350,Lookalike,A:\SIH26143_DATA\OFFICIAL_DATASET\PART_III_TEST\Images\Lookalike\00050.tif,C:\SlickTrace\outputs\part_iii_predictions\prediction_0350.tif,19,8901,0.6132871661355341,283.31872823278286,809.3769239411303,-4.085912721964241,46.468041828828106,210,725,136,186,EPSG:4326
350,Lookalike,A:\SIH26143_DATA\OFFICIAL_DATASET\PART_III_TEST\Images\Lookalike\00050.tif,C:\SlickTrace\outputs\part_iii_predictions\prediction_0350.tif,20,748,0.05153789464884614,618.4291443850267,744.2887700534759,-4.0558092410945195,46.473888797173345,604,725,32,39,EPSG:4326
350,Lookalike,A:\SIH26143_DATA\OFFICIAL_DATASET\PART_III_TEST\Images\Lookalike\00050.tif,C:\SlickTrace\outputs\part_iii_predictions\prediction_0350.tif,21,1144,0.07882266240411763,427.159965034965,744.0821678321678,-4.072991243813635,46.473907356566656,389,729,79,31,EPSG:4326
350,Lookalike,A:\SIH26143_DATA\OFFICIAL_DATASET\PART_III_TEST\Images\Lookalike\00050.tif,C:\SlickTrace\outputs\part_iii_predictions\prediction_0350.tif,22,7311,0.5037346895423985,533.8428395568321,784.2613869511695,-4.063407758139956,46.4702979959028,442,732,208,97,EPSG:4326
350,Lookalike,A:\SIH26143_DATA\OFFICIAL_DATASET\PART_III_TEST\Images\Lookalike\00050.tif,C:\SlickTrace\outputs\part_iii_predictions\prediction_0350.tif,23,749,0.05160679557752107,1352.4365821094793,764.9465954606142,-3.9898722310979915,46.47203307314336,1338,744,31,51,EPSG:4326
350,Lookalike,A:\SIH26143_DATA\OFFICIAL_DATASET\PART_III_TEST\Images\Lookalike\00050.tif,C:\SlickTrace\outputs\part_iii_predictions\prediction_0350.tif,24,3179,0.2190360522575961,447.9764076753696,850.5561497326203,-4.071121270955148,46.464342636036434,396,820,103,78,EPSG:4326
350,Lookalike,A:\SIH26143_DATA\OFFICIAL_DATASET\PART_III_TEST\Images\Lookalike\00050.tif,C:\SlickTrace\outputs\part_iii_predictions\prediction_0350.tif,25,745,0.051331191862821354,116.61208053691276,863.2053691275167,-4.100888234923194,46.463206337324976,94,848,48,30,EPSG:4326
350,Lookalike,A:\SIH26143_DATA\OFFICIAL_DATASET\PART_III_TEST\Images\Lookalike\00050.tif,C:\SlickTrace\outputs\part_iii_predictions\prediction_0350.tif,26,619,0.04264967484978043,381.108239095315,861.9725363489499,-4.077128140740802,46.463317084577746,367,848,30,28,EPSG:4326
351,Lookalike,A:\SIH26143_DATA\OFFICIAL_DATASET\PART_III_TEST\Images\Lookalike\00051.tif,C:\SlickTrace\outputs\part_iii_predictions\prediction_0351.tif,1,831098,57.43978033071214,1109.7451913011462,378.9857369407699,-4.011673569666726,46.338719568841036,238,0,1810,1065,EPSG:4326
351,Lookalike,A:\SIH26143_DATA\OFFICIAL_DATASET\PART_III_TEST\Images\Lookalike\00051.tif,C:\SlickTrace\outputs\part_iii_predictions\prediction_0351.tif,2,693,0.047895395933071086,1812.890331890332,70.78643578643579,-3.9485089669921627,46.366405583119224,1800,42,27,57,EPSG:4326
351,Lookalike,A:\SIH26143_DATA\OFFICIAL_DATASET\PART_III_TEST\Images\Lookalike\00051.tif,C:\SlickTrace\outputs\part_iii_predictions\prediction_0351.tif,3,24928,1.722851991081668,223.85109114249036,219.2567795250321,-4.0912547906951096,46.35306826521734,125,47,211,284,EPSG:4326
351,Lookalike,A:\SIH26143_DATA\OFFICIAL_DATASET\PART_III_TEST\Images\Lookalike\00051.tif,C:\SlickTrace\outputs\part_iii_predictions\prediction_0351.tif,4,1671,0.11548803261783806,1710.8114901256733,117.0849790544584,-3.957678865366404,46.36224651421421,1693,80,33,78,EPSG:4326
351,Lookalike,A:\SIH26143_DATA\OFFICIAL_DATASET\PART_III_TEST\Images\Lookalike\00051.tif,C:\SlickTrace\outputs\part_iii_predictions\prediction_0351.tif,5,963,0.06655593980309878,99.88681204569055,219.27933541017654,-4.10239069135486,46.3530662389877,86,196,29,45,EPSG:4326
351,Lookalike,A:\SIH26143_DATA\OFFICIAL_DATASET\PART_III_TEST\Images\Lookalike\00051.tif,C:\SlickTrace\outputs\part_iii_predictions\prediction_0351.tif,6,2434,0.16822134733202743,1830.8685291700904,279.75636811832373,-3.9468939580524305,46.34763349470571,1786,233,90,76,EPSG:4326
351,Lookalike,A:\SIH26143_DATA\OFFICIAL_DATASET\PART_III_TEST\Images\Lookalike\00051.tif,C:\SlickTrace\outputs\part_iii_predictions\prediction_0351.tif,7,3508,0.24244884405947092,2006.7839224629417,326.32297605473207,-3.931091209401744,46.34345034514182,1946,282,101,105,EPSG:4326
351,Lookalike,A:\SIH26143_DATA\OFFICIAL_DATASET\PART_III_TEST\Images\Lookalike\00051.tif,C:\SlickTrace\outputs\part_iii_predictions\prediction_0351.tif,8,694,0.04796450905851563,187.8515850144092,320.2521613832853,-4.09448868135267,46.34399569570246,175,300,26,44,EPSG:4326
351,Lookalike,A:\SIH26143_DATA\OFFICIAL_DATASET\PART_III_TEST\Images\Lookalike\00051.tif,C:\SlickTrace\outputs\part_iii_predictions\prediction_0351.tif,9,655,0.045269097166178295,1927.9206106870229,331.69160305343513,-3.938175621234203,46.342968073173054,1910,317,37,33,EPSG:4326
351,Lookalike,A:\SIH26143_DATA\OFFICIAL_DATASET\PART_III_TEST\Images\Lookalike\00051.tif,C:\SlickTrace\outputs\part_iii_predictions\prediction_0351.tif,10,1345,0.09295715372291574,311.7189591078067,375.11078066914496,-4.083361485817485,46.33906766208544,281,356,63,44,EPSG:4326
351,Lookalike,A:\SIH26143_DATA\OFFICIAL_DATASET\PART_III_TEST\Images\Lookalike\00051.tif,C:\SlickTrace\outputs\part_iii_predictions\prediction_0351.tif,11,1835,0.12682258519074377,1937.7907356948228,403.20871934604907,-3.9372889728191356,46.336543581308874,1919,360,47,86,EPSG:4326
351,Lookalike,A:\SIH26143_DATA\OFFICIAL_DATASET\PART_III_TEST\Images\Lookalike\00051.tif,C:\SlickTrace\outputs\part_iii_predictions\prediction_0351.tif,12,1234,0.08528559679857102,798.1401944894651,432.2698541329011,-4.039665522791121,46.33393297515359,787,391,27,84,EPSG:4326
351,Lookalike,A:\SIH26143_DATA\OFFICIAL_DATASET\PART_III_TEST\Images\Lookalike\00051.tif,C:\SlickTrace\outputs\part_iii_predictions\prediction_0351.tif,13,556,0.03842689774716814,996.3938848920864,443.2482014388489,-4.021856090768944,46.33294677343565,977,430,35,27,EPSG:4326
351,Lookalike,A:\SIH26143_DATA\OFFICIAL_DATASET\PART_III_TEST\Images\Lookalike\00051.tif,C:\SlickTrace\outputs\part_iii_predictions\prediction_0351.tif,14,849,0.058677043502420416,648.8268551236749,519.035335689046,-4.053078568278642,46.326138699332,630,499,40,40,EPSG:4326
351,Lookalike,A:\SIH26143_DATA\OFFICIAL_DATASET\PART_III_TEST\Images\Lookalike\00051.tif,C:\SlickTrace\outputs\part_iii_predictions\prediction_0351.tif,15,563,0.03891068962527997,752.2113676731794,550.6412078152753,-4.043791379502196,46.323299495532105,744,532,19,37,EPSG:4326
351,Lookalike,A:\SIH26143_DATA\OFFICIAL_DATASET\PART_III_TEST\Images\Lookalike\00051.tif,C:\SlickTrace\outputs\part_iii_predictions\prediction_0351.tif,16,680,0.04699692530229197,792.5514705882352,561.8838235294118,-4.040167566401041,46.32228955417916,777,543,34,44,EPSG:4326
351,Lookalike,A:\SIH26143_DATA\OFFICIAL_DATASET\PART_III_TEST\Images\Lookalike\00051.tif,C:\SlickTrace\outputs\part_iii_predictions\prediction_0351.tif,17,1787,0.12350515516940552,480.19138220481256,611.3710128707331,-4.068227350555416,46.31784404432381,457,570,47,77,EPSG:4326
351,Lookalike,A:\SIH26143_DATA\OFFICIAL_DATASET\PART_III_TEST\Images\Lookalike\00051.tif,C:\SlickTrace\outputs\part_iii_predictions\prediction_0351.tif,18,1021,0.0705645010788825,820.6474045053869,601.3261508325171,-4.037643665715102,46.31874638963339,800,577,39,49,EPSG:4326
351,Lookalike,A:\SIH26143_DATA\OFFICIAL_DATASET\PART_III_TEST\Images\Lookalike\00051.tif,C:\SlickTrace\outputs\part_iii_predictions\prediction_0351.tif,19,3979,0.2750011261438526,561.6335762754461,660.4144257351094,-4.0609112737848285,46.31343839958767,516,609,94,108,EPSG:4326
351,Lookalike,A:\SIH26143_DATA\OFFICIAL_DATASET\PART_III_TEST\Images\Lookalike\00051.tif,C:\SlickTrace\outputs\part_iii_predictions\prediction_0351.tif,20,2100,0.14513756343354872,321.2342857142857,674.4785714285714,-4.082506709485086,46.31217499588421,302,616,43,126,EPSG:4326
351,Lookalike,A:\SIH26143_DATA\OFFICIAL_DATASET\PART_III_TEST\Images\Lookalike\00051.tif,C:\SlickTrace\outputs\part_iii_predictions\prediction_0351.tif,21,1350,0.09330271935013847,809.6948148148148,657.8614814814815,-4.038627553587075,46.31366773447192,792,629,35,60,EPSG:4326
351,Lookalike,A:\SIH26143_DATA\OFFICIAL_DATASET\PART_III_TEST\Images\Lookalike\00051.tif,C:\SlickTrace\outputs\part_iii_predictions\prediction_0351.tif,22,4429,0.30610203259389873,1484.6400993452246,714.9403928652066,-3.9779961870832685,46.30854024862223,1451,649,70,129,EPSG:4326
351,Lookalike,A:\SIH26143_DATA\OFFICIAL_DATASET\PART_III_TEST\Images\Lookalike\00051.tif,C:\SlickTrace\outputs\part_iii_predictions\prediction_0351.tif,23,1155,0.0798256598884518,1786.4251082251083,696.7601731601732,-3.9508863784837738,46.3101734055452,1754,668,58,61,EPSG:4326
351,Lookalike,A:\SIH26143_DATA\OFFICIAL_DATASET\PART_III_TEST\Images\Lookalike\00051.tif,C:\SlickTrace\outputs\part_iii_predictions\prediction_0351.tif,24,1627,0.112447055098278,1738.1518131530424,713.5857406269207,-3.9552228423615787,46.30866193910326,1713,679,52,65,EPSG:4326
351,Lookalike,A:\SIH26143_DATA\OFFICIAL_DATASET\PART_III_TEST\Images\Lookalike\00051.tif,C:\SlickTrace\outputs\part_iii_predictions\prediction_0351.tif,25,600,0.04146787526672821,1777.66,735.71,-3.951673761552332,46.3066744830688,1763,722,30,28,EPSG:4326
351,Lookalike,A:\SIH26143_DATA\OFFICIAL_DATASET\PART_III_TEST\Images\Lookalike\00051.tif,C:\SlickTrace\outputs\part_iii_predictions\prediction_0351.tif,26,1367,0.09447764248269577,408.8054133138259,751.1697147037308,-4.074640061248061,46.30528571326815,381,730,53,39,EPSG:4326
351,Lookalike,A:\SIH26143_DATA\OFFICIAL_DATASET\PART_III_TEST\Images\Lookalike\00051.tif,C:\SlickTrace\outputs\part_iii_predictions\prediction_0351.tif,27,3044,0.2103803538532011,1169.4126149802892,752.4250985545335,-4.006313553801226,46.305172940218085,1071,731,181,45,EPSG:4326
351,Lookalike,A:\SIH26143_DATA\OFFICIAL_DATASET\PART_III_TEST\Images\Lookalike\00051.tif,C:\SlickTrace\outputs\part_iii_predictions\prediction_0351.tif,28,2719,0.18791858808372333,1022.6800294225818,812.2276572269217,-4.019494766229712,46.2998007849696,980,767,89,88,EPSG:4326
351,Lookalike,A:\SIH26143_DATA\OFFICIAL_DATASET\PART_III_TEST\Images\Lookalike\00051.tif,C:\SlickTrace\outputs\part_iii_predictions\prediction_0351.tif,29,637,0.04402506090817645,1183.8932496075354,786.552590266876,-4.0050127362602845,46.3021072154767,1162,770,43,33,EPSG:4326
351,Lookalike,A:\SIH26143_DATA\OFFICIAL_DATASET\PART_III_TEST\Images\Lookalike\00051.tif,C:\SlickTrace\outputs\part_iii_predictions\prediction_0351.tif,30,13730,0.9489232123536305,397.2102694828842,942.5848506919156,-4.075681670740551,46.28809059904115,324,796,128,260,EPSG:4326
351,Lookalike,A:\SIH26143_DATA\OFFICIAL_DATASET\PART_III_TEST\Images\Lookalike\00051.tif,C:\SlickTrace\outputs\part_iii_predictions\prediction_0351.tif,31,2647,0.18294244305171595,900.7461276917264,862.0638458632415,-4.030448274987427,46.29532392397417,869,820,73,87,EPSG:4326
351,Lookalike,A:\SIH26143_DATA\OFFICIAL_DATASET\PART_III_TEST\Images\Lookalike\00051.tif,C:\SlickTrace\outputs\part_iii_predictions\prediction_0351.tif,32,753,0.0520421834597439,304.9269588313413,910.9960159362549,-4.083971621583294,46.290928272348,290,896,34,33,EPSG:4326
351,Lookalike,A:\SIH26143_DATA\OFFICIAL_DATASET\PART_III_TEST\Images\Lookalike\00051.tif,C:\SlickTrace\outputs\part_iii_predictions\prediction_0351.tif,33,596,0.041191422764950025,799.8087248322148,912.3825503355705,-4.03951563616023,46.290803717843716,790,896,22,38,EPSG:4326
351,Lookalike,A:\SIH26143_DATA\OFFICIAL_DATASET\PART_III_TEST\Images\Lookalike\00051.tif,C:\SlickTrace\outputs\part_iii_predictions\prediction_0351.tif,34,1990,0.13753511963464857,475.10251256281407,955.2467336683417,-4.068684491493246,46.2869531627408,443,929,70,52,EPSG:4326
351,Lookalike,A:\SIH26143_DATA\OFFICIAL_DATASET\PART_III_TEST\Images\Lookalike\00051.tif,C:\SlickTrace\outputs\part_iii_predictions\prediction_0351.tif,35,775,0.05356267221952394,151.64903225806452,998.3909677419355,-4.097740811999187,46.28307745025181,137,980,30,35,EPSG:4326
351,Lookalike,A:\SIH26143_DATA\OFFICIAL_DATASET\PART_III_TEST\Images\Lookalike\00051.tif,C:\SlickTrace\outputs\part_iii_predictions\prediction_0351.tif,36,677,0.04678958592595833,522.9409158050222,1004.1373707533235,-4.0643870946132115,46.28256124208642,497,990,51,28,EPSG:4326
351,Lookalike,A:\SIH26143_DATA\OFFICIAL_DATASET\PART_III_TEST\Images\Lookalike\00051.tif,C:\SlickTrace\outputs\part_iii_predictions\prediction_0351.tif,37,1104,0.07630089049077991,567.2463768115942,1019.9664855072464,-4.060407067333995,46.28113928851467,549,998,37,51,EPSG:4326
351,Lookalike,A:\SIH26143_DATA\OFFICIAL_DATASET\PART_III_TEST\Images\Lookalike\00051.tif,C:\SlickTrace\outputs\part_iii_predictions\prediction_0351.tif,38,1055,0.0729143473439971,296.9876777251185,1098.2464454976302,-4.084684819339559,46.27410728006471,281,1074,37,47,EPSG:4326
351,Lookalike,A:\SIH26143_DATA\OFFICIAL_DATASET\PART_III_TEST\Images\Lookalike\00051.tif,C:\SlickTrace\outputs\part_iii_predictions\prediction_0351.tif,39,500,0.03455656272227351,655.366,1142.224,-4.052491146899895,46.27015670912794,643,1128,26,29,EPSG:4326
352,Lookalike,A:\SIH26143_DATA\OFFICIAL_DATASET\PART_III_TEST\Images\Lookalike\00052.tif,C:\SlickTrace\outputs\part_iii_predictions\prediction_0352.tif,1,1876190,130.066361650281,1361.5352752119989,1187.0310938657599,-3.989054881590041,46.098146661271926,356,241,1692,1807,EPSG:4326
352,Lookalike,A:\SIH26143_DATA\OFFICIAL_DATASET\PART_III_TEST\Images\Lookalike\00052.tif,C:\SlickTrace\outputs\part_iii_predictions\prediction_0352.tif,2,874,0.060589812376329474,1922.5469107551487,321.7139588100687,-3.9386583489123104,46.175879422075035,1907,292,30,61,EPSG:4326
352,Lookalike,A:\SIH26143_DATA\OFFICIAL_DATASET\PART_III_TEST\Images\Lookalike\00052.tif,C:\SlickTrace\outputs\part_iii_predictions\prediction_0352.tif,3,1325,0.0918552647581654,806.9766037735849,314.3154716981132,-4.038871734639455,46.176544039480234,765,297,73,33,EPSG:4326
352,Lookalike,A:\SIH26143_DATA\OFFICIAL_DATASET\PART_III_TEST\Images\Lookalike\00052.tif,C:\SlickTrace\outputs\part_iii_predictions\prediction_0352.tif,4,709,0.04915123223663341,1120.1833568406205,315.8547249647391,-4.010735893302498,46.17640576600668,1097,302,39,32,EPSG:4326
352,Lookalike,A:\SIH26143_DATA\OFFICIAL_DATASET\PART_III_TEST\Images\Lookalike\00052.tif,C:\SlickTrace\outputs\part_iii_predictions\prediction_0352.tif,5,4040,0.28007190160225526,1046.0601485148516,347.5957920792079,-4.0173944943972,46.17355441743436,1006,305,89,93,EPSG:4326
352,Lookalike,A:\SIH26143_DATA\OFFICIAL_DATASET\PART_III_TEST\Images\Lookalike\00052.tif,C:\SlickTrace\outputs\part_iii_predictions\prediction_0352.tif,6,3363,0.23313906066544168,624.5706214689266,378.923877490336,-4.055257542821366,46.17074016763966,594,318,61,122,EPSG:4326
352,Lookalike,A:\SIH26143_DATA\OFFICIAL_DATASET\PART_III_TEST\Images\Lookalike\00052.tif,C:\SlickTrace\outputs\part_iii_predictions\prediction_0352.tif,7,1646,0.1141085024844832,713.0085054678008,336.8280680437424,-4.047313032532228,46.17452169854199,677,320,74,36,EPSG:4326
352,Lookalike,A:\SIH26143_DATA\OFFICIAL_DATASET\PART_III_TEST\Images\Lookalike\00052.tif,C:\SlickTrace\outputs\part_iii_predictions\prediction_0352.tif,8,683,0.047348789305529784,1075.5402635431917,375.900439238653,-4.014746250606444,46.171011767718866,1055,361,40,30,EPSG:4326
352,Lookalike,A:\SIH26143_DATA\OFFICIAL_DATASET\PART_III_TEST\Images\Lookalike\00052.tif,C:\SlickTrace\outputs\part_iii_predictions\prediction_0352.tif,9,556,0.03854454883436978,706.3597122302158,392.50539568345323,-4.0479103037908555,46.169520119102216,693,380,28,26,EPSG:4326
352,Lookalike,A:\SIH26143_DATA\OFFICIAL_DATASET\PART_III_TEST\Images\Lookalike\00052.tif,C:\SlickTrace\outputs\part_iii_predictions\prediction_0352.tif,10,562,0.038960497203086,427.19572953736656,415.4021352313167,-4.072988031033722,46.16746326999298,413,391,26,44,EPSG:4326
352,Lookalike,A:\SIH26143_DATA\OFFICIAL_DATASET\PART_III_TEST\Images\Lookalike\00052.tif,C:\SlickTrace\outputs\part_iii_predictions\prediction_0352.tif,11,851,0.05899534362958397,559.7567567567568,413.2479435957697,-4.061079871350746,46.167656784320094,546,394,29,41,EPSG:4326
352,Lookalike,A:\SIH26143_DATA\OFFICIAL_DATASET\PART_III_TEST\Images\Lookalike\00052.tif,C:\SlickTrace\outputs\part_iii_predictions\prediction_0352.tif,12,604,0.04187213578409955,466.92384105960264,447.7367549668874,-4.069419194054759,46.16455860168151,452,432,28,34,EPSG:4326
352,Lookalike,A:\SIH26143_DATA\OFFICIAL_DATASET\PART_III_TEST\Images\Lookalike\00052.tif,C:\SlickTrace\outputs\part_iii_predictions\prediction_0352.tif,13,736,0.0510229998958564,614.5163043478261,451.5298913043478,-4.056160737495492,46.16421785844685,598,434,37,36,EPSG:4326
352,Lookalike,A:\SIH26143_DATA\OFFICIAL_DATASET\PART_III_TEST\Images\Lookalike\00052.tif,C:\SlickTrace\outputs\part_iii_predictions\prediction_0352.tif,14,965,0.06689836263519215,415.3284974093264,500.7139896373057,-4.074054082633803,46.15979957572004,399,478,39,42,EPSG:4326
352,Lookalike,A:\SIH26143_DATA\OFFICIAL_DATASET\PART_III_TEST\Images\Lookalike\00052.tif,C:\SlickTrace\outputs\part_iii_predictions\prediction_0352.tif,15,3081,0.21358948733577932,1651.6783511846802,638.3099642973061,-3.9629908856172698,46.147439119012994,1616,601,63,75,EPSG:4326
352,Lookalike,A:\SIH26143_DATA\OFFICIAL_DATASET\PART_III_TEST\Images\Lookalike\00052.tif,C:\SlickTrace\outputs\part_iii_predictions\prediction_0352.tif,16,609,0.0422187594246964,1745.6535303776684,652.448275862069,-3.9545489516375762,46.14616905287597,1736,632,20,42,EPSG:4326
352,Lookalike,A:\SIH26143_DATA\OFFICIAL_DATASET\PART_III_TEST\Images\Lookalike\00052.tif,C:\SlickTrace\outputs\part_iii_predictions\prediction_0352.tif,17,10236,0.7096079170298725,1805.4532043767097,744.0412270418132,-3.9491770555237062,46.13794111807973,1682,691,216,117,EPSG:4326
352,Lookalike,A:\SIH26143_DATA\OFFICIAL_DATASET\PART_III_TEST\Images\Lookalike\00052.tif,C:\SlickTrace\outputs\part_iii_predictions\prediction_0352.tif,18,655,0.04540769691818742,782.3450381679389,1367.1526717557251,-4.041084425824989,46.0819660646301,769,1346,28,46,EPSG:4326
352,Lookalike,A:\SIH26143_DATA\OFFICIAL_DATASET\PART_III_TEST\Images\Lookalike\00052.tif,C:\SlickTrace\outputs\part_iii_predictions\prediction_0352.tif,19,1078,0.07473205691268098,975.8441558441558,1396.604823747681,-4.0237021043377705,46.07932033280164,950,1379,58,35,EPSG:4326
352,Lookalike,A:\SIH26143_DATA\OFFICIAL_DATASET\PART_III_TEST\Images\Lookalike\00052.tif,C:\SlickTrace\outputs\part_iii_predictions\prediction_0352.tif,20,561,0.03889117247496663,925.096256684492,1461.4081996434938,-4.028260865682979,46.07349894649867,914,1438,25,48,EPSG:4326
353,Lookalike,A:\SIH26143_DATA\OFFICIAL_DATASET\PART_III_TEST\Images\Lookalike\00053.tif,C:\SlickTrace\outputs\part_iii_predictions\prediction_0353.tif,1,388983,27.048218761008158,1669.940879164385,237.88344991940522,-3.9613503348161867,46.01542508668589,1088,0,960,692,EPSG:4326
353,Lookalike,A:\SIH26143_DATA\OFFICIAL_DATASET\PART_III_TEST\Images\Lookalike\00053.tif,C:\SlickTrace\outputs\part_iii_predictions\prediction_0353.tif,2,603,0.04193004813292077,1049.6500829187396,124.14593698175787,-4.0170720051028,46.025642301310846,1034,102,31,46,EPSG:4326
353,Lookalike,A:\SIH26143_DATA\OFFICIAL_DATASET\PART_III_TEST\Images\Lookalike\00053.tif,C:\SlickTrace\outputs\part_iii_predictions\prediction_0353.tif,3,33170,2.3065003259850445,1532.8141091347604,569.5512812782634,-3.9736686421541423,45.98563085846984,1238,379,519,317,EPSG:4326
353,Lookalike,A:\SIH26143_DATA\OFFICIAL_DATASET\PART_III_TEST\Images\Lookalike\00053.tif,C:\SlickTrace\outputs\part_iii_predictions\prediction_0353.tif,4,608,0.0422777268073231,1579.9819078947369,527.7220394736842,-3.969431486699706,45.989388443193455,1569,503,23,43,EPSG:4326
353,Lookalike,A:\SIH26143_DATA\OFFICIAL_DATASET\PART_III_TEST\Images\Lookalike\00053.tif,C:\SlickTrace\outputs\part_iii_predictions\prediction_0353.tif,5,769,0.053472980123078065,1280.6072821846553,560.7022106631989,-3.9963247668949986,45.98642578400822,1267,542,29,38,EPSG:4326
353,Lookalike,A:\SIH26143_DATA\OFFICIAL_DATASET\PART_III_TEST\Images\Lookalike\00053.tif,C:\SlickTrace\outputs\part_iii_predictions\prediction_0353.tif,6,1046,0.07273437868496704,1799.848948374761,587.3288718929255,-3.949680494405973,45.98403387033344,1780,557,39,65,EPSG:4326
353,Lookalike,A:\SIH26143_DATA\OFFICIAL_DATASET\PART_III_TEST\Images\Lookalike\00053.tif,C:\SlickTrace\outputs\part_iii_predictions\prediction_0353.tif,7,8250,0.5736698127638413,1855.9741818181817,744.5032727272727,-3.944638678903273,45.96991465367926,1758,671,193,132,EPSG:4326
353,Lookalike,A:\SIH26143_DATA\OFFICIAL_DATASET\PART_III_TEST\Images\Lookalike\00053.tif,C:\SlickTrace\outputs\part_iii_predictions\prediction_0353.tif,8,849,0.05903583891351531,1539.8398115429918,798.567726737338,-3.9730375125686432,45.965057961142776,1522,772,35,51,EPSG:4326
353,Lookalike,A:\SIH26143_DATA\OFFICIAL_DATASET\PART_III_TEST\Images\Lookalike\00053.tif,C:\SlickTrace\outputs\part_iii_predictions\prediction_0353.tif,9,551,0.03831418991913656,1969.1324863883847,798.0762250453721,-3.9344734954512264,45.965102113490985,1957,782,25,32,EPSG:4326
353,Lookalike,A:\SIH26143_DATA\OFFICIAL_DATASET\PART_III_TEST\Images\Lookalike\00053.tif,C:\SlickTrace\outputs\part_iii_predictions\prediction_0353.tif,10,1335,0.0928302060654216,1581.0359550561798,815.1041198501873,-3.9693368000321754,45.96357247167503,1562,791,43,54,EPSG:4326
353,Lookalike,A:\SIH26143_DATA\OFFICIAL_DATASET\PART_III_TEST\Images\Lookalike\00053.tif,C:\SlickTrace\outputs\part_iii_predictions\prediction_0353.tif,11,628,0.04366844150493241,2026.092356687898,822.5509554140127,-3.9293567032440744,45.9629035110545,2002,810,45,33,EPSG:4326
353,Lookalike,A:\SIH26143_DATA\OFFICIAL_DATASET\PART_III_TEST\Images\Lookalike\00053.tif,C:\SlickTrace\outputs\part_iii_predictions\prediction_0353.tif,12,850,0.05910537464839578,1771.5211764705882,864.0270588235294,-3.95222522145263,45.95917764929265,1756,843,37,40,EPSG:4326
353,Lookalike,A:\SIH26143_DATA\OFFICIAL_DATASET\PART_III_TEST\Images\Lookalike\00053.tif,C:\SlickTrace\outputs\part_iii_predictions\prediction_0353.tif,13,1292,0.08984016946556159,1829.53173374613,908.327399380805,-3.947014044428539,45.95519808199122,1813,881,43,50,EPSG:4326
354,Lookalike,A:\SIH26143_DATA\OFFICIAL_DATASET\PART_III_TEST\Images\Lookalike\00054.tif,C:\SlickTrace\outputs\part_iii_predictions\prediction_0354.tif,1,2252,0.16528289158388354,1923.5395204262877,639.0146536412078,10.748468080990582,42.8175754891489,1885,607,70,63,EPSG:4326
354,Lookalike,A:\SIH26143_DATA\OFFICIAL_DATASET\PART_III_TEST\Images\Lookalike\00054.tif,C:\SlickTrace\outputs\part_iii_predictions\prediction_0354.tif,2,774934,56.87536958555293,946.7530602606157,1307.0059579267395,10.6607218603418,42.75756880931903,0,819,2014,979,EPSG:4326
354,Lookalike,A:\SIH26143_DATA\OFFICIAL_DATASET\PART_III_TEST\Images\Lookalike\00054.tif,C:\SlickTrace\outputs\part_iii_predictions\prediction_0354.tif,3,680,0.04990780030063979,2033.4205882352942,983.8764705882353,10.758338865255404,42.786596025041625,2019,964,27,51,EPSG:4326
354,Lookalike,A:\SIH26143_DATA\OFFICIAL_DATASET\PART_III_TEST\Images\Lookalike\00054.tif,C:\SlickTrace\outputs\part_iii_predictions\prediction_0354.tif,4,953,0.06994431424486723,1718.0472193074502,1295.3557187827912,10.730008393504189,42.7586153681077,1693,1280,60,31,EPSG:4326
354,Lookalike,A:\SIH26143_DATA\OFFICIAL_DATASET\PART_III_TEST\Images\Lookalike\00054.tif,C:\SlickTrace\outputs\part_iii_predictions\prediction_0354.tif,5,1150,0.08440289756725847,1782.7617391304348,1329.1539130434783,10.735821797730333,42.7555792246597,1760,1311,44,38,EPSG:4326
354,Lookalike,A:\SIH26143_DATA\OFFICIAL_DATASET\PART_III_TEST\Images\Lookalike\00054.tif,C:\SlickTrace\outputs\part_iii_predictions\prediction_0354.tif,6,683,0.05012798177255438,15.535871156661786,1362.752562225476,10.577069196961109,42.752561006651106,4,1339,29,42,EPSG:4326
355,Lookalike,A:\SIH26143_DATA\OFFICIAL_DATASET\PART_III_TEST\Images\Lookalike\00055.tif,C:\SlickTrace\outputs\part_iii_predictions\prediction_0355.tif,1,1120382,78.25158855784522,786.0641763255746,473.74976124214777,-124.29535899147574,45.7482284844824,0,0,1940,1093,EPSG:4326
355,Lookalike,A:\SIH26143_DATA\OFFICIAL_DATASET\PART_III_TEST\Images\Lookalike\00055.tif,C:\SlickTrace\outputs\part_iii_predictions\prediction_0355.tif,2,947,0.06614195369461436,1648.6684266103484,17.88806758183738,-124.21786993325802,45.78917923716836,1631,1,38,37,EPSG:4326
355,Lookalike,A:\SIH26143_DATA\OFFICIAL_DATASET\PART_III_TEST\Images\Lookalike\00055.tif,C:\SlickTrace\outputs\part_iii_predictions\prediction_0355.tif,3,9565,0.6680546854160363,1746.840355462624,48.164976476738104,-124.20905099884206,45.78645941616675,1679,3,135,114,EPSG:4326
355,Lookalike,A:\SIH26143_DATA\OFFICIAL_DATASET\PART_III_TEST\Images\Lookalike\00055.tif,C:\SlickTrace\outputs\part_iii_predictions\prediction_0355.tif,4,1484,0.10364800346653402,1855.5188679245282,25.410377358490567,-124.19928824196207,45.78850349658394,1835,4,43,45,EPSG:4326
355,Lookalike,A:\SIH26143_DATA\OFFICIAL_DATASET\PART_III_TEST\Images\Lookalike\00055.tif,C:\SlickTrace\outputs\part_iii_predictions\prediction_0355.tif,5,580,0.040509327500397395,1656.6879310344827,71.81379310344828,-124.21714952891848,45.78433500682404,1638,61,38,22,EPSG:4326
355,Lookalike,A:\SIH26143_DATA\OFFICIAL_DATASET\PART_III_TEST\Images\Lookalike\00055.tif,C:\SlickTrace\outputs\part_iii_predictions\prediction_0355.tif,6,3101,0.21658521479091777,1402.0167687842631,115.11576910673976,-124.24002702866586,45.7804451241364,1350,74,94,75,EPSG:4326
355,Lookalike,A:\SIH26143_DATA\OFFICIAL_DATASET\PART_III_TEST\Images\Lookalike\00055.tif,C:\SlickTrace\outputs\part_iii_predictions\prediction_0355.tif,7,542,0.03785526811244032,1597.4852398523985,99.88376383763837,-124.22246779715347,45.781813438450506,1587,85,23,31,EPSG:4326
355,Lookalike,A:\SIH26143_DATA\OFFICIAL_DATASET\PART_III_TEST\Images\Lookalike\00055.tif,C:\SlickTrace\outputs\part_iii_predictions\prediction_0355.tif,8,779,0.054408217453119946,1270.4454428754814,315.65211810012835,-124.25184628196745,45.76243063740417,1253,303,36,27,EPSG:4326
355,Lookalike,A:\SIH26143_DATA\OFFICIAL_DATASET\PART_III_TEST\Images\Lookalike\00055.tif,C:\SlickTrace\outputs\part_iii_predictions\prediction_0355.tif,9,1774,0.12390266721673271,1210.5698985343856,347.2485907553551,-124.2572249936301,45.75959227797313,1190,316,44,62,EPSG:4326
355,Lookalike,A:\SIH26143_DATA\OFFICIAL_DATASET\PART_III_TEST\Images\Lookalike\00055.tif,C:\SlickTrace\outputs\part_iii_predictions\prediction_0355.tif,10,3589,0.2506689248257349,1325.8852047924213,483.45918083031484,-124.24686604341964,45.7473562724808,1303,414,46,141,EPSG:4326
355,Lookalike,A:\SIH26143_DATA\OFFICIAL_DATASET\PART_III_TEST\Images\Lookalike\00055.tif,C:\SlickTrace\outputs\part_iii_predictions\prediction_0355.tif,11,1546,0.10797831088899029,1296.2276843467012,603.7652005174645,-124.2495302238102,45.73654899885515,1272,567,42,68,EPSG:4326
355,Lookalike,A:\SIH26143_DATA\OFFICIAL_DATASET\PART_III_TEST\Images\Lookalike\00055.tif,C:\SlickTrace\outputs\part_iii_predictions\prediction_0355.tif,12,3197,0.22329020692891458,1995.0503597122301,775.8927119174226,-124.18675391479319,45.72108652142434,1959,746,69,71,EPSG:4326
355,Lookalike,A:\SIH26143_DATA\OFFICIAL_DATASET\PART_III_TEST\Images\Lookalike\00055.tif,C:\SlickTrace\outputs\part_iii_predictions\prediction_0355.tif,13,608,0.042464950207313126,1143.203947368421,1132.983552631579,-124.26327657998627,45.68900850542108,1131,1114,25,40,EPSG:4326
356,Lookalike,A:\SIH26143_DATA\OFFICIAL_DATASET\PART_III_TEST\Images\Lookalike\00056.tif,C:\SlickTrace\outputs\part_iii_predictions\prediction_0356.tif,1,9364,0.6910646655923602,1765.2361170439983,1096.4345365228535,10.734247444311938,42.43260967118267,1689,957,150,270,EPSG:4326
356,Lookalike,A:\SIH26143_DATA\OFFICIAL_DATASET\PART_III_TEST\Images\Lookalike\00056.tif,C:\SlickTrace\outputs\part_iii_predictions\prediction_0356.tif,2,1555,0.11475924337848356,1320.0398713826366,1353.1305466237943,10.694254785120915,42.40955027625805,1278,1291,85,117,EPSG:4326
356,Lookalike,A:\SIH26143_DATA\OFFICIAL_DATASET\PART_III_TEST\Images\Lookalike\00056.tif,C:\SlickTrace\outputs\part_iii_predictions\prediction_0356.tif,3,17401,1.2841965234913135,1543.744152634906,1563.689443135452,10.714350482618103,42.390635448763675,1446,1369,170,381,EPSG:4326
356,Lookalike,A:\SIH26143_DATA\OFFICIAL_DATASET\PART_III_TEST\Images\Lookalike\00056.tif,C:\SlickTrace\outputs\part_iii_predictions\prediction_0356.tif,4,38970,2.875992099330871,696.8319733128047,1765.2832178598921,10.6382710671189,42.37252597186185,184,1468,862,580,EPSG:4326
356,Lookalike,A:\SIH26143_DATA\OFFICIAL_DATASET\PART_III_TEST\Images\Lookalike\00056.tif,C:\SlickTrace\outputs\part_iii_predictions\prediction_0356.tif,5,1572,0.11601384603921297,1240.4643765903309,1653.1469465648854,10.687106396799583,42.382599344502694,1210,1604,65,105,EPSG:4326
356,Lookalike,A:\SIH26143_DATA\OFFICIAL_DATASET\PART_III_TEST\Images\Lookalike\00056.tif,C:\SlickTrace\outputs\part_iii_predictions\prediction_0356.tif,6,662,0.0488557036119332,1050.654078549849,1724.2764350453172,10.67005544761828,42.37620967383734,1035,1702,34,43,EPSG:4326
356,Lookalike,A:\SIH26143_DATA\OFFICIAL_DATASET\PART_III_TEST\Images\Lookalike\00056.tif,C:\SlickTrace\outputs\part_iii_predictions\prediction_0356.tif,7,14706,1.0853051016874464,1478.0750033999727,1911.389160886713,10.708451322572817,42.35940105168968,1417,1732,134,316,EPSG:4326
356,Lookalike,A:\SIH26143_DATA\OFFICIAL_DATASET\PART_III_TEST\Images\Lookalike\00056.tif,C:\SlickTrace\outputs\part_iii_predictions\prediction_0356.tif,8,3543,0.26147395452731015,1164.9988710132657,1846.3999435506632,10.680327215091216,42.36523913241327,1126,1739,82,223,EPSG:4326
356,Lookalike,A:\SIH26143_DATA\OFFICIAL_DATASET\PART_III_TEST\Images\Lookalike\00056.tif,C:\SlickTrace\outputs\part_iii_predictions\prediction_0356.tif,9,4591,0.33881651855345213,994.3125680679591,1831.7930734044871,10.664994203618653,42.366551289883816,942,1748,93,144,EPSG:4326
356,Lookalike,A:\SIH26143_DATA\OFFICIAL_DATASET\PART_III_TEST\Images\Lookalike\00056.tif,C:\SlickTrace\outputs\part_iii_predictions\prediction_0356.tif,10,1381,0.10191801614513557,642.1832005792903,1859.7067342505431,10.633361884338411,42.36404376306644,606,1834,66,48,EPSG:4326
356,Lookalike,A:\SIH26143_DATA\OFFICIAL_DATASET\PART_III_TEST\Images\Lookalike\00056.tif,C:\SlickTrace\outputs\part_iii_predictions\prediction_0356.tif,11,1084,0.07999936966062778,1533.3643911439115,1869.978782287823,10.713418052778815,42.36312100929133,1517,1845,31,54,EPSG:4326
356,Lookalike,A:\SIH26143_DATA\OFFICIAL_DATASET\PART_III_TEST\Images\Lookalike\00056.tif,C:\SlickTrace\outputs\part_iii_predictions\prediction_0356.tif,12,1024,0.07557136026981812,697.6865234375,1921.283203125,10.638347832662706,42.35851225475324,666,1905,63,32,EPSG:4326
356,Lookalike,A:\SIH26143_DATA\OFFICIAL_DATASET\PART_III_TEST\Images\Lookalike\00056.tif,C:\SlickTrace\outputs\part_iii_predictions\prediction_0356.tif,13,813,0.05999952724547083,483.249692496925,1921.150061500615,10.6190846443915,42.358524215068854,455,1907,52,29,EPSG:4326
356,Lookalike,A:\SIH26143_DATA\OFFICIAL_DATASET\PART_III_TEST\Images\Lookalike\00056.tif,C:\SlickTrace\outputs\part_iii_predictions\prediction_0356.tif,14,603,0.044501494377637035,433.66500829187396,1945.1094527363184,10.614630376423536,42.35637190633433,418,1931,33,30,EPSG:4326
356,Lookalike,A:\SIH26143_DATA\OFFICIAL_DATASET\PART_III_TEST\Images\Lookalike\00056.tif,C:\SlickTrace\outputs\part_iii_predictions\prediction_0356.tif,15,1890,0.13948229581050414,507.79470899470897,1962.0386243386242,10.621289560738392,42.354851132974545,447,1948,119,31,EPSG:4326
356,Lookalike,A:\SIH26143_DATA\OFFICIAL_DATASET\PART_III_TEST\Images\Lookalike\00056.tif,C:\SlickTrace\outputs\part_iii_predictions\prediction_0356.tif,16,1000,0.07380015651349425,413.857,1985.267,10.61285099276388,42.35276449248636,386,1970,54,33,EPSG:4326
357,Lookalike,A:\SIH26143_DATA\OFFICIAL_DATASET\PART_III_TEST\Images\Lookalike\00057.tif,C:\SlickTrace\outputs\part_iii_predictions\prediction_0357.tif,1,526726,38.978949593585675,1724.2769903137494,978.5010726639657,10.73056802335534,42.27126626911156,1051,354,997,1524,EPSG:4326
357,Lookalike,A:\SIH26143_DATA\OFFICIAL_DATASET\PART_III_TEST\Images\Lookalike\00057.tif,C:\SlickTrace\outputs\part_iii_predictions\prediction_0357.tif,2,573,0.0424033332645903,1655.2565445026178,454.7364746945899,10.724367811216451,42.318316843475216,1643,431,23,51,EPSG:4326
357,Lookalike,A:\SIH26143_DATA\OFFICIAL_DATASET\PART_III_TEST\Images\Lookalike\00057.tif,C:\SlickTrace\outputs\part_iii_predictions\prediction_0357.tif,3,527,0.03899922623113279,1435.2618595825427,563.3795066413662,10.704605352427576,42.30855727386413,1424,543,23,39,EPSG:4326
357,Lookalike,A:\SIH26143_DATA\OFFICIAL_DATASET\PART_III_TEST\Images\Lookalike\00057.tif,C:\SlickTrace\outputs\part_iii_predictions\prediction_0357.tif,4,521,0.03855521227024703,1144.612284069098,665.4107485604607,10.678495856826919,42.299391651456766,1127,648,32,37,EPSG:4326
357,Lookalike,A:\SIH26143_DATA\OFFICIAL_DATASET\PART_III_TEST\Images\Lookalike\00057.tif,C:\SlickTrace\outputs\part_iii_predictions\prediction_0357.tif,5,2365,0.17501550291580467,974.7315010570825,773.9577167019028,10.66323520644113,42.28964071140414,938,732,71,84,EPSG:4326
357,Lookalike,A:\SIH26143_DATA\OFFICIAL_DATASET\PART_III_TEST\Images\Lookalike\00057.tif,C:\SlickTrace\outputs\part_iii_predictions\prediction_0357.tif,6,1159,0.08576869677776643,840.962899050906,888.762726488352,10.651218568469384,42.27932760190567,809,861,61,58,EPSG:4326
357,Lookalike,A:\SIH26143_DATA\OFFICIAL_DATASET\PART_III_TEST\Images\Lookalike\00057.tif,C:\SlickTrace\outputs\part_iii_predictions\prediction_0357.tif,7,2068,0.15303681185195941,1081.034332688588,911.5116054158607,10.672784552281106,42.27728403534196,1057,867,53,89,EPSG:4326
357,Lookalike,A:\SIH26143_DATA\OFFICIAL_DATASET\PART_III_TEST\Images\Lookalike\00057.tif,C:\SlickTrace\outputs\part_iii_predictions\prediction_0357.tif,8,544,0.04025726578697579,670.3878676470588,1027.3345588235295,10.63589555268946,42.26687948241216,652,1014,34,25,EPSG:4326
357,Lookalike,A:\SIH26143_DATA\OFFICIAL_DATASET\PART_III_TEST\Images\Lookalike\00057.tif,C:\SlickTrace\outputs\part_iii_predictions\prediction_0357.tif,9,929,0.06874816161047888,1058.3304628632939,1080.2131324004306,10.670745028953833,42.2621293193275,1044,1059,29,44,EPSG:4326
357,Lookalike,A:\SIH26143_DATA\OFFICIAL_DATASET\PART_III_TEST\Images\Lookalike\00057.tif,C:\SlickTrace\outputs\part_iii_predictions\prediction_0357.tif,10,5534,0.40952887659030146,1451.8639320563786,1224.3023129743403,10.706096741972706,42.24918556800892,1415,1151,77,158,EPSG:4326
357,Lookalike,A:\SIH26143_DATA\OFFICIAL_DATASET\PART_III_TEST\Images\Lookalike\00057.tif,C:\SlickTrace\outputs\part_iii_predictions\prediction_0357.tif,11,1024,0.07577838265783678,1099.4306640625,1545.9892578125,10.674437122845598,42.22028793808394,1073,1521,49,50,EPSG:4326
357,Lookalike,A:\SIH26143_DATA\OFFICIAL_DATASET\PART_III_TEST\Images\Lookalike\00057.tif,C:\SlickTrace\outputs\part_iii_predictions\prediction_0357.tif,12,1308,0.0967950434730962,1152.3073394495414,1612.5535168195718,10.679187115412958,42.21430836895973,1128,1587,53,47,EPSG:4326
357,Lookalike,A:\SIH26143_DATA\OFFICIAL_DATASET\PART_III_TEST\Images\Lookalike\00057.tif,C:\SlickTrace\outputs\part_iii_predictions\prediction_0357.tif,13,747,0.055279738130277416,1698.3668005354752,1620.4016064257028,10.728240471406114,42.21360336307529,1682,1597,35,46,EPSG:4326
357,Lookalike,A:\SIH26143_DATA\OFFICIAL_DATASET\PART_III_TEST\Images\Lookalike\00057.tif,C:\SlickTrace\outputs\part_iii_predictions\prediction_0357.tif,14,795,0.058831849817363516,1844.3270440251572,1837.405031446541,10.741352303166174,42.194109613735044,1829,1816,31,49,EPSG:4326
360,Lookalike,A:\SIH26143_DATA\OFFICIAL_DATASET\PART_III_TEST\Images\Lookalike\00060.tif,C:\SlickTrace\outputs\part_iii_predictions\prediction_0360.tif,1,89166,6.284579891230658,1246.990231702667,128.02548056434065,-124.0712359706464,45.26616773473574,917,1,652,297,EPSG:4326
362,Lookalike,A:\SIH26143_DATA\OFFICIAL_DATASET\PART_III_TEST\Images\Lookalike\00062.tif,C:\SlickTrace\outputs\part_iii_predictions\prediction_0362.tif,1,1566,0.10823115444616063,514.9533844189017,186.59259259259258,-3.8821178033907184,46.35600253905381,487,162,56,46,EPSG:4326
362,Lookalike,A:\SIH26143_DATA\OFFICIAL_DATASET\PART_III_TEST\Images\Lookalike\00062.tif,C:\SlickTrace\outputs\part_iii_predictions\prediction_0362.tif,2,28417,1.9639876857576926,275.8397438153218,307.7945947848119,-3.9035977471902843,46.34511477795029,134,187,278,228,EPSG:4326
362,Lookalike,A:\SIH26143_DATA\OFFICIAL_DATASET\PART_III_TEST\Images\Lookalike\00062.tif,C:\SlickTrace\outputs\part_iii_predictions\prediction_0362.tif,3,2644,0.18273510367538232,462.01172465960667,244.7893343419062,-3.8868736336035616,46.35077463679388,434,191,62,94,EPSG:4326
362,Lookalike,A:\SIH26143_DATA\OFFICIAL_DATASET\PART_III_TEST\Images\Lookalike\00062.tif,C:\SlickTrace\outputs\part_iii_predictions\prediction_0362.tif,4,61360,4.240781377277405,912.7715123859192,1849.7879889178619,-3.8463811929254597,46.20659515455419,697,1612,445,436,EPSG:4326
362,Lookalike,A:\SIH26143_DATA\OFFICIAL_DATASET\PART_III_TEST\Images\Lookalike\00062.tif,C:\SlickTrace\outputs\part_iii_predictions\prediction_0362.tif,5,869,0.060059306011311354,763.5420023014959,1817.8757192174915,-3.8597867079005104,46.20946188251647,738,1804,49,27,EPSG:4326
362,Lookalike,A:\SIH26143_DATA\OFFICIAL_DATASET\PART_III_TEST\Images\Lookalike\00062.tif,C:\SlickTrace\outputs\part_iii_predictions\prediction_0362.tif,6,1868,0.12910331833041383,765.0572805139186,1883.257494646681,-3.859650588142719,46.20358853769938,717,1858,81,61,EPSG:4326
362,Lookalike,A:\SIH26143_DATA\OFFICIAL_DATASET\PART_III_TEST\Images\Lookalike\00062.tif,C:\SlickTrace\outputs\part_iii_predictions\prediction_0362.tif,7,500,0.03455656272227351,587.268,1891.954,-3.8756216709465456,46.20280731733165,578,1870,21,40,EPSG:4326
362,Lookalike,A:\SIH26143_DATA\OFFICIAL_DATASET\PART_III_TEST\Images\Lookalike\00062.tif,C:\SlickTrace\outputs\part_iii_predictions\prediction_0362.tif,8,646,0.04464707903717737,707.9504643962848,1897.8529411764705,-3.8647805807173063,46.20227740642975,689,1885,41,27,EPSG:4326
362,Lookalike,A:\SIH26143_DATA\OFFICIAL_DATASET\PART_III_TEST\Images\Lookalike\00062.tif,C:\SlickTrace\outputs\part_iii_predictions\prediction_0362.tif,9,817,0.056465423488194916,965.3145654834761,1929.0232558139535,-3.841661170158276,46.19947732942479,946,1914,43,29,EPSG:4326
362,Lookalike,A:\SIH26143_DATA\OFFICIAL_DATASET\PART_III_TEST\Images\Lookalike\00062.tif,C:\SlickTrace\outputs\part_iii_predictions\prediction_0362.tif,10,1348,0.09316449309924937,923.2388724035608,1952.2240356083087,-3.845440893976637,46.197393167915514,899,1925,55,51,EPSG:4326
362,Lookalike,A:\SIH26143_DATA\OFFICIAL_DATASET\PART_III_TEST\Images\Lookalike\00062.tif,C:\SlickTrace\outputs\part_iii_predictions\prediction_0362.tif,11,500,0.03455656272227351,666.666,2006.942,-3.8684892272536935,46.19247776954261,653,1995,29,25,EPSG:4326
364,Lookalike,A:\SIH26143_DATA\OFFICIAL_DATASET\PART_III_TEST\Images\Lookalike\00064.tif,C:\SlickTrace\outputs\part_iii_predictions\prediction_0364.tif,1,433781,30.163280612183257,754.5807008605725,249.02360638202225,-3.860591715305509,46.0144243494041,2,0,1481,604,EPSG:4326
364,Lookalike,A:\SIH26143_DATA\OFFICIAL_DATASET\PART_III_TEST\Images\Lookalike\00064.tif,C:\SlickTrace\outputs\part_iii_predictions\prediction_0364.tif,2,826,0.0574365170112646,973.1198547215496,21.469733656174334,-3.8409600090963223,46.03486586158712,960,2,28,41,EPSG:4326
364,Lookalike,A:\SIH26143_DATA\OFFICIAL_DATASET\PART_III_TEST\Images\Lookalike\00064.tif,C:\SlickTrace\outputs\part_iii_predictions\prediction_0364.tif,3,4767,0.33147684817517964,377.22320117474305,55.06125445773023,-3.8944903162599998,46.031848283931836,319,9,121,88,EPSG:4326
364,Lookalike,A:\SIH26143_DATA\OFFICIAL_DATASET\PART_III_TEST\Images\Lookalike\00064.tif,C:\SlickTrace\outputs\part_iii_predictions\prediction_0364.tif,4,874,0.060774232285526954,298.52517162471395,38.28032036613272,-3.9015598805374876,46.03335574088946,283,13,31,54,EPSG:4326
364,Lookalike,A:\SIH26143_DATA\OFFICIAL_DATASET\PART_III_TEST\Images\Lookalike\00064.tif,C:\SlickTrace\outputs\part_iii_predictions\prediction_0364.tif,5,782,0.05437694467652412,696.7058823529412,48.571611253196934,-3.8657906987086137,46.03243125849975,681,30,29,45,EPSG:4326
364,Lookalike,A:\SIH26143_DATA\OFFICIAL_DATASET\PART_III_TEST\Images\Lookalike\00064.tif,C:\SlickTrace\outputs\part_iii_predictions\prediction_0364.tif,6,1476,0.10263474468356726,53.65311653116531,294.95257452574526,-3.9235571115119168,46.01029847999737,28,270,50,54,EPSG:4326
364,Lookalike,A:\SIH26143_DATA\OFFICIAL_DATASET\PART_III_TEST\Images\Lookalike\00064.tif,C:\SlickTrace\outputs\part_iii_predictions\prediction_0364.tif,7,585,0.040678404905072386,1244.4051282051282,307.2017094017094,-3.816590038343638,46.00919812148973,1225,297,37,22,EPSG:4326
364,Lookalike,A:\SIH26143_DATA\OFFICIAL_DATASET\PART_III_TEST\Images\Lookalike\00064.tif,C:\SlickTrace\outputs\part_iii_predictions\prediction_0364.tif,8,596,0.04144329798875751,224.46308724832215,388.27013422818794,-3.908212990774394,46.00191562098162,210,370,32,41,EPSG:4326
364,Lookalike,A:\SIH26143_DATA\OFFICIAL_DATASET\PART_III_TEST\Images\Lookalike\00064.tif,C:\SlickTrace\outputs\part_iii_predictions\prediction_0364.tif,9,643,0.04471147752813939,1031.2146189735615,434.6765163297045,-3.8357412676308322,45.997746864749374,1020,415,24,39,EPSG:4326
364,Lookalike,A:\SIH26143_DATA\OFFICIAL_DATASET\PART_III_TEST\Images\Lookalike\00064.tif,C:\SlickTrace\outputs\part_iii_predictions\prediction_0364.tif,10,28280,1.9664705824195678,70.3302333804809,582.8618458274399,-3.922058980615838,45.98443515011236,0,427,190,329,EPSG:4326
364,Lookalike,A:\SIH26143_DATA\OFFICIAL_DATASET\PART_III_TEST\Images\Lookalike\00064.tif,C:\SlickTrace\outputs\part_iii_predictions\prediction_0364.tif,11,1022,0.07106552104783587,760.8248532289629,537.7837573385518,-3.860030793554619,45.98848458369921,746,515,31,47,EPSG:4326
364,Lookalike,A:\SIH26143_DATA\OFFICIAL_DATASET\PART_III_TEST\Images\Lookalike\00064.tif,C:\SlickTrace\outputs\part_iii_predictions\prediction_0364.tif,12,634,0.044085655914215205,496.108832807571,571.1971608832807,-3.8838106382642024,45.98548300658934,485,551,26,39,EPSG:4326
364,Lookalike,A:\SIH26143_DATA\OFFICIAL_DATASET\PART_III_TEST\Images\Lookalike\00064.tif,C:\SlickTrace\outputs\part_iii_predictions\prediction_0364.tif,13,540,0.03754929683545143,464.5907407407407,608.9685185185185,-3.8866419566471944,45.98208994780277,450,598,33,23,EPSG:4326
364,Lookalike,A:\SIH26143_DATA\OFFICIAL_DATASET\PART_III_TEST\Images\Lookalike\00064.tif,C:\SlickTrace\outputs\part_iii_predictions\prediction_0364.tif,14,16736,1.1637500589594727,864.900991873805,758.6644956978968,-3.8506814749489386,45.96864252937563,752,659,230,220,EPSG:4326
364,Lookalike,A:\SIH26143_DATA\OFFICIAL_DATASET\PART_III_TEST\Images\Lookalike\00064.tif,C:\SlickTrace\outputs\part_iii_predictions\prediction_0364.tif,15,624,0.043390298565410546,886.900641025641,674.9342948717949,-3.848705212841103,45.97616414129008,873,659,29,35,EPSG:4326
364,Lookalike,A:\SIH26143_DATA\OFFICIAL_DATASET\PART_III_TEST\Images\Lookalike\00064.tif,C:\SlickTrace\outputs\part_iii_predictions\prediction_0364.tif,16,601,0.04179097666315984,272.216306156406,677.828618968386,-3.90392324613329,45.97590413973276,260,661,26,34,EPSG:4326
364,Lookalike,A:\SIH26143_DATA\OFFICIAL_DATASET\PART_III_TEST\Images\Lookalike\00064.tif,C:\SlickTrace\outputs\part_iii_predictions\prediction_0364.tif,17,850,0.05910537464839578,755.9,718.1764705882352,-3.860473200647381,45.97227963055361,740,702,34,32,EPSG:4326
364,Lookalike,A:\SIH26143_DATA\OFFICIAL_DATASET\PART_III_TEST\Images\Lookalike\00064.tif,C:\SlickTrace\outputs\part_iii_predictions\prediction_0364.tif,18,872,0.060635160815766025,165.5321100917431,781.5573394495412,-3.9135068505231794,45.966586030231724,145,762,41,40,EPSG:4326
364,Lookalike,A:\SIH26143_DATA\OFFICIAL_DATASET\PART_III_TEST\Images\Lookalike\00064.tif,C:\SlickTrace\outputs\part_iii_predictions\prediction_0364.tif,19,1825,0.12690271615684975,1152.7567123287672,839.4964383561644,-3.824822955618346,45.96138127242213,1128,809,48,58,EPSG:4326
364,Lookalike,A:\SIH26143_DATA\OFFICIAL_DATASET\PART_III_TEST\Images\Lookalike\00064.tif,C:\SlickTrace\outputs\part_iii_predictions\prediction_0364.tif,20,877,0.06098283949016835,944.7947548460661,892.6898517673889,-3.843504496110558,45.95660282679395,928,864,31,50,EPSG:4326
364,Lookalike,A:\SIH26143_DATA\OFFICIAL_DATASET\PART_III_TEST\Images\Lookalike\00064.tif,C:\SlickTrace\outputs\part_iii_predictions\prediction_0364.tif,21,809,0.05625440951829669,1518.89369592089,1060.0,-3.791932310774124,45.94157310045939,1501,1041,34,41,EPSG:4326
364,Lookalike,A:\SIH26143_DATA\OFFICIAL_DATASET\PART_III_TEST\Images\Lookalike\00064.tif,C:\SlickTrace\outputs\part_iii_predictions\prediction_0364.tif,22,182546,12.693470259489477,1711.7010616502141,1463.5743976860626,-3.774612130421576,45.90531939548731,1347,1157,657,645,EPSG:4326
364,Lookalike,A:\SIH26143_DATA\OFFICIAL_DATASET\PART_III_TEST\Images\Lookalike\00064.tif,C:\SlickTrace\outputs\part_iii_predictions\prediction_0364.tif,23,827,0.05750605274614507,1492.1318016928658,1214.2781136638453,-3.794336372635826,45.92771406170845,1479,1195,28,44,EPSG:4326
364,Lookalike,A:\SIH26143_DATA\OFFICIAL_DATASET\PART_III_TEST\Images\Lookalike\00064.tif,C:\SlickTrace\outputs\part_iii_predictions\prediction_0364.tif,24,694,0.04825780000704314,1398.6527377521613,1272.3040345821325,-3.8027337398241383,45.92250150454485,1380,1257,36,30,EPSG:4326
364,Lookalike,A:\SIH26143_DATA\OFFICIAL_DATASET\PART_III_TEST\Images\Lookalike\00064.tif,C:\SlickTrace\outputs\part_iii_predictions\prediction_0364.tif,25,1434,0.0997142438185877,1261.6255230125523,1287.4518828451883,-3.81504310395823,45.92114075018323,1241,1262,39,50,EPSG:4326
364,Lookalike,A:\SIH26143_DATA\OFFICIAL_DATASET\PART_III_TEST\Images\Lookalike\00064.tif,C:\SlickTrace\outputs\part_iii_predictions\prediction_0364.tif,26,6829,0.47485953349869975,1348.2282911114364,1387.2460096646655,-3.8072634449352014,45.9121760912445,1265,1346,147,111,EPSG:4326
364,Lookalike,A:\SIH26143_DATA\OFFICIAL_DATASET\PART_III_TEST\Images\Lookalike\00064.tif,C:\SlickTrace\outputs\part_iii_predictions\prediction_0364.tif,27,540,0.03754929683545143,1988.0555555555557,1541.625925925926,-3.749786783850548,45.89830790741063,1976,1528,27,27,EPSG:4326
364,Lookalike,A:\SIH26143_DATA\OFFICIAL_DATASET\PART_III_TEST\Images\Lookalike\00064.tif,C:\SlickTrace\outputs\part_iii_predictions\prediction_0364.tif,28,639,0.044433334588617535,1475.5899843505476,1568.039123630673,-3.7958223493703978,45.89593516949057,1463,1549,24,37,EPSG:4326
364,Lookalike,A:\SIH26143_DATA\OFFICIAL_DATASET\PART_III_TEST\Images\Lookalike\00064.tif,C:\SlickTrace\outputs\part_iii_predictions\prediction_0364.tif,29,669,0.0465194066350315,1394.6786248131539,1581.2959641255604,-3.803090740463531,45.894744287247,1378,1565,45,31,EPSG:4326
364,Lookalike,A:\SIH26143_DATA\OFFICIAL_DATASET\PART_III_TEST\Images\Lookalike\00064.tif,C:\SlickTrace\outputs\part_iii_predictions\prediction_0364.tif,30,1355,0.09422092076303092,1476.790405904059,1638.0287822878229,-3.7957145136675075,45.88964789148037,1448,1615,69,49,EPSG:4326
364,Lookalike,A:\SIH26143_DATA\OFFICIAL_DATASET\PART_III_TEST\Images\Lookalike\00064.tif,C:\SlickTrace\outputs\part_iii_predictions\prediction_0364.tif,31,578,0.04019165476090913,1564.1453287197232,1644.930795847751,-3.787867287436668,45.88902787305316,1553,1626,23,39,EPSG:4326
364,Lookalike,A:\SIH26143_DATA\OFFICIAL_DATASET\PART_III_TEST\Images\Lookalike\00064.tif,C:\SlickTrace\outputs\part_iii_predictions\prediction_0364.tif,32,5014,0.3486521746906546,1529.2678500199443,1795.3083366573594,-3.7910003846554243,45.875519228723405,1458,1730,126,130,EPSG:4326
364,Lookalike,A:\SIH26143_DATA\OFFICIAL_DATASET\PART_III_TEST\Images\Lookalike\00064.tif,C:\SlickTrace\outputs\part_iii_predictions\prediction_0364.tif,33,576,0.0400525832911482,1616.515625,1751.970486111111,-3.783162783678424,45.87941233407606,1602,1734,30,32,EPSG:4326
364,Lookalike,A:\SIH26143_DATA\OFFICIAL_DATASET\PART_III_TEST\Images\Lookalike\00064.tif,C:\SlickTrace\outputs\part_iii_predictions\prediction_0364.tif,34,3306,0.22988513951481934,1655.1917725347853,1806.4331518451302,-3.779688446232288,45.874519869571785,1613,1767,86,73,EPSG:4326
365,Lookalike,A:\SIH26143_DATA\OFFICIAL_DATASET\PART_III_TEST\Images\Lookalike\00065.tif,C:\SlickTrace\outputs\part_iii_predictions\prediction_0365.tif,1,17163,1.1950547334062092,1889.2271747363513,200.1312707568607,-124.01354284445107,45.94384728178082,1780,145,227,132,EPSG:4326
365,Lookalike,A:\SIH26143_DATA\OFFICIAL_DATASET\PART_III_TEST\Images\Lookalike\00065.tif,C:\SlickTrace\outputs\part_iii_predictions\prediction_0365.tif,2,6728,0.4684686969851993,1716.203923900119,320.2898335315101,-124.0290857875245,45.93305325443499,1650,268,152,90,EPSG:4326
365,Lookalike,A:\SIH26143_DATA\OFFICIAL_DATASET\PART_III_TEST\Images\Lookalike\00065.tif,C:\SlickTrace\outputs\part_iii_predictions\prediction_0365.tif,3,1191459,82.9609460822367,1137.7420834455907,1646.4403743645396,-124.0810498987805,45.81392312444762,0,1082,2034,966,EPSG:4326
365,Lookalike,A:\SIH26143_DATA\OFFICIAL_DATASET\PART_III_TEST\Images\Lookalike\00065.tif,C:\SlickTrace\outputs\part_iii_predictions\prediction_0365.tif,4,1579,0.10994531399221605,1217.8429385687143,1994.0265991133629,-124.07385431653769,45.782698922623496,1192,1968,62,48,EPSG:4326
366,Lookalike,A:\SIH26143_DATA\OFFICIAL_DATASET\PART_III_TEST\Images\Lookalike\00066.tif,C:\SlickTrace\outputs\part_iii_predictions\prediction_0366.tif,1,149077,7.521302811186964,1818.2078456099869,1482.8443623094106,21.95920598487056,59.659281896974775,1452,1172,596,576,EPSG:4326
366,Lookalike,A:\SIH26143_DATA\OFFICIAL_DATASET\PART_III_TEST\Images\Lookalike\00066.tif,C:\SlickTrace\outputs\part_iii_predictions\prediction_0366.tif,2,1132,0.057112195591966855,1812.3295053003533,1317.702296819788,21.958677924576023,59.67411686112281,1783,1295,63,45,EPSG:4326
366,Lookalike,A:\SIH26143_DATA\OFFICIAL_DATASET\PART_III_TEST\Images\Lookalike\00066.tif,C:\SlickTrace\outputs\part_iii_predictions\prediction_0366.tif,3,767,0.03869704418642984,1780.4367666232074,1347.870925684485,21.95581295111541,59.671406767081805,1765,1323,32,53,EPSG:4326
366,Lookalike,A:\SIH26143_DATA\OFFICIAL_DATASET\PART_III_TEST\Images\Lookalike\00066.tif,C:\SlickTrace\outputs\part_iii_predictions\prediction_0366.tif,4,50761,2.5610178095793548,1353.5133074604519,1652.7737239219086,21.9174617642639,59.644016882699056,1149,1517,418,278,EPSG:4326
367,Lookalike,A:\SIH26143_DATA\OFFICIAL_DATASET\PART_III_TEST\Images\Lookalike\00067.tif,C:\SlickTrace\outputs\part_iii_predictions\prediction_0367.tif,1,742,0.05475971613301274,1509.712938005391,1551.6725067385444,10.886734381582762,42.39171494852704,1491,1537,41,32,EPSG:4326
367,Lookalike,A:\SIH26143_DATA\OFFICIAL_DATASET\PART_III_TEST\Images\Lookalike\00067.tif,C:\SlickTrace\outputs\part_iii_predictions\prediction_0367.tif,2,4783,0.35298614860404304,1371.139452226636,1664.952958394313,10.874286113557885,42.381538792415604,1323,1625,96,78,EPSG:4326
367,Lookalike,A:\SIH26143_DATA\OFFICIAL_DATASET\PART_III_TEST\Images\Lookalike\00067.tif,C:\SlickTrace\outputs\part_iii_predictions\prediction_0367.tif,3,1801,0.13291408188080314,1427.7262631871183,1757.8656302054414,10.879369393274423,42.37319230509797,1396,1737,57,46,EPSG:4326
367,Lookalike,A:\SIH26143_DATA\OFFICIAL_DATASET\PART_III_TEST\Images\Lookalike\00067.tif,C:\SlickTrace\outputs\part_iii_predictions\prediction_0367.tif,4,820,0.06051612834106529,1036.9719512195122,1771.6926829268293,10.844267336196811,42.37195019981858,1025,1743,24,57,EPSG:4326
367,Lookalike,A:\SIH26143_DATA\OFFICIAL_DATASET\PART_III_TEST\Images\Lookalike\00067.tif,C:\SlickTrace\outputs\part_iii_predictions\prediction_0367.tif,5,92085,6.7958874125451185,1000.3904653309443,1928.700928489982,10.840981165407861,42.35784590914636,620,1786,765,262,EPSG:4326
367,Lookalike,A:\SIH26143_DATA\OFFICIAL_DATASET\PART_III_TEST\Images\Lookalike\00067.tif,C:\SlickTrace\outputs\part_iii_predictions\prediction_0367.tif,6,517,0.03815468091747653,1026.8858800773694,2023.4352030947775,10.843361289010442,42.349335784465616,1016,2005,23,39,EPSG:4326
375,Lookalike,A:\SIH26143_DATA\OFFICIAL_DATASET\PART_III_TEST\Images\Lookalike\00075.tif,C:\SlickTrace\outputs\part_iii_predictions\prediction_0375.tif,1,815,0.04090409739076262,985.959509202454,109.64049079754601,22.06680184746903,59.95727139080673,962,97,49,27,EPSG:4326
375,Lookalike,A:\SIH26143_DATA\OFFICIAL_DATASET\PART_III_TEST\Images\Lookalike\00075.tif,C:\SlickTrace\outputs\part_iii_predictions\prediction_0375.tif,2,629,0.031568929151889184,1931.7662957074722,1043.1701112877583,22.151765116683173,59.87341099818027,1912,1031,45,25,EPSG:4326
375,Lookalike,A:\SIH26143_DATA\OFFICIAL_DATASET\PART_III_TEST\Images\Lookalike\00075.tif,C:\SlickTrace\outputs\part_iii_predictions\prediction_0375.tif,3,635,0.031870063611207686,1451.7543307086614,1159.7149606299213,22.108644908211307,59.862941596235316,1434,1147,36,26,EPSG:4326
375,Lookalike,A:\SIH26143_DATA\OFFICIAL_DATASET\PART_III_TEST\Images\Lookalike\00075.tif,C:\SlickTrace\outputs\part_iii_predictions\prediction_0375.tif,4,587,0.029460987936659702,761.3475298126065,1668.626916524702,22.046624610060807,59.81722525741017,749,1653,26,32,EPSG:4326
375,Lookalike,A:\SIH26143_DATA\OFFICIAL_DATASET\PART_III_TEST\Images\Lookalike\00075.tif,C:\SlickTrace\outputs\part_iii_predictions\prediction_0375.tif,5,540,0.0271021013386648,687.1944444444445,1697.8074074074075,22.039963325065724,59.81460392931437,674,1682,27,33,EPSG:4326
375,Lookalike,A:\SIH26143_DATA\OFFICIAL_DATASET\PART_III_TEST\Images\Lookalike\00075.tif,C:\SlickTrace\outputs\part_iii_predictions\prediction_0375.tif,6,1236,0.06203369861961055,674.2556634304207,1846.2686084142395,22.038801014591446,59.80126743271805,653,1823,41,49,EPSG:4326
375,Lookalike,A:\SIH26143_DATA\OFFICIAL_DATASET\PART_III_TEST\Images\Lookalike\00075.tif,C:\SlickTrace\outputs\part_iii_predictions\prediction_0375.tif,7,568,0.028507395482151126,668.4841549295775,1904.8292253521126,22.038282551161572,59.796006842993776,653,1891,31,29,EPSG:4326
376,Lookalike,A:\SIH26143_DATA\OFFICIAL_DATASET\PART_III_TEST\Images\Lookalike\00076.tif,C:\SlickTrace\outputs\part_iii_predictions\prediction_0376.tif,1,835,0.04212781211951619,266.6802395209581,1059.3269461077844,22.00218789131851,59.69732711378125,251,1046,33,31,EPSG:4326
376,Lookalike,A:\SIH26143_DATA\OFFICIAL_DATASET\PART_III_TEST\Images\Lookalike\00076.tif,C:\SlickTrace\outputs\part_iii_predictions\prediction_0376.tif,2,6456,0.3257211437647862,119.76099752168525,1215.2245972738538,21.988989911256592,59.68332258950117,55,1131,124,172,EPSG:4326
376,Lookalike,A:\SIH26143_DATA\OFFICIAL_DATASET\PART_III_TEST\Images\Lookalike\00076.tif,C:\SlickTrace\outputs\part_iii_predictions\prediction_0376.tif,3,530,0.026739808890231833,291.07735849056604,1346.688679245283,22.0043795218044,59.6715129700864,274,1333,35,28,EPSG:4326
376,Lookalike,A:\SIH26143_DATA\OFFICIAL_DATASET\PART_III_TEST\Images\Lookalike\00076.tif,C:\SlickTrace\outputs\part_iii_predictions\prediction_0376.tif,4,12212,0.6161255588066248,65.89813298395022,1445.6161152964298,21.98415132781052,59.66262616730405,0,1367,158,147,EPSG:4326
376,Lookalike,A:\SIH26143_DATA\OFFICIAL_DATASET\PART_III_TEST\Images\Lookalike\00076.tif,C:\SlickTrace\outputs\part_iii_predictions\prediction_0376.tif,5,1131,0.057061743122362646,1220.500442086649,1601.0742705570292,22.087871017945183,59.64866112361289,1197,1584,43,41,EPSG:4326
376,Lookalike,A:\SIH26143_DATA\OFFICIAL_DATASET\PART_III_TEST\Images\Lookalike\00076.tif,C:\SlickTrace\outputs\part_iii_predictions\prediction_0376.tif,6,589,0.029716504596880283,1036.9354838709678,1661.8251273344652,22.071381097185792,59.643203781296236,1021,1642,33,39,EPSG:4326
376,Lookalike,A:\SIH26143_DATA\OFFICIAL_DATASET\PART_III_TEST\Images\Lookalike\00076.tif,C:\SlickTrace\outputs\part_iii_predictions\prediction_0376.tif,7,722,0.03642668305424034,1068.0387811634348,1688.2091412742382,22.074175153920226,59.64083366499838,1049,1670,37,37,EPSG:4326
376,Lookalike,A:\SIH26143_DATA\OFFICIAL_DATASET\PART_III_TEST\Images\Lookalike\00076.tif,C:\SlickTrace\outputs\part_iii_predictions\prediction_0376.tif,8,614,0.030977816336985556,753.5374592833876,1738.2377850162866,22.045923019488164,59.63633951546666,738,1724,33,33,EPSG:4326
376,Lookalike,A:\SIH26143_DATA\OFFICIAL_DATASET\PART_III_TEST\Images\Lookalike\00076.tif,C:\SlickTrace\outputs\part_iii_predictions\prediction_0376.tif,9,6617,0.3338439913710642,987.2043222003929,1832.6079794468792,22.066913670923224,59.62786209666442,948,1745,84,173,EPSG:4326
376,Lookalike,A:\SIH26143_DATA\OFFICIAL_DATASET\PART_III_TEST\Images\Lookalike\00076.tif,C:\SlickTrace\outputs\part_iii_predictions\prediction_0376.tif,10,195256,9.851147405039823,1538.202267792027,1953.2129716884501,22.116410658527567,59.61702796587725,936,1806,1112,242,EPSG:4326
376,Lookalike,A:\SIH26143_DATA\OFFICIAL_DATASET\PART_III_TEST\Images\Lookalike\00076.tif,C:\SlickTrace\outputs\part_iii_predictions\prediction_0376.tif,11,534,0.026941618768648676,1282.8258426966293,1824.4419475655432,22.093469803940867,59.62859566378938,1268,1812,32,26,EPSG:4326
376,Lookalike,A:\SIH26143_DATA\OFFICIAL_DATASET\PART_III_TEST\Images\Lookalike\00076.tif,C:\SlickTrace\outputs\part_iii_predictions\prediction_0376.tif,12,780,0.03935292629128458,1318.0615384615385,1835.9666666666667,22.096635080346086,59.62756038065801,1302,1818,39,41,EPSG:4326
376,Lookalike,A:\SIH26143_DATA\OFFICIAL_DATASET\PART_III_TEST\Images\Lookalike\00076.tif,C:\SlickTrace\outputs\part_iii_predictions\prediction_0376.tif,13,4341,0.21901417055187997,906.7832296705828,1867.3904630269524,22.059689321264713,59.62473753300246,861,1833,94,71,EPSG:4326
376,Lookalike,A:\SIH26143_DATA\OFFICIAL_DATASET\PART_III_TEST\Images\Lookalike\00076.tif,C:\SlickTrace\outputs\part_iii_predictions\prediction_0376.tif,14,988,0.04984703996896047,1243.3441295546559,1866.7165991902834,22.089923101305,59.62479806722085,1225,1851,41,37,EPSG:4326
376,Lookalike,A:\SIH26143_DATA\OFFICIAL_DATASET\PART_III_TEST\Images\Lookalike\00076.tif,C:\SlickTrace\outputs\part_iii_predictions\prediction_0376.tif,15,507,0.025579402089334978,592.2287968441815,1925.2702169625247,22.031432415795162,59.619538106242324,584,1904,17,42,EPSG:4326
376,Lookalike,A:\SIH26143_DATA\OFFICIAL_DATASET\PART_III_TEST\Images\Lookalike\00076.tif,C:\SlickTrace\outputs\part_iii_predictions\prediction_0376.tif,16,4463,0.2251693718435937,392.24131749943984,2002.9807304503697,22.013467234862368,59.61255725204203,327,1961,125,84,EPSG:4326
377,Lookalike,A:\SIH26143_DATA\OFFICIAL_DATASET\PART_III_TEST\Images\Lookalike\00077.tif,C:\SlickTrace\outputs\part_iii_predictions\prediction_0377.tif,1,4224,0.29637764246746134,545.0793087121212,219.66477272727272,-3.6963348906630773,45.51310682391264,503,172,80,99,EPSG:4326
377,Lookalike,A:\SIH26143_DATA\OFFICIAL_DATASET\PART_III_TEST\Images\Lookalike\00077.tif,C:\SlickTrace\outputs\part_iii_predictions\prediction_0377.tif,2,623,0.04371289565748779,619.7447833065811,193.1171749598716,-3.6896275769606532,45.51549163519575,603,178,35,31,EPSG:4326
377,Lookalike,A:\SIH26143_DATA\OFFICIAL_DATASET\PART_III_TEST\Images\Lookalike\00077.tif,C:\SlickTrace\outputs\part_iii_predictions\prediction_0377.tif,3,1102,0.0773220080490394,770.2014519056262,202.50453720508168,-3.67611182446063,45.51464835409751,748,184,43,36,EPSG:4326
377,Lookalike,A:\SIH26143_DATA\OFFICIAL_DATASET\PART_III_TEST\Images\Lookalike\00077.tif,C:\SlickTrace\outputs\part_iii_predictions\prediction_0377.tif,4,2301,0.16145003677027192,857.7188179052586,268.82442416340723,-3.668250005710295,45.508690737287935,828,227,73,77,EPSG:4326
377,Lookalike,A:\SIH26143_DATA\OFFICIAL_DATASET\PART_III_TEST\Images\Lookalike\00077.tif,C:\SlickTrace\outputs\part_iii_predictions\prediction_0377.tif,5,532,0.037327865954708675,605.5545112781955,257.77255639097746,-3.6909023107855443,45.50968354346174,592,245,26,29,EPSG:4326
377,Lookalike,A:\SIH26143_DATA\OFFICIAL_DATASET\PART_III_TEST\Images\Lookalike\00077.tif,C:\SlickTrace\outputs\part_iii_predictions\prediction_0377.tif,6,1890,0.13261215536541238,754.4439153439154,325.4312169312169,-3.677527348053976,45.503605662575104,723,304,61,44,EPSG:4326
377,Lookalike,A:\SIH26143_DATA\OFFICIAL_DATASET\PART_III_TEST\Images\Lookalike\00077.tif,C:\SlickTrace\outputs\part_iii_predictions\prediction_0377.tif,7,2041,0.14320709476233157,844.8809407153357,344.70357667809895,-3.6694032518398307,45.50187439704294,826,311,45,84,EPSG:4326
377,Lookalike,A:\SIH26143_DATA\OFFICIAL_DATASET\PART_III_TEST\Images\Lookalike\00077.tif,C:\SlickTrace\outputs\part_iii_predictions\prediction_0377.tif,8,408739,28.679237974552006,868.8821962181245,621.405838444582,-3.6672471823742097,45.47701780995341,194,376,1335,542,EPSG:4326
377,Lookalike,A:\SIH26143_DATA\OFFICIAL_DATASET\PART_III_TEST\Images\Lookalike\00077.tif,C:\SlickTrace\outputs\part_iii_predictions\prediction_0377.tif,9,1055,0.07402424545529633,366.38009478672984,424.6227488151659,-3.7123877141760095,45.49469513566044,355,387,22,72,EPSG:4326
377,Lookalike,A:\SIH26143_DATA\OFFICIAL_DATASET\PART_III_TEST\Images\Lookalike\00077.tif,C:\SlickTrace\outputs\part_iii_predictions\prediction_0377.tif,10,1211,0.08497001066006053,659.5301403798513,747.971098265896,-3.686053597526346,45.465648259219805,643,717,30,59,EPSG:4326
377,Lookalike,A:\SIH26143_DATA\OFFICIAL_DATASET\PART_III_TEST\Images\Lookalike\00077.tif,C:\SlickTrace\outputs\part_iii_predictions\prediction_0377.tif,11,683,0.047922805351627865,767.8740849194729,754.6632503660322,-3.6763208953941717,45.465047092968284,752,739,38,40,EPSG:4326
377,Lookalike,A:\SIH26143_DATA\OFFICIAL_DATASET\PART_III_TEST\Images\Lookalike\00077.tif,C:\SlickTrace\outputs\part_iii_predictions\prediction_0377.tif,12,1012,0.07100714350782927,802.0098814229249,772.3290513833992,-3.6732544246207075,45.46346014706227,782,754,40,40,EPSG:4326
377,Lookalike,A:\SIH26143_DATA\OFFICIAL_DATASET\PART_III_TEST\Images\Lookalike\00077.tif,C:\SlickTrace\outputs\part_iii_predictions\prediction_0377.tif,13,1802,0.12643762114734028,530.822974472808,812.564372918979,-3.6976155589573465,45.45984574663259,507,779,44,68,EPSG:4326
377,Lookalike,A:\SIH26143_DATA\OFFICIAL_DATASET\PART_III_TEST\Images\Lookalike\00077.tif,C:\SlickTrace\outputs\part_iii_predictions\prediction_0377.tif,14,778,0.054588495700682985,650.8843187660668,812.8071979434447,-3.6868302648962894,45.4598239332895,635,791,30,47,EPSG:4326
377,Lookalike,A:\SIH26143_DATA\OFFICIAL_DATASET\PART_III_TEST\Images\Lookalike\00077.tif,C:\SlickTrace\outputs\part_iii_predictions\prediction_0377.tif,15,706,0.049536604067714894,398.0637393767705,826.2960339943343,-3.709541523956825,45.45861221053055,387,807,21,44,EPSG:4326
377,Lookalike,A:\SIH26143_DATA\OFFICIAL_DATASET\PART_III_TEST\Images\Lookalike\00077.tif,C:\SlickTrace\outputs\part_iii_predictions\prediction_0377.tif,16,886,0.06216633315013512,725.8205417607223,844.285553047404,-3.6800986294512605,45.45699618453862,703,824,43,50,EPSG:4326
377,Lookalike,A:\SIH26143_DATA\OFFICIAL_DATASET\PART_III_TEST\Images\Lookalike\00077.tif,C:\SlickTrace\outputs\part_iii_predictions\prediction_0377.tif,17,1068,0.07493639255569334,1320.8080524344568,957.7734082397004,-3.626649991981416,45.4468013970505,1304,933,39,53,EPSG:4326
377,Lookalike,A:\SIH26143_DATA\OFFICIAL_DATASET\PART_III_TEST\Images\Lookalike\00077.tif,C:\SlickTrace\outputs\part_iii_predictions\prediction_0377.tif,18,717,0.0503084208449739,1348.0781032078103,1084.8772663877266,-3.6242002816405745,45.43538346320601,1334,1053,30,56,EPSG:4326
377,Lookalike,A:\SIH26143_DATA\OFFICIAL_DATASET\PART_III_TEST\Images\Lookalike\00077.tif,C:\SlickTrace\outputs\part_iii_predictions\prediction_0377.tif,19,1091,0.07655019127178038,1523.7928505957836,1072.5682859761687,-3.608415557318193,45.43648919772957,1498,1054,49,35,EPSG:4326
377,Lookalike,A:\SIH26143_DATA\OFFICIAL_DATASET\PART_III_TEST\Images\Lookalike\00077.tif,C:\SlickTrace\outputs\part_iii_predictions\prediction_0377.tif,20,893,0.06265748928111813,1177.6942889137738,1122.8129899216126,-3.639506120095266,45.43197563917955,1158,1095,38,55,EPSG:4326
377,Lookalike,A:\SIH26143_DATA\OFFICIAL_DATASET\PART_III_TEST\Images\Lookalike\00077.tif,C:\SlickTrace\outputs\part_iii_predictions\prediction_0377.tif,21,2301,0.16145003677027192,1292.147327249022,1269.896566710126,-3.629224628730219,45.418762896672334,1261,1225,68,88,EPSG:4326
377,Lookalike,A:\SIH26143_DATA\OFFICIAL_DATASET\PART_III_TEST\Images\Lookalike\00077.tif,C:\SlickTrace\outputs\part_iii_predictions\prediction_0377.tif,22,9940,0.6974417059958725,1330.63430583501,1375.9132796780684,-3.6257672846198816,45.40923925330922,1255,1316,155,128,EPSG:4326
377,Lookalike,A:\SIH26143_DATA\OFFICIAL_DATASET\PART_III_TEST\Images\Lookalike\00077.tif,C:\SlickTrace\outputs\part_iii_predictions\prediction_0377.tif,23,6211,0.4357958185050668,1239.887135726936,1502.8003542102722,-3.633919241609749,45.39784079346826,1198,1430,75,155,EPSG:4326
377,Lookalike,A:\SIH26143_DATA\OFFICIAL_DATASET\PART_III_TEST\Images\Lookalike\00077.tif,C:\SlickTrace\outputs\part_iii_predictions\prediction_0377.tif,24,818,0.05739510216344303,1811.3911980440098,1465.0562347188263,-3.5825801581981667,45.40123140541075,1795,1449,38,43,EPSG:4326
377,Lookalike,A:\SIH26143_DATA\OFFICIAL_DATASET\PART_III_TEST\Images\Lookalike\00077.tif,C:\SlickTrace\outputs\part_iii_predictions\prediction_0377.tif,25,1251,0.08777661712282057,1322.8265387689848,1505.0319744204637,-3.626468668268907,45.39764032361395,1298,1489,56,37,EPSG:4326
377,Lookalike,A:\SIH26143_DATA\OFFICIAL_DATASET\PART_III_TEST\Images\Lookalike\00077.tif,C:\SlickTrace\outputs\part_iii_predictions\prediction_0377.tif,26,5597,0.3927144093017001,1301.1418617116312,1584.9801679471145,-3.628416635952089,45.39045845519568,1254,1538,104,104,EPSG:4326
377,Lookalike,A:\SIH26143_DATA\OFFICIAL_DATASET\PART_III_TEST\Images\Lookalike\00077.tif,C:\SlickTrace\outputs\part_iii_predictions\prediction_0377.tif,27,606,0.04252008791081477,1386.9059405940593,1566.2887788778878,-3.6207123176632368,45.392137531243904,1374,1553,28,27,EPSG:4326
377,Lookalike,A:\SIH26143_DATA\OFFICIAL_DATASET\PART_III_TEST\Images\Lookalike\00077.tif,C:\SlickTrace\outputs\part_iii_predictions\prediction_0377.tif,28,707,0.04960676922928389,1315.6845827439886,1656.5106082036775,-3.6271102410944835,45.38403276641945,1297,1640,47,29,EPSG:4326
378,Lookalike,A:\SIH26143_DATA\OFFICIAL_DATASET\PART_III_TEST\Images\Lookalike\00078.tif,C:\SlickTrace\outputs\part_iii_predictions\prediction_0378.tif,1,897,0.06312526862993235,427.91750278706803,77.18729096989966,-3.7068597147608293,45.35792083573285,399,60,54,34,EPSG:4326
378,Lookalike,A:\SIH26143_DATA\OFFICIAL_DATASET\PART_III_TEST\Images\Lookalike\00078.tif,C:\SlickTrace\outputs\part_iii_predictions\prediction_0378.tif,2,863,0.060732560565921544,529.5735805330244,118.38354577056779,-3.6977277939245456,45.354220113199254,514,85,43,57,EPSG:4326
378,Lookalike,A:\SIH26143_DATA\OFFICIAL_DATASET\PART_III_TEST\Images\Lookalike\00078.tif,C:\SlickTrace\outputs\part_iii_predictions\prediction_0378.tif,3,705,0.04961350544493011,476.5177304964539,108.48085106382979,-3.7024938820245263,45.35510968740016,457,91,40,33,EPSG:4326
378,Lookalike,A:\SIH26143_DATA\OFFICIAL_DATASET\PART_III_TEST\Images\Lookalike\00078.tif,C:\SlickTrace\outputs\part_iii_predictions\prediction_0378.tif,4,2897,0.20387280180703907,1445.1063168795306,314.75215740421123,-3.6154840889073623,45.33658002068407,1407,275,75,95,EPSG:4326
378,Lookalike,A:\SIH26143_DATA\OFFICIAL_DATASET\PART_III_TEST\Images\Lookalike\00078.tif,C:\SlickTrace\outputs\part_iii_predictions\prediction_0378.tif,5,738,0.05193583974235237,731.369918699187,404.43631436314365,-3.679600120439144,45.32852355579011,708,389,38,39,EPSG:4326
378,Lookalike,A:\SIH26143_DATA\OFFICIAL_DATASET\PART_III_TEST\Images\Lookalike\00078.tif,C:\SlickTrace\outputs\part_iii_predictions\prediction_0378.tif,6,2074,0.14595519190465964,897.4662487945998,590.648987463838,-3.664679433243057,45.3117957867558,862,561,71,59,EPSG:4326
378,Lookalike,A:\SIH26143_DATA\OFFICIAL_DATASET\PART_III_TEST\Images\Lookalike\00078.tif,C:\SlickTrace\outputs\part_iii_predictions\prediction_0378.tif,7,2429,0.17093787904359609,858.7389872375463,685.5771922601893,-3.6681583623399368,45.30326824102954,807,660,96,62,EPSG:4326
385,Lookalike,A:\SIH26143_DATA\OFFICIAL_DATASET\PART_III_TEST\Images\Lookalike\00085.tif,C:\SlickTrace\outputs\part_iii_predictions\prediction_0385.tif,1,1429,0.07172019039435557,1452.1980405878237,107.51014695591323,22.291042770024188,59.95746276285007,1411,88,81,38,EPSG:4326
385,Lookalike,A:\SIH26143_DATA\OFFICIAL_DATASET\PART_III_TEST\Images\Lookalike\00085.tif,C:\SlickTrace\outputs\part_iii_predictions\prediction_0385.tif,2,1772,0.08893504365206302,1114.4954853273139,373.70146726862305,22.260706433336512,59.93355038969638,1078,353,82,42,EPSG:4326
385,Lookalike,A:\SIH26143_DATA\OFFICIAL_DATASET\PART_III_TEST\Images\Lookalike\00085.tif,C:\SlickTrace\outputs\part_iii_predictions\prediction_0385.tif,3,1223,0.06138124062442047,1425.9787408013083,373.9493049877351,22.28868745025047,59.93352812605527,1396,361,65,30,EPSG:4326
385,Lookalike,A:\SIH26143_DATA\OFFICIAL_DATASET\PART_III_TEST\Images\Lookalike\00085.tif,C:\SlickTrace\outputs\part_iii_predictions\prediction_0385.tif,4,516,0.025897563501390813,1054.6356589147288,400.31007751937983,22.255329133639396,59.931160097568636,1037,388,37,26,EPSG:4326
385,Lookalike,A:\SIH26143_DATA\OFFICIAL_DATASET\PART_III_TEST\Images\Lookalike\00085.tif,C:\SlickTrace\outputs\part_iii_predictions\prediction_0385.tif,5,528,0.02649983242002781,670.6041666666666,1002.564393939394,22.22083099773243,59.87705867183193,656,992,31,22,EPSG:4326
386,Lookalike,A:\SIH26143_DATA\OFFICIAL_DATASET\PART_III_TEST\Images\Lookalike\00086.tif,C:\SlickTrace\outputs\part_iii_predictions\prediction_0386.tif,1,547,0.02759750087350342,155.9652650822669,1757.63802559415,22.174600198622855,59.63459676220399,143,1741,27,34,EPSG:4326
386,Lookalike,A:\SIH26143_DATA\OFFICIAL_DATASET\PART_III_TEST\Images\Lookalike\00086.tif,C:\SlickTrace\outputs\part_iii_predictions\prediction_0386.tif,2,48454,2.44462396220244,94.43028439344533,1921.8845709332563,22.16907241725678,59.61984224399979,0,1761,260,287,EPSG:4326
386,Lookalike,A:\SIH26143_DATA\OFFICIAL_DATASET\PART_III_TEST\Images\Lookalike\00086.tif,C:\SlickTrace\outputs\part_iii_predictions\prediction_0386.tif,3,547,0.02759750087350342,223.89579524680073,1779.7915904936015,22.18070250197337,59.632606673609295,211,1767,28,26,EPSG:4326
386,Lookalike,A:\SIH26143_DATA\OFFICIAL_DATASET\PART_III_TEST\Images\Lookalike\00086.tif,C:\SlickTrace\outputs\part_iii_predictions\prediction_0386.tif,4,2044,0.10312484787100729,222.54843444227006,1835.1839530332682,22.180581466492978,59.62763069302001,192,1797,55,81,EPSG:4326
387,Lookalike,A:\SIH26143_DATA\OFFICIAL_DATASET\PART_III_TEST\Images\Lookalike\00087.tif,C:\SlickTrace\outputs\part_iii_predictions\prediction_0387.tif,1,798,0.055991798932063006,1327.1516290726818,25.411027568922307,-3.443003483892848,45.53055693473996,1313,1,36,53,EPSG:4326
387,Lookalike,A:\SIH26143_DATA\OFFICIAL_DATASET\PART_III_TEST\Images\Lookalike\00087.tif,C:\SlickTrace\outputs\part_iii_predictions\prediction_0387.tif,2,22733,1.5950646179481058,1567.462191527735,107.88360533145648,-3.4214160187739746,45.52314829702748,1443,0,230,245,EPSG:4326
387,Lookalike,A:\SIH26143_DATA\OFFICIAL_DATASET\PART_III_TEST\Images\Lookalike\00087.tif,C:\SlickTrace\outputs\part_iii_predictions\prediction_0387.tif,3,2723,0.19105973495239045,1869.9357326478148,39.86962908556739,-3.3942443582709823,45.529258096467025,1804,0,114,72,EPSG:4326
387,Lookalike,A:\SIH26143_DATA\OFFICIAL_DATASET\PART_III_TEST\Images\Lookalike\00087.tif,C:\SlickTrace\outputs\part_iii_predictions\prediction_0387.tif,4,762,0.053465853115578964,1500.6469816272966,27.633858267716537,-3.4274181312004965,45.53035725446089,1487,3,26,48,EPSG:4326
387,Lookalike,A:\SIH26143_DATA\OFFICIAL_DATASET\PART_III_TEST\Images\Lookalike\00087.tif,C:\SlickTrace\outputs\part_iii_predictions\prediction_0387.tif,5,520,0.036485884015880654,1731.928846153846,26.521153846153847,-3.4066417278161105,45.530457210399746,1719,12,24,31,EPSG:4326
387,Lookalike,A:\SIH26143_DATA\OFFICIAL_DATASET\PART_III_TEST\Images\Lookalike\00087.tif,C:\SlickTrace\outputs\part_iii_predictions\prediction_0387.tif,6,6398,0.4489167037184701,1375.1652078774616,89.6994373241638,-3.4386903507242867,45.524781808632476,1332,23,90,140,EPSG:4326
387,Lookalike,A:\SIH26143_DATA\OFFICIAL_DATASET\PART_III_TEST\Images\Lookalike\00087.tif,C:\SlickTrace\outputs\part_iii_predictions\prediction_0387.tif,7,582,0.040836124033158734,1777.5257731958764,40.99656357388316,-3.4025456861690366,45.529156862219516,1763,29,29,26,EPSG:4326
387,Lookalike,A:\SIH26143_DATA\OFFICIAL_DATASET\PART_III_TEST\Images\Lookalike\00087.tif,C:\SlickTrace\outputs\part_iii_predictions\prediction_0387.tif,8,1031,0.0723402815776403,1701.3404461687683,60.840931134820565,-3.409389530538446,45.52737421235115,1677,46,47,32,EPSG:4326
387,Lookalike,A:\SIH26143_DATA\OFFICIAL_DATASET\PART_III_TEST\Images\Lookalike\00087.tif,C:\SlickTrace\outputs\part_iii_predictions\prediction_0387.tif,9,14552,1.0210434311521064,1850.0230896096757,120.74182242990655,-3.39603314142982,45.52199322373287,1710,59,291,143,EPSG:4326
387,Lookalike,A:\SIH26143_DATA\OFFICIAL_DATASET\PART_III_TEST\Images\Lookalike\00087.tif,C:\SlickTrace\outputs\part_iii_predictions\prediction_0387.tif,10,819,0.05746526732501204,1705.5372405372405,130.97557997557996,-3.4090125260858954,45.52107390965115,1693,110,25,45,EPSG:4326
387,Lookalike,A:\SIH26143_DATA\OFFICIAL_DATASET\PART_III_TEST\Images\Lookalike\00087.tif,C:\SlickTrace\outputs\part_iii_predictions\prediction_0387.tif,11,862,0.06048236927247909,1320.7146171693735,185.4709976798144,-3.443581730510528,45.51617850298733,1307,163,31,47,EPSG:4326
387,Lookalike,A:\SIH26143_DATA\OFFICIAL_DATASET\PART_III_TEST\Images\Lookalike\00087.tif,C:\SlickTrace\outputs\part_iii_predictions\prediction_0387.tif,12,6701,0.47017674767387746,1330.5238024175496,281.81644530667063,-3.442700556407208,45.50752364417148,1265,224,122,127,EPSG:4326
387,Lookalike,A:\SIH26143_DATA\OFFICIAL_DATASET\PART_III_TEST\Images\Lookalike\00087.tif,C:\SlickTrace\outputs\part_iii_predictions\prediction_0387.tif,13,1213,0.08511034098319853,1212.719703215169,271.99175597691675,-3.4532830786917517,45.50840621103014,1189,245,45,57,EPSG:4326
387,Lookalike,A:\SIH26143_DATA\OFFICIAL_DATASET\PART_III_TEST\Images\Lookalike\00087.tif,C:\SlickTrace\outputs\part_iii_predictions\prediction_0387.tif,14,717,0.0503084208449739,1586.5871687587169,268.836820083682,-3.4196979928384716,45.50868962374347,1573,251,28,38,EPSG:4326
387,Lookalike,A:\SIH26143_DATA\OFFICIAL_DATASET\PART_III_TEST\Images\Lookalike\00087.tif,C:\SlickTrace\outputs\part_iii_predictions\prediction_0387.tif,15,1561,0.10952781720921097,1433.1089045483664,281.30685458039716,-3.433485179890501,45.50756942148528,1405,258,55,51,EPSG:4326
387,Lookalike,A:\SIH26143_DATA\OFFICIAL_DATASET\PART_III_TEST\Images\Lookalike\00087.tif,C:\SlickTrace\outputs\part_iii_predictions\prediction_0387.tif,16,4390,0.30802505928791557,35.09316628701595,354.97289293849656,-3.5590710704024815,45.50095188866752,0,291,84,105,EPSG:4326
387,Lookalike,A:\SIH26143_DATA\OFFICIAL_DATASET\PART_III_TEST\Images\Lookalike\00087.tif,C:\SlickTrace\outputs\part_iii_predictions\prediction_0387.tif,17,2426,0.17022068196639706,1466.568425391591,343.04080791426213,-3.4304794599932222,45.50202376610239,1420,302,84,69,EPSG:4326
387,Lookalike,A:\SIH26143_DATA\OFFICIAL_DATASET\PART_III_TEST\Images\Lookalike\00087.tif,C:\SlickTrace\outputs\part_iii_predictions\prediction_0387.tif,18,1769,0.12412217081556323,1271.2916902204636,389.7671000565291,-3.448021467576941,45.49782627186222,1234,358,66,61,EPSG:4326
387,Lookalike,A:\SIH26143_DATA\OFFICIAL_DATASET\PART_III_TEST\Images\Lookalike\00087.tif,C:\SlickTrace\outputs\part_iii_predictions\prediction_0387.tif,19,2907,0.20397012468108666,1431.1926384588924,429.03095975232196,-3.4336573210021624,45.4942991393344,1394,402,81,60,EPSG:4326
387,Lookalike,A:\SIH26143_DATA\OFFICIAL_DATASET\PART_III_TEST\Images\Lookalike\00087.tif,C:\SlickTrace\outputs\part_iii_predictions\prediction_0387.tif,20,518,0.03634555369274266,24.820463320463322,424.07528957528956,-3.559993883010889,45.49474431476071,11,411,28,26,EPSG:4326
387,Lookalike,A:\SIH26143_DATA\OFFICIAL_DATASET\PART_III_TEST\Images\Lookalike\00087.tif,C:\SlickTrace\outputs\part_iii_predictions\prediction_0387.tif,21,1445,0.10138865846720682,1247.521107266436,444.2823529411765,-3.4501568153749442,45.49292908337383,1223,417,47,54,EPSG:4326
387,Lookalike,A:\SIH26143_DATA\OFFICIAL_DATASET\PART_III_TEST\Images\Lookalike\00087.tif,C:\SlickTrace\outputs\part_iii_predictions\prediction_0387.tif,22,12309,0.8636629737528365,1300.6154846047607,529.3745227069624,-3.4453872663085616,45.48528512370788,1249,418,111,229,EPSG:4326
387,Lookalike,A:\SIH26143_DATA\OFFICIAL_DATASET\PART_III_TEST\Images\Lookalike\00087.tif,C:\SlickTrace\outputs\part_iii_predictions\prediction_0387.tif,23,965,0.06770938091408622,1472.3357512953369,470.4642487046632,-3.429961372292439,45.49057712366068,1444,456,52,26,EPSG:4326
387,Lookalike,A:\SIH26143_DATA\OFFICIAL_DATASET\PART_III_TEST\Images\Lookalike\00087.tif,C:\SlickTrace\outputs\part_iii_predictions\prediction_0387.tif,24,598,0.041958766618262755,109.32274247491638,485.685618729097,-3.552402914120151,45.48920976472686,98,467,27,37,EPSG:4326
387,Lookalike,A:\SIH26143_DATA\OFFICIAL_DATASET\PART_III_TEST\Images\Lookalike\00087.tif,C:\SlickTrace\outputs\part_iii_predictions\prediction_0387.tif,25,850,0.059640387333651075,1546.5164705882353,583.9635294117647,-3.42329760489966,45.480381309801096,1529,563,43,42,EPSG:4326
387,Lookalike,A:\SIH26143_DATA\OFFICIAL_DATASET\PART_III_TEST\Images\Lookalike\00087.tif,C:\SlickTrace\outputs\part_iii_predictions\prediction_0387.tif,26,1424,0.0999151900742578,1466.450140449438,635.1769662921348,-3.430490085710364,45.47578072849091,1437,615,59,38,EPSG:4326
387,Lookalike,A:\SIH26143_DATA\OFFICIAL_DATASET\PART_III_TEST\Images\Lookalike\00087.tif,C:\SlickTrace\outputs\part_iii_predictions\prediction_0387.tif,27,2498,0.17527257359936516,1225.1457165732586,665.9715772618094,-3.452166830919727,45.47301440152065,1201,630,55,71,EPSG:4326
387,Lookalike,A:\SIH26143_DATA\OFFICIAL_DATASET\PART_III_TEST\Images\Lookalike\00087.tif,C:\SlickTrace\outputs\part_iii_predictions\prediction_0387.tif,28,17345,1.2170147274143268,1403.0168348227155,786.8594407610262,-3.4361883965070352,45.46215485997606,1287,650,242,269,EPSG:4326
387,Lookalike,A:\SIH26143_DATA\OFFICIAL_DATASET\PART_III_TEST\Images\Lookalike\00087.tif,C:\SlickTrace\outputs\part_iii_predictions\prediction_0387.tif,29,3498,0.24543773516836642,1159.5969125214408,780.2712978845054,-3.458055180173277,45.462746682920056,1093,715,110,124,EPSG:4326
387,Lookalike,A:\SIH26143_DATA\OFFICIAL_DATASET\PART_III_TEST\Images\Lookalike\00087.tif,C:\SlickTrace\outputs\part_iii_predictions\prediction_0387.tif,30,841,0.05900890087953006,165.80499405469678,781.0725326991677,-3.547329027132591,45.462674706772034,149,746,32,70,EPSG:4326
387,Lookalike,A:\SIH26143_DATA\OFFICIAL_DATASET\PART_III_TEST\Images\Lookalike\00087.tif,C:\SlickTrace\outputs\part_iii_predictions\prediction_0387.tif,31,1602,0.11240458883354003,1395.6042446941324,909.8002496878902,-3.4368542808077773,45.45111089920596,1378,872,33,74,EPSG:4326
387,Lookalike,A:\SIH26143_DATA\OFFICIAL_DATASET\PART_III_TEST\Images\Lookalike\00087.tif,C:\SlickTrace\outputs\part_iii_predictions\prediction_0387.tif,32,933,0.06546409574387818,1291.3912111468383,958.0953912111469,-3.4462158968917764,45.44677247282805,1266,937,51,41,EPSG:4326
387,Lookalike,A:\SIH26143_DATA\OFFICIAL_DATASET\PART_III_TEST\Images\Lookalike\00087.tif,C:\SlickTrace\outputs\part_iii_predictions\prediction_0387.tif,33,2177,0.15274955673571575,1230.6233348644923,1005.2039503904456,-3.4516747680965683,45.44254063895569,1206,979,52,55,EPSG:4326
387,Lookalike,A:\SIH26143_DATA\OFFICIAL_DATASET\PART_III_TEST\Images\Lookalike\00087.tif,C:\SlickTrace\outputs\part_iii_predictions\prediction_0387.tif,34,758,0.05318519246930296,1283.8812664907653,1043.8931398416887,-3.4468905266985206,45.439065129934264,1269,1016,28,57,EPSG:4326
387,Lookalike,A:\SIH26143_DATA\OFFICIAL_DATASET\PART_III_TEST\Images\Lookalike\00087.tif,C:\SlickTrace\outputs\part_iii_predictions\prediction_0387.tif,35,1061,0.07444523642471033,999.9622997172479,1094.382657869934,-3.472395401428928,45.434529579361005,976,1070,44,52,EPSG:4326
387,Lookalike,A:\SIH26143_DATA\OFFICIAL_DATASET\PART_III_TEST\Images\Lookalike\00087.tif,C:\SlickTrace\outputs\part_iii_predictions\prediction_0387.tif,36,2339,0.16411631290989395,1230.443779392903,1123.2881573321934,-3.4516908978390157,45.4319329541648,1212,1077,42,92,EPSG:4326
387,Lookalike,A:\SIH26143_DATA\OFFICIAL_DATASET\PART_III_TEST\Images\Lookalike\00087.tif,C:\SlickTrace\outputs\part_iii_predictions\prediction_0387.tif,37,826,0.05795642345599505,398.8474576271187,1103.4188861985472,-3.5263944664449935,45.433717841159165,378,1081,46,43,EPSG:4326
387,Lookalike,A:\SIH26143_DATA\OFFICIAL_DATASET\PART_III_TEST\Images\Lookalike\00087.tif,C:\SlickTrace\outputs\part_iii_predictions\prediction_0387.tif,38,926,0.06497293961289517,369.1879049676026,1184.8876889848812,-3.5290588293924126,45.42639937408698,347,1160,45,52,EPSG:4326
387,Lookalike,A:\SIH26143_DATA\OFFICIAL_DATASET\PART_III_TEST\Images\Lookalike\00087.tif,C:\SlickTrace\outputs\part_iii_predictions\prediction_0387.tif,39,558,0.039152160155502706,1114.016129032258,1187.779569892473,-3.4621497716203247,45.426139592005065,1100,1174,28,28,EPSG:4326
387,Lookalike,A:\SIH26143_DATA\OFFICIAL_DATASET\PART_III_TEST\Images\Lookalike\00087.tif,C:\SlickTrace\outputs\part_iii_predictions\prediction_0387.tif,40,7540,0.5290453182302696,297.96949602122015,1287.0603448275863,-3.5354564879191335,45.417221048250724,254,1192,87,222,EPSG:4326
387,Lookalike,A:\SIH26143_DATA\OFFICIAL_DATASET\PART_III_TEST\Images\Lookalike\00087.tif,C:\SlickTrace\outputs\part_iii_predictions\prediction_0387.tif,41,544,0.03816984789353669,354.1415441176471,1257.5422794117646,-3.530410466984602,45.41987270118279,344,1239,20,36,EPSG:4326
387,Lookalike,A:\SIH26143_DATA\OFFICIAL_DATASET\PART_III_TEST\Images\Lookalike\00087.tif,C:\SlickTrace\outputs\part_iii_predictions\prediction_0387.tif,42,527,0.03697704014686366,62.92789373814042,1285.967741935484,-3.556570634292617,45.41731919843846,54,1270,21,41,EPSG:4326
387,Lookalike,A:\SIH26143_DATA\OFFICIAL_DATASET\PART_III_TEST\Images\Lookalike\00087.tif,C:\SlickTrace\outputs\part_iii_predictions\prediction_0387.tif,43,7558,0.5303082911385115,123.73564435035723,1345.7626356178882,-3.5511081811158287,45.411947731747745,56,1291,133,103,EPSG:4326
387,Lookalike,A:\SIH26143_DATA\OFFICIAL_DATASET\PART_III_TEST\Images\Lookalike\00087.tif,C:\SlickTrace\outputs\part_iii_predictions\prediction_0387.tif,44,2404,0.16867704841187903,418.6131447587354,1354.3839434276206,-3.524618884559848,45.41117326649029,394,1321,53,66,EPSG:4326
387,Lookalike,A:\SIH26143_DATA\OFFICIAL_DATASET\PART_III_TEST\Images\Lookalike\00087.tif,C:\SlickTrace\outputs\part_iii_predictions\prediction_0387.tif,45,503,0.035293076269207635,27.170974155069583,1370.9502982107356,-3.5597827330300675,45.409685085519904,17,1356,21,35,EPSG:4326
387,Lookalike,A:\SIH26143_DATA\OFFICIAL_DATASET\PART_III_TEST\Images\Lookalike\00087.tif,C:\SlickTrace\outputs\part_iii_predictions\prediction_0387.tif,46,1458,0.10230080556760385,50.33127572016461,1415.287379972565,-3.5577022077419933,45.40570221769991,28,1378,45,66,EPSG:4326
387,Lookalike,A:\SIH26143_DATA\OFFICIAL_DATASET\PART_III_TEST\Images\Lookalike\00087.tif,C:\SlickTrace\outputs\part_iii_predictions\prediction_0387.tif,47,1013,0.07107730866939828,174.29812438302073,1433.5320829220138,-3.5465660762541957,45.40406326814854,159,1404,33,56,EPSG:4326
389,Lookalike,A:\SIH26143_DATA\OFFICIAL_DATASET\PART_III_TEST\Images\Lookalike\00089.tif,C:\SlickTrace\outputs\part_iii_predictions\prediction_0389.tif,1,3839,0.19267586488728553,2015.3680646001562,251.8671529044022,22.523991196713272,59.94449495236874,1970,213,78,83,EPSG:4326
389,Lookalike,A:\SIH26143_DATA\OFFICIAL_DATASET\PART_III_TEST\Images\Lookalike\00089.tif,C:\SlickTrace\outputs\part_iii_predictions\prediction_0389.tif,2,1338,0.06715298442802502,1089.998505231689,257.609865470852,22.44086383484931,59.943979075721664,1057,240,62,36,EPSG:4326
389,Lookalike,A:\SIH26143_DATA\OFFICIAL_DATASET\PART_III_TEST\Images\Lookalike\00089.tif,C:\SlickTrace\outputs\part_iii_predictions\prediction_0389.tif,3,538,0.027001723185558636,1135.3382899628252,278.0724907063197,22.444936777009577,59.94214088682144,1124,265,28,28,EPSG:4326
389,Lookalike,A:\SIH26143_DATA\OFFICIAL_DATASET\PART_III_TEST\Images\Lookalike\00089.tif,C:\SlickTrace\outputs\part_iii_predictions\prediction_0389.tif,4,500,0.025094538276541484,979.134,316.234,22.430904706897714,59.93871278011508,968,303,23,32,EPSG:4326
389,Lookalike,A:\SIH26143_DATA\OFFICIAL_DATASET\PART_III_TEST\Images\Lookalike\00089.tif,C:\SlickTrace\outputs\part_iii_predictions\prediction_0389.tif,5,10005,0.502141710913595,1000.1486256871564,460.6758620689655,22.432792482842196,59.92573734687876,901,386,224,131,EPSG:4326
389,Lookalike,A:\SIH26143_DATA\OFFICIAL_DATASET\PART_III_TEST\Images\Lookalike\00089.tif,C:\SlickTrace\outputs\part_iii_predictions\prediction_0389.tif,6,795,0.03990031585970096,1959.132075471698,453.75094339622643,22.518939431858104,59.92635942290726,1945,433,27,42,EPSG:4326
389,Lookalike,A:\SIH26143_DATA\OFFICIAL_DATASET\PART_III_TEST\Images\Lookalike\00089.tif,C:\SlickTrace\outputs\part_iii_predictions\prediction_0389.tif,7,1046,0.052497774074524786,1878.4311663479923,468.49521988527727,22.51168994584729,59.92503492201492,1851,455,62,35,EPSG:4326
389,Lookalike,A:\SIH26143_DATA\OFFICIAL_DATASET\PART_III_TEST\Images\Lookalike\00089.tif,C:\SlickTrace\outputs\part_iii_predictions\prediction_0389.tif,8,1099,0.05515779513183818,800.565059144677,515.9818016378526,22.414863586013777,59.92076912979703,775,498,63,38,EPSG:4326
389,Lookalike,A:\SIH26143_DATA\OFFICIAL_DATASET\PART_III_TEST\Images\Lookalike\00089.tif,C:\SlickTrace\outputs\part_iii_predictions\prediction_0389.tif,9,500,0.025094538276541484,1607.58,522.778,22.487358971602088,59.92015861691077,1593,513,30,22,EPSG:4326
389,Lookalike,A:\SIH26143_DATA\OFFICIAL_DATASET\PART_III_TEST\Images\Lookalike\00089.tif,C:\SlickTrace\outputs\part_iii_predictions\prediction_0389.tif,10,1225,0.061481618777526635,1361.4448979591837,566.4244897959184,22.465248279189932,59.916237786022585,1341,541,41,51,EPSG:4326
389,Lookalike,A:\SIH26143_DATA\OFFICIAL_DATASET\PART_III_TEST\Images\Lookalike\00089.tif,C:\SlickTrace\outputs\part_iii_predictions\prediction_0389.tif,11,680,0.034128572056096415,1656.7823529411764,628.0955882352941,22.49177889416826,59.91069777699093,1611,614,79,29,EPSG:4326
389,Lookalike,A:\SIH26143_DATA\OFFICIAL_DATASET\PART_III_TEST\Images\Lookalike\00089.tif,C:\SlickTrace\outputs\part_iii_predictions\prediction_0389.tif,12,720,0.03613613511821974,1154.1527777777778,639.3402777777778,22.44662691120628,59.909687649342814,1134,622,53,37,EPSG:4326
389,Lookalike,A:\SIH26143_DATA\OFFICIAL_DATASET\PART_III_TEST\Images\Lookalike\00089.tif,C:\SlickTrace\outputs\part_iii_predictions\prediction_0389.tif,13,1733,0.08697766966649279,949.4408540103866,656.8782458165032,22.428237326210105,59.90811218686865,907,634,84,46,EPSG:4326
389,Lookalike,A:\SIH26143_DATA\OFFICIAL_DATASET\PART_III_TEST\Images\Lookalike\00089.tif,C:\SlickTrace\outputs\part_iii_predictions\prediction_0389.tif,14,1474,0.0739786988392443,1086.3724559023067,657.2340569877883,22.440538101295953,59.90808022380731,1037,636,88,41,EPSG:4326
389,Lookalike,A:\SIH26143_DATA\OFFICIAL_DATASET\PART_III_TEST\Images\Lookalike\00089.tif,C:\SlickTrace\outputs\part_iii_predictions\prediction_0389.tif,15,1399,0.07021451809776308,1281.21729807005,671.4474624731952,22.458041311271067,59.906803411868616,1255,649,53,46,EPSG:4326
389,Lookalike,A:\SIH26143_DATA\OFFICIAL_DATASET\PART_III_TEST\Images\Lookalike\00089.tif,C:\SlickTrace\outputs\part_iii_predictions\prediction_0389.tif,16,1058,0.05310004299316178,697.7155009451795,694.9054820415879,22.405624453004222,59.904696142117274,674,676,50,36,EPSG:4326
389,Lookalike,A:\SIH26143_DATA\OFFICIAL_DATASET\PART_III_TEST\Images\Lookalike\00089.tif,C:\SlickTrace\outputs\part_iii_predictions\prediction_0389.tif,17,1087,0.054555526213201186,974.5611775528979,699.0423183072677,22.430493923268134,59.90432452379274,934,680,66,35,EPSG:4326
389,Lookalike,A:\SIH26143_DATA\OFFICIAL_DATASET\PART_III_TEST\Images\Lookalike\00089.tif,C:\SlickTrace\outputs\part_iii_predictions\prediction_0389.tif,18,611,0.030665525773933694,826.4713584288053,715.4631751227496,22.417190788473967,59.902849413127164,808,706,37,22,EPSG:4326
389,Lookalike,A:\SIH26143_DATA\OFFICIAL_DATASET\PART_III_TEST\Images\Lookalike\00089.tif,C:\SlickTrace\outputs\part_iii_predictions\prediction_0389.tif,19,1288,0.06464353060037087,1265.6358695652175,732.5520186335403,22.456641607733637,59.9013142961958,1227,715,69,41,EPSG:4326
389,Lookalike,A:\SIH26143_DATA\OFFICIAL_DATASET\PART_III_TEST\Images\Lookalike\00089.tif,C:\SlickTrace\outputs\part_iii_predictions\prediction_0389.tif,20,1977,0.09922380434544503,734.9094587759231,779.219018715225,22.408965643083846,59.89712212825206,708,751,67,56,EPSG:4326
389,Lookalike,A:\SIH26143_DATA\OFFICIAL_DATASET\PART_III_TEST\Images\Lookalike\00089.tif,C:\SlickTrace\outputs\part_iii_predictions\prediction_0389.tif,21,515,0.025847374424837727,831.3242718446602,774.7844660194174,22.41762673310336,59.89752049089855,811,767,48,17,EPSG:4326
389,Lookalike,A:\SIH26143_DATA\OFFICIAL_DATASET\PART_III_TEST\Images\Lookalike\00089.tif,C:\SlickTrace\outputs\part_iii_predictions\prediction_0389.tif,22,827,0.04150636630939961,922.3180169286578,784.8307134220073,22.425800840300187,59.89661802113957,904,772,39,29,EPSG:4326
389,Lookalike,A:\SIH26143_DATA\OFFICIAL_DATASET\PART_III_TEST\Images\Lookalike\00089.tif,C:\SlickTrace\outputs\part_iii_predictions\prediction_0389.tif,23,1044,0.05239739592141862,550.9808429118774,822.2068965517242,22.392443054402083,59.893260461482825,525,806,59,34,EPSG:4326
389,Lookalike,A:\SIH26143_DATA\OFFICIAL_DATASET\PART_III_TEST\Images\Lookalike\00089.tif,C:\SlickTrace\outputs\part_iii_predictions\prediction_0389.tif,24,1406,0.07056584163363465,738.6059743954481,827.1486486486486,22.409297706731746,59.89281653633892,699,812,88,29,EPSG:4326
389,Lookalike,A:\SIH26143_DATA\OFFICIAL_DATASET\PART_III_TEST\Images\Lookalike\00089.tif,C:\SlickTrace\outputs\part_iii_predictions\prediction_0389.tif,25,544,0.027302857644877134,403.4007352941176,847.4540441176471,22.37918570777158,59.890992471628934,390,836,30,25,EPSG:4326
389,Lookalike,A:\SIH26143_DATA\OFFICIAL_DATASET\PART_III_TEST\Images\Lookalike\00089.tif,C:\SlickTrace\outputs\part_iii_predictions\prediction_0389.tif,26,827,0.04150636630939961,831.8101571946796,857.0532043530834,22.41767038092699,59.89013016439351,791,846,83,23,EPSG:4326
389,Lookalike,A:\SIH26143_DATA\OFFICIAL_DATASET\PART_III_TEST\Images\Lookalike\00089.tif,C:\SlickTrace\outputs\part_iii_predictions\prediction_0389.tif,27,6320,0.31719496381548434,520.3185126582279,913.034335443038,22.389688610410726,59.88510129382547,467,854,105,116,EPSG:4326
389,Lookalike,A:\SIH26143_DATA\OFFICIAL_DATASET\PART_III_TEST\Images\Lookalike\00089.tif,C:\SlickTrace\outputs\part_iii_predictions\prediction_0389.tif,28,1565,0.07854590480557484,775.3552715654952,893.7571884984026,22.412598952264595,59.88683298939893,747,877,64,37,EPSG:4326
389,Lookalike,A:\SIH26143_DATA\OFFICIAL_DATASET\PART_III_TEST\Images\Lookalike\00089.tif,C:\SlickTrace\outputs\part_iii_predictions\prediction_0389.tif,29,590,0.02961155516631895,1953.420338983051,1013.0101694915254,22.518426337839443,59.87612031184864,1924,1004,61,18,EPSG:4326
389,Lookalike,A:\SIH26143_DATA\OFFICIAL_DATASET\PART_III_TEST\Images\Lookalike\00089.tif,C:\SlickTrace\outputs\part_iii_predictions\prediction_0389.tif,30,1309,0.0656975012079856,837.4262796027502,1083.7181054239877,22.418174885786655,59.86976850989297,808,1066,59,39,EPSG:4326
389,Lookalike,A:\SIH26143_DATA\OFFICIAL_DATASET\PART_III_TEST\Images\Lookalike\00089.tif,C:\SlickTrace\outputs\part_iii_predictions\prediction_0389.tif,31,999,0.050138887476529885,876.4824824824825,1110.6816816816818,22.421683364185306,59.86734633062629,843,1096,61,31,EPSG:4326
389,Lookalike,A:\SIH26143_DATA\OFFICIAL_DATASET\PART_III_TEST\Images\Lookalike\00089.tif,C:\SlickTrace\outputs\part_iii_predictions\prediction_0389.tif,32,880,0.04416638736671301,250.0125,1639.9147727272727,22.365406608154696,59.81980451317148,207,1616,79,43,EPSG:4326
390,Lookalike,A:\SIH26143_DATA\OFFICIAL_DATASET\PART_III_TEST\Images\Lookalike\00090.tif,C:\SlickTrace\outputs\part_iii_predictions\prediction_0390.tif,1,1008,0.050856089361044694,917.0873015873016,1707.532738095238,22.425330957146386,59.63909779676153,901,1682,36,51,EPSG:4326
390,Lookalike,A:\SIH26143_DATA\OFFICIAL_DATASET\PART_III_TEST\Images\Lookalike\00090.tif,C:\SlickTrace\outputs\part_iii_predictions\prediction_0390.tif,2,102785,5.185757088268828,826.0181641290071,1929.830315707545,22.417150077337347,59.61912846560235,540,1702,533,346,EPSG:4326
390,Lookalike,A:\SIH26143_DATA\OFFICIAL_DATASET\PART_III_TEST\Images\Lookalike\00090.tif,C:\SlickTrace\outputs\part_iii_predictions\prediction_0390.tif,3,892,0.045003602886956214,948.5739910313902,1757.7813901345291,22.428159454583778,59.6345838835482,927,1737,42,44,EPSG:4326
390,Lookalike,A:\SIH26143_DATA\OFFICIAL_DATASET\PART_III_TEST\Images\Lookalike\00090.tif,C:\SlickTrace\outputs\part_iii_predictions\prediction_0390.tif,4,604,0.030473291640943447,811.4718543046357,1752.8344370860927,22.41584336009307,59.635028275901526,795,1742,32,24,EPSG:4326
390,Lookalike,A:\SIH26143_DATA\OFFICIAL_DATASET\PART_III_TEST\Images\Lookalike\00090.tif,C:\SlickTrace\outputs\part_iii_predictions\prediction_0390.tif,5,919,0.046365819566269915,1042.2633297062023,1848.701849836779,22.43657571107284,59.62641635968924,1022,1833,42,36,EPSG:4326
391,Lookalike,A:\SIH26143_DATA\OFFICIAL_DATASET\PART_III_TEST\Images\Lookalike\00091.tif,C:\SlickTrace\outputs\part_iii_predictions\prediction_0391.tif,1,538,0.027284881952632487,849.6561338289963,15.449814126394052,22.419273512284054,59.61646770078858,839,2,23,28,EPSG:4326
391,Lookalike,A:\SIH26143_DATA\OFFICIAL_DATASET\PART_III_TEST\Images\Lookalike\00091.tif,C:\SlickTrace\outputs\part_iii_predictions\prediction_0391.tif,2,876,0.044426685112464795,735.1438356164383,24.431506849315067,22.408986697513654,59.61566086160356,709,12,49,27,EPSG:4326
391,Lookalike,A:\SIH26143_DATA\OFFICIAL_DATASET\PART_III_TEST\Images\Lookalike\00091.tif,C:\SlickTrace\outputs\part_iii_predictions\prediction_0391.tif,3,292703,14.844547959444958,410.4854545392428,425.7247995408315,22.37982213892974,59.579612071779614,0,31,975,903,EPSG:4326
391,Lookalike,A:\SIH26143_DATA\OFFICIAL_DATASET\PART_III_TEST\Images\Lookalike\00091.tif,C:\SlickTrace\outputs\part_iii_predictions\prediction_0391.tif,4,730,0.03702223759372066,523.3123287671233,172.06027397260274,22.389957549487573,59.602399143815305,507,150,34,44,EPSG:4326
391,Lookalike,A:\SIH26143_DATA\OFFICIAL_DATASET\PART_III_TEST\Images\Lookalike\00091.tif,C:\SlickTrace\outputs\part_iii_predictions\prediction_0391.tif,5,731,0.03707295298768466,335.54172366621066,259.3255813953488,22.37308982904052,59.59455996787218,320,243,32,34,EPSG:4326
391,Lookalike,A:\SIH26143_DATA\OFFICIAL_DATASET\PART_III_TEST\Images\Lookalike\00091.tif,C:\SlickTrace\outputs\part_iii_predictions\prediction_0391.tif,6,963,0.04883892438733287,65.60332294911734,456.8110072689512,22.348840849927026,59.576819550226865,46,436,37,45,EPSG:4326
391,Lookalike,A:\SIH26143_DATA\OFFICIAL_DATASET\PART_III_TEST\Images\Lookalike\00091.tif,C:\SlickTrace\outputs\part_iii_predictions\prediction_0391.tif,7,292877,14.853372437994693,1842.1004414822605,1614.5677195546252,22.508426301304286,59.47281649523305,1537,1068,511,980,EPSG:4326
391,Lookalike,A:\SIH26143_DATA\OFFICIAL_DATASET\PART_III_TEST\Images\Lookalike\00091.tif,C:\SlickTrace\outputs\part_iii_predictions\prediction_0391.tif,8,598,0.030327805590472542,1856.3478260869565,1125.6254180602007,22.509706165639198,59.51673892948155,1844,1103,23,40,EPSG:4326
391,Lookalike,A:\SIH26143_DATA\OFFICIAL_DATASET\PART_III_TEST\Images\Lookalike\00091.tif,C:\SlickTrace\outputs\part_iii_predictions\prediction_0391.tif,9,560,0.028400620619840507,1723.6160714285713,1287.0410714285715,22.497782669249435,59.502238714629854,1712,1272,24,32,EPSG:4326
391,Lookalike,A:\SIH26143_DATA\OFFICIAL_DATASET\PART_III_TEST\Images\Lookalike\00091.tif,C:\SlickTrace\outputs\part_iii_predictions\prediction_0391.tif,10,231959,11.763892068495686,717.6268694036446,1753.9304877155014,22.407413121665616,59.460297324765435,217,1329,837,719,EPSG:4326
391,Lookalike,A:\SIH26143_DATA\OFFICIAL_DATASET\PART_III_TEST\Images\Lookalike\00091.tif,C:\SlickTrace\outputs\part_iii_predictions\prediction_0391.tif,11,1091,0.05533049481472499,1722.6938588450962,1426.3428047662694,22.497699825483544,59.4897250270137,1695,1404,56,40,EPSG:4326
391,Lookalike,A:\SIH26143_DATA\OFFICIAL_DATASET\PART_III_TEST\Images\Lookalike\00091.tif,C:\SlickTrace\outputs\part_iii_predictions\prediction_0391.tif,12,2682,0.13601868661145042,1561.3504847129009,1717.5533184190901,22.483206103586106,59.46356514148263,1533,1671,68,89,EPSG:4326
391,Lookalike,A:\SIH26143_DATA\OFFICIAL_DATASET\PART_III_TEST\Images\Lookalike\00091.tif,C:\SlickTrace\outputs\part_iii_predictions\prediction_0391.tif,13,683,0.034638614077412616,1579.2884333821376,1769.6354319180089,22.484817496931637,59.4588865256241,1560,1749,42,41,EPSG:4326
391,Lookalike,A:\SIH26143_DATA\OFFICIAL_DATASET\PART_III_TEST\Images\Lookalike\00091.tif,C:\SlickTrace\outputs\part_iii_predictions\prediction_0391.tif,14,503,0.025509843163892456,440.6640159045726,1764.2823061630218,22.382533125222462,59.45936740509245,426,1753,34,24,EPSG:4326
391,Lookalike,A:\SIH26143_DATA\OFFICIAL_DATASET\PART_III_TEST\Images\Lookalike\00091.tif,C:\SlickTrace\outputs\part_iii_predictions\prediction_0391.tif,15,528,0.02677772801299248,1967.2632575757575,1800.808712121212,22.519669868374308,59.45608618221783,1951,1779,31,45,EPSG:4326
391,Lookalike,A:\SIH26143_DATA\OFFICIAL_DATASET\PART_III_TEST\Images\Lookalike\00091.tif,C:\SlickTrace\outputs\part_iii_predictions\prediction_0391.tif,16,1019,0.05167898644931692,1965.1540726202159,1851.2767419038273,22.51948039706605,59.45155256196652,1944,1830,42,44,EPSG:4326
391,Lookalike,A:\SIH26143_DATA\OFFICIAL_DATASET\PART_III_TEST\Images\Lookalike\00091.tif,C:\SlickTrace\outputs\part_iii_predictions\prediction_0391.tif,17,818,0.04148519226255274,484.5867970660147,1863.8141809290953,22.386478775786298,59.45042630465651,474,1841,26,51,EPSG:4326
391,Lookalike,A:\SIH26143_DATA\OFFICIAL_DATASET\PART_III_TEST\Images\Lookalike\00091.tif,C:\SlickTrace\outputs\part_iii_predictions\prediction_0391.tif,18,4118,0.20884599234375573,205.79456046624574,2025.84871296746,22.361434443063153,59.43587049498799,130,1987,142,61,EPSG:4326
393,Lookalike,A:\SIH26143_DATA\OFFICIAL_DATASET\PART_III_TEST\Images\Lookalike\00093.tif,C:\SlickTrace\outputs\part_iii_predictions\prediction_0393.tif,1,9082,0.4558171932550995,71.49229244659766,259.66648315349045,22.531727867734016,59.94379432661188,0,215,169,84,EPSG:4326
393,Lookalike,A:\SIH26143_DATA\OFFICIAL_DATASET\PART_III_TEST\Images\Lookalike\00093.tif,C:\SlickTrace\outputs\part_iii_predictions\prediction_0393.tif,2,1944,0.09756756481919329,986.7371399176955,444.4681069958848,22.613945711253507,59.927193314289106,951,417,65,56,EPSG:4326
393,Lookalike,A:\SIH26143_DATA\OFFICIAL_DATASET\PART_III_TEST\Images\Lookalike\00093.tif,C:\SlickTrace\outputs\part_iii_predictions\prediction_0393.tif,3,1756,0.08813201842721369,927.6150341685649,457.45671981776763,22.608634682131132,59.92602652734736,895,422,74,68,EPSG:4326
393,Lookalike,A:\SIH26143_DATA\OFFICIAL_DATASET\PART_III_TEST\Images\Lookalike\00093.tif,C:\SlickTrace\outputs\part_iii_predictions\prediction_0393.tif,4,4018,0.20165970959028737,1180.012444001991,502.04753608760575,22.631307927223684,59.92202086616871,1124,433,103,143,EPSG:4326
393,Lookalike,A:\SIH26143_DATA\OFFICIAL_DATASET\PART_III_TEST\Images\Lookalike\00093.tif,C:\SlickTrace\outputs\part_iii_predictions\prediction_0393.tif,5,728,0.0365376477306444,1124.1634615384614,474.0728021978022,22.626290927768736,59.924533879270946,1107,454,39,38,EPSG:4326
393,Lookalike,A:\SIH26143_DATA\OFFICIAL_DATASET\PART_III_TEST\Images\Lookalike\00093.tif,C:\SlickTrace\outputs\part_iii_predictions\prediction_0393.tif,6,4627,0.23222485721111488,977.2597795547871,544.4514804408905,22.613094345486797,59.91821165503676,940,490,84,125,EPSG:4326
393,Lookalike,A:\SIH26143_DATA\OFFICIAL_DATASET\PART_III_TEST\Images\Lookalike\00093.tif,C:\SlickTrace\outputs\part_iii_predictions\prediction_0393.tif,7,952,0.047780000878534984,1132.0892857142858,512.5189075630252,22.627002916668374,59.9210802068645,1112,494,42,35,EPSG:4326
393,Lookalike,A:\SIH26143_DATA\OFFICIAL_DATASET\PART_III_TEST\Images\Lookalike\00093.tif,C:\SlickTrace\outputs\part_iii_predictions\prediction_0393.tif,8,706,0.03543348804647658,851.9348441926346,523.3866855524079,22.601836214995085,59.920103937757276,837,501,30,40,EPSG:4326
393,Lookalike,A:\SIH26143_DATA\OFFICIAL_DATASET\PART_III_TEST\Images\Lookalike\00093.tif,C:\SlickTrace\outputs\part_iii_predictions\prediction_0393.tif,9,997,0.05003850932342372,491.68605817452357,730.8856569709127,22.56947451593853,59.90146398801084,469,717,45,30,EPSG:4326
393,Lookalike,A:\SIH26143_DATA\OFFICIAL_DATASET\PART_III_TEST\Images\Lookalike\00093.tif,C:\SlickTrace\outputs\part_iii_predictions\prediction_0393.tif,10,591,0.029661744242872035,1307.1421319796955,742.8155668358714,22.642728181401257,59.90039230597385,1291,726,37,34,EPSG:4326
393,Lookalike,A:\SIH26143_DATA\OFFICIAL_DATASET\PART_III_TEST\Images\Lookalike\00093.tif,C:\SlickTrace\outputs\part_iii_predictions\prediction_0393.tif,11,820,0.041155042773528036,822.9378048780488,782.1085365853659,22.599231366634037,59.89686255844541,808,766,34,32,EPSG:4326
393,Lookalike,A:\SIH26143_DATA\OFFICIAL_DATASET\PART_III_TEST\Images\Lookalike\00093.tif,C:\SlickTrace\outputs\part_iii_predictions\prediction_0393.tif,12,610,0.03061533669738061,736.7491803278689,800.8163934426229,22.59148891075897,59.895182003070616,722,785,41,33,EPSG:4326
393,Lookalike,A:\SIH26143_DATA\OFFICIAL_DATASET\PART_III_TEST\Images\Lookalike\00093.tif,C:\SlickTrace\outputs\part_iii_predictions\prediction_0393.tif,13,1673,0.0839663250733078,971.3060370591751,871.2044231918709,22.612559511698645,59.88885893877633,941,851,56,50,EPSG:4326
393,Lookalike,A:\SIH26143_DATA\OFFICIAL_DATASET\PART_III_TEST\Images\Lookalike\00093.tif,C:\SlickTrace\outputs\part_iii_predictions\prediction_0393.tif,14,2123,0.10655140952219515,561.8455016486105,1674.394724446538,22.575777045978338,59.81670712640897,535,1624,50,84,EPSG:4326
393,Lookalike,A:\SIH26143_DATA\OFFICIAL_DATASET\PART_III_TEST\Images\Lookalike\00093.tif,C:\SlickTrace\outputs\part_iii_predictions\prediction_0393.tif,15,669,0.03357649221401251,387.9013452914798,1737.2481315396114,22.56015137655445,59.8110609087839,373,1723,32,28,EPSG:4326
393,Lookalike,A:\SIH26143_DATA\OFFICIAL_DATASET\PART_III_TEST\Images\Lookalike\00093.tif,C:\SlickTrace\outputs\part_iii_predictions\prediction_0393.tif,16,1146,0.05751668172983308,474.2696335078534,1778.9947643979058,22.56790997189125,59.80731074494819,462,1740,26,85,EPSG:4326
393,Lookalike,A:\SIH26143_DATA\OFFICIAL_DATASET\PART_III_TEST\Images\Lookalike\00093.tif,C:\SlickTrace\outputs\part_iii_predictions\prediction_0393.tif,17,8217,0.4124036420366827,385.82998661311916,1870.8762322015334,22.559965303238485,59.799056892262655,352,1768,71,218,EPSG:4326
393,Lookalike,A:\SIH26143_DATA\OFFICIAL_DATASET\PART_III_TEST\Images\Lookalike\00093.tif,C:\SlickTrace\outputs\part_iii_predictions\prediction_0393.tif,18,1199,0.06017670278714648,483.86155129274397,1845.745621351126,22.56877162852627,59.80131441344527,461,1829,44,41,EPSG:4326
394,Lookalike,A:\SIH26143_DATA\OFFICIAL_DATASET\PART_III_TEST\Images\Lookalike\00094.tif,C:\SlickTrace\outputs\part_iii_predictions\prediction_0394.tif,1,614,0.030977816336985556,626.342019543974,1197.57328990228,22.581570866758128,59.68490823342083,608,1188,38,22,EPSG:4326
394,Lookalike,A:\SIH26143_DATA\OFFICIAL_DATASET\PART_III_TEST\Images\Lookalike\00094.tif,C:\SlickTrace\outputs\part_iii_predictions\prediction_0394.tif,2,334829,16.892949945108366,1677.9490336858516,1650.2073237383859,22.67603833212722,59.64424742635006,1180,1204,868,826,EPSG:4326
394,Lookalike,A:\SIH26143_DATA\OFFICIAL_DATASET\PART_III_TEST\Images\Lookalike\00094.tif,C:\SlickTrace\outputs\part_iii_predictions\prediction_0394.tif,3,719,0.03627532564542771,634.8400556328234,1271.383866481224,22.58233425832849,59.67827771651377,617,1257,34,36,EPSG:4326
394,Lookalike,A:\SIH26143_DATA\OFFICIAL_DATASET\PART_III_TEST\Images\Lookalike\00094.tif,C:\SlickTrace\outputs\part_iii_predictions\prediction_0394.tif,4,329959,16.647246418135857,515.8809397531209,1699.2938243842416,22.571647979130482,59.63983791097265,91,1287,746,761,EPSG:4326
394,Lookalike,A:\SIH26143_DATA\OFFICIAL_DATASET\PART_III_TEST\Images\Lookalike\00094.tif,C:\SlickTrace\outputs\part_iii_predictions\prediction_0394.tif,5,689,0.03476175155730138,1677.1523947750363,1360.9187227866473,22.675966768836272,59.67023466352571,1659,1345,36,34,EPSG:4326
394,Lookalike,A:\SIH26143_DATA\OFFICIAL_DATASET\PART_III_TEST\Images\Lookalike\00094.tif,C:\SlickTrace\outputs\part_iii_predictions\prediction_0394.tif,6,736,0.0371330176286993,1612.0067934782608,1393.2826086956522,22.670114639902465,59.667327366189156,1599,1373,27,46,EPSG:4326
394,Lookalike,A:\SIH26143_DATA\OFFICIAL_DATASET\PART_III_TEST\Images\Lookalike\00094.tif,C:\SlickTrace\outputs\part_iii_predictions\prediction_0394.tif,7,656,0.033096820060362415,1719.1371951219512,1422.9527439024391,22.679738327621504,59.66466205259534,1695,1412,40,25,EPSG:4326
394,Lookalike,A:\SIH26143_DATA\OFFICIAL_DATASET\PART_III_TEST\Images\Lookalike\00094.tif,C:\SlickTrace\outputs\part_iii_predictions\prediction_0394.tif,8,2641,0.13324497222472126,1461.863309352518,1461.9526694433926,22.656627021242354,59.661158629676045,1427,1418,71,97,EPSG:4326
394,Lookalike,A:\SIH26143_DATA\OFFICIAL_DATASET\PART_III_TEST\Images\Lookalike\00094.tif,C:\SlickTrace\outputs\part_iii_predictions\prediction_0394.tif,9,1077,0.05433730976373525,1408.6248839368616,1453.0817084493965,22.65184453211702,59.661955521660616,1395,1429,30,50,EPSG:4326
394,Lookalike,A:\SIH26143_DATA\OFFICIAL_DATASET\PART_III_TEST\Images\Lookalike\00094.tif,C:\SlickTrace\outputs\part_iii_predictions\prediction_0394.tif,10,666,0.03360134475640453,1503.8873873873874,1467.5795795795796,22.66040210840233,59.660653155738274,1491,1452,27,40,EPSG:4326
394,Lookalike,A:\SIH26143_DATA\OFFICIAL_DATASET\PART_III_TEST\Images\Lookalike\00094.tif,C:\SlickTrace\outputs\part_iii_predictions\prediction_0394.tif,11,524,0.026437094072606564,1533.3587786259543,1470.276717557252,22.663049568521718,59.6604108677114,1520,1454,25,31,EPSG:4326
394,Lookalike,A:\SIH26143_DATA\OFFICIAL_DATASET\PART_III_TEST\Images\Lookalike\00094.tif,C:\SlickTrace\outputs\part_iii_predictions\prediction_0394.tif,12,516,0.026033474315772877,1301.2906976744187,1533.9302325581396,22.642202538114212,59.654692775170076,1288,1523,28,23,EPSG:4326
394,Lookalike,A:\SIH26143_DATA\OFFICIAL_DATASET\PART_III_TEST\Images\Lookalike\00094.tif,C:\SlickTrace\outputs\part_iii_predictions\prediction_0394.tif,13,2093,0.10559701888161363,820.5556617295748,1562.958910654563,22.599017375074112,59.652085084648895,775,1528,89,62,EPSG:4326
394,Lookalike,A:\SIH26143_DATA\OFFICIAL_DATASET\PART_III_TEST\Images\Lookalike\00094.tif,C:\SlickTrace\outputs\part_iii_predictions\prediction_0394.tif,14,1069,0.05393369000690156,1286.9204864359215,1598.0739008419084,22.640911640075057,59.6489306514102,1269,1575,33,50,EPSG:4326
394,Lookalike,A:\SIH26143_DATA\OFFICIAL_DATASET\PART_III_TEST\Images\Lookalike\00094.tif,C:\SlickTrace\outputs\part_iii_predictions\prediction_0394.tif,15,813,0.04101785778822355,856.7761377613776,1613.0036900369005,22.60227111579586,59.64758948562794,836,1597,38,35,EPSG:4326
394,Lookalike,A:\SIH26143_DATA\OFFICIAL_DATASET\PART_III_TEST\Images\Lookalike\00094.tif,C:\SlickTrace\outputs\part_iii_predictions\prediction_0394.tif,16,705,0.03556899107096876,766.2326241134751,1620.490780141844,22.59413745357708,59.646916908880456,742,1612,53,21,EPSG:4326
394,Lookalike,A:\SIH26143_DATA\OFFICIAL_DATASET\PART_III_TEST\Images\Lookalike\00094.tif,C:\SlickTrace\outputs\part_iii_predictions\prediction_0394.tif,17,6013,0.30337069973012076,831.825378346915,1665.0023282887078,22.600029750942618,59.64291836847844,766,1620,125,92,EPSG:4326
394,Lookalike,A:\SIH26143_DATA\OFFICIAL_DATASET\PART_III_TEST\Images\Lookalike\00094.tif,C:\SlickTrace\outputs\part_iii_predictions\prediction_0394.tif,18,1358,0.06851445372251855,1087.682621502209,1839.5876288659795,22.623013798150527,59.62723510408933,1069,1806,36,67,EPSG:4326
394,Lookalike,A:\SIH26143_DATA\OFFICIAL_DATASET\PART_III_TEST\Images\Lookalike\00094.tif,C:\SlickTrace\outputs\part_iii_predictions\prediction_0394.tif,19,611,0.030826458928172925,1124.1162029459902,1833.2389525368249,22.626286682457142,59.627805415387364,1110,1821,30,26,EPSG:4326
394,Lookalike,A:\SIH26143_DATA\OFFICIAL_DATASET\PART_III_TEST\Images\Lookalike\00094.tif,C:\SlickTrace\outputs\part_iii_predictions\prediction_0394.tif,20,2347,0.11841194616108322,1272.6604175543246,2022.4256497656584,22.63963063629216,59.61081048522009,1244,1991,64,57,EPSG:4326
395,Lookalike,A:\SIH26143_DATA\OFFICIAL_DATASET\PART_III_TEST\Images\Lookalike\00095.tif,C:\SlickTrace\outputs\part_iii_predictions\prediction_0395.tif,1,816,0.04138376147462474,1104.501225490196,456.42401960784315,22.624524639052524,59.576854313919945,1089,433,30,47,EPSG:4326
395,Lookalike,A:\SIH26143_DATA\OFFICIAL_DATASET\PART_III_TEST\Images\Lookalike\00095.tif,C:\SlickTrace\outputs\part_iii_predictions\prediction_0395.tif,2,2352,0.11928260660333014,1020.0263605442177,554.5412414965987,22.616936132822033,59.56804029391414,984,522,69,68,EPSG:4326
395,Lookalike,A:\SIH26143_DATA\OFFICIAL_DATASET\PART_III_TEST\Images\Lookalike\00095.tif,C:\SlickTrace\outputs\part_iii_predictions\prediction_0395.tif,3,1342,0.06806005869968922,36.614754098360656,1031.7011922503725,22.52859476515695,59.525176286240956,9,1015,62,49,EPSG:4326
395,Lookalike,A:\SIH26143_DATA\OFFICIAL_DATASET\PART_III_TEST\Images\Lookalike\00095.tif,C:\SlickTrace\outputs\part_iii_predictions\prediction_0395.tif,4,71790,3.640858132675625,128.62363838974787,1286.7070901239726,22.53686006386032,59.50226871668091,0,1056,289,483,EPSG:4326
395,Lookalike,A:\SIH26143_DATA\OFFICIAL_DATASET\PART_III_TEST\Images\Lookalike\00095.tif,C:\SlickTrace\outputs\part_iii_predictions\prediction_0395.tif,5,1726,0.08753476998186556,200.18482039397452,1117.3864426419466,22.543288514214726,59.517479049235924,167,1089,72,59,EPSG:4326
395,Lookalike,A:\SIH26143_DATA\OFFICIAL_DATASET\PART_III_TEST\Images\Lookalike\00095.tif,C:\SlickTrace\outputs\part_iii_predictions\prediction_0395.tif,6,3000,0.1521461818920027,526.8273333333333,1221.4973333333332,22.57263131039639,59.50812660880079,494,1178,72,77,EPSG:4326
395,Lookalike,A:\SIH26143_DATA\OFFICIAL_DATASET\PART_III_TEST\Images\Lookalike\00095.tif,C:\SlickTrace\outputs\part_iii_predictions\prediction_0395.tif,7,12921,0.6552936054088557,637.4814642829502,1310.7241699558858,22.58257154010469,59.50011122569162,571,1181,117,285,EPSG:4326
395,Lookalike,A:\SIH26143_DATA\OFFICIAL_DATASET\PART_III_TEST\Images\Lookalike\00095.tif,C:\SlickTrace\outputs\part_iii_predictions\prediction_0395.tif,8,914,0.046353870083096826,779.582056892779,1205.0448577680525,22.595336653527077,59.509604559826975,758,1192,43,30,EPSG:4326
395,Lookalike,A:\SIH26143_DATA\OFFICIAL_DATASET\PART_III_TEST\Images\Lookalike\00095.tif,C:\SlickTrace\outputs\part_iii_predictions\prediction_0395.tif,9,9820,0.4980251687264889,807.7372708757638,1287.3117107942974,22.597865879431932,59.502214402681986,749,1210,110,168,EPSG:4326
395,Lookalike,A:\SIH26143_DATA\OFFICIAL_DATASET\PART_III_TEST\Images\Lookalike\00095.tif,C:\SlickTrace\outputs\part_iii_predictions\prediction_0395.tif,10,1434,0.0727258749443773,778.5571827057182,1378.278940027894,22.595244587512422,59.49404267744453,761,1345,38,64,EPSG:4326
395,Lookalike,A:\SIH26143_DATA\OFFICIAL_DATASET\PART_III_TEST\Images\Lookalike\00095.tif,C:\SlickTrace\outputs\part_iii_predictions\prediction_0395.tif,11,743,0.03768153771525267,655.3149394347241,1496.6594885598922,22.58417354843447,59.48340837183566,639,1478,35,39,EPSG:4326
395,Lookalike,A:\SIH26143_DATA\OFFICIAL_DATASET\PART_III_TEST\Images\Lookalike\00095.tif,C:\SlickTrace\outputs\part_iii_predictions\prediction_0395.tif,12,809,0.04102875371687673,1068.68108776267,1723.9221260815823,22.62130686133253,59.46299302175615,1053,1701,34,40,EPSG:4326
397,Lookalike,A:\SIH26143_DATA\OFFICIAL_DATASET\PART_III_TEST\Images\Lookalike\00097.tif,C:\SlickTrace\outputs\part_iii_predictions\prediction_0397.tif,1,544,0.027302857644877134,48.47242647058823,102.35845588235294,22.71201796066582,59.95792554713311,34,88,27,30,EPSG:4326
397,Lookalike,A:\SIH26143_DATA\OFFICIAL_DATASET\PART_III_TEST\Images\Lookalike\00097.tif,C:\SlickTrace\outputs\part_iii_predictions\prediction_0397.tif,2,5688,0.2854754674339359,39.80661040787623,185.52689873417722,22.711239497163966,59.95045439879609,0,126,113,108,EPSG:4326
397,Lookalike,A:\SIH26143_DATA\OFFICIAL_DATASET\PART_III_TEST\Images\Lookalike\00097.tif,C:\SlickTrace\outputs\part_iii_predictions\prediction_0397.tif,3,1877,0.09420489669013674,126.39637719765584,287.7011188066063,22.719017988259527,59.941275932442686,72,267,102,43,EPSG:4326
397,Lookalike,A:\SIH26143_DATA\OFFICIAL_DATASET\PART_III_TEST\Images\Lookalike\00097.tif,C:\SlickTrace\outputs\part_iii_predictions\prediction_0397.tif,4,1979,0.0993241824985512,859.2723597776655,293.9055078322385,22.7848533579111,59.94071858269365,820,277,83,37,EPSG:4326
397,Lookalike,A:\SIH26143_DATA\OFFICIAL_DATASET\PART_III_TEST\Images\Lookalike\00097.tif,C:\SlickTrace\outputs\part_iii_predictions\prediction_0397.tif,5,1326,0.06655071550938801,293.17043740573155,842.7805429864253,22.733999556987484,59.89141229937859,259,826,69,40,EPSG:4326
397,Lookalike,A:\SIH26143_DATA\OFFICIAL_DATASET\PART_III_TEST\Images\Lookalike\00097.tif,C:\SlickTrace\outputs\part_iii_predictions\prediction_0397.tif,6,2229,0.11187145163682194,522.4006280843428,897.5966801256169,22.75459165537431,59.88648808199773,490,858,82,84,EPSG:4326
397,Lookalike,A:\SIH26143_DATA\OFFICIAL_DATASET\PART_III_TEST\Images\Lookalike\00097.tif,C:\SlickTrace\outputs\part_iii_predictions\prediction_0397.tif,7,3485,0.17490893178749414,285.8995695839311,899.7319942611191,22.73334640381817,59.8862962634653,223,870,124,68,EPSG:4326
397,Lookalike,A:\SIH26143_DATA\OFFICIAL_DATASET\PART_III_TEST\Images\Lookalike\00097.tif,C:\SlickTrace\outputs\part_iii_predictions\prediction_0397.tif,8,1073,0.053852879141458025,388.3280521901211,931.0521901211556,22.742547710963603,59.883482722401034,354,916,64,30,EPSG:4326
397,Lookalike,A:\SIH26143_DATA\OFFICIAL_DATASET\PART_III_TEST\Images\Lookalike\00097.tif,C:\SlickTrace\outputs\part_iii_predictions\prediction_0397.tif,9,9067,0.45506435710680326,1660.6716664828498,1019.2590713576707,22.856844282500706,59.875558963443105,1564,957,215,119,EPSG:4326
397,Lookalike,A:\SIH26143_DATA\OFFICIAL_DATASET\PART_III_TEST\Images\Lookalike\00097.tif,C:\SlickTrace\outputs\part_iii_predictions\prediction_0397.tif,10,760,0.03814369818034306,1412.717105263158,1025.4657894736843,22.834570145289625,59.87500140446832,1396,1010,35,33,EPSG:4326
397,Lookalike,A:\SIH26143_DATA\OFFICIAL_DATASET\PART_III_TEST\Images\Lookalike\00097.tif,C:\SlickTrace\outputs\part_iii_predictions\prediction_0397.tif,11,927,0.04652527396470791,1817.1370010787487,1100.0722761596548,22.870899802650943,59.868299389739875,1793,1082,44,37,EPSG:4326
397,Lookalike,A:\SIH26143_DATA\OFFICIAL_DATASET\PART_III_TEST\Images\Lookalike\00097.tif,C:\SlickTrace\outputs\part_iii_predictions\prediction_0397.tif,12,1110,0.055709874973922095,1639.518018018018,1184.2900900900902,22.85494401792762,59.86073397479499,1624,1157,32,58,EPSG:4326
397,Lookalike,A:\SIH26143_DATA\OFFICIAL_DATASET\PART_III_TEST\Images\Lookalike\00097.tif,C:\SlickTrace\outputs\part_iii_predictions\prediction_0397.tif,13,517,0.025947752577943895,1594.129593810445,1217.980657640232,22.850866706408844,59.8577074996189,1574,1206,37,25,EPSG:4326
398,Lookalike,A:\SIH26143_DATA\OFFICIAL_DATASET\PART_III_TEST\Images\Lookalike\00098.tif,C:\SlickTrace\outputs\part_iii_predictions\prediction_0398.tif,1,961662,48.51822282452476,950.5675757178718,1697.0393256674383,22.793054546695707,59.640040436038184,0,1195,1868,853,EPSG:4326
398,Lookalike,A:\SIH26143_DATA\OFFICIAL_DATASET\PART_III_TEST\Images\Lookalike\00098.tif,C:\SlickTrace\outputs\part_iii_predictions\prediction_0398.tif,2,760,0.038343876899200366,1102.2907894736843,1398.5026315789473,22.806684074882966,59.6668584435552,1090,1378,28,38,EPSG:4326
398,Lookalike,A:\SIH26143_DATA\OFFICIAL_DATASET\PART_III_TEST\Images\Lookalike\00098.tif,C:\SlickTrace\outputs\part_iii_predictions\prediction_0398.tif,3,2434,0.12280131101664958,1007.5271158586688,1435.4642563681184,22.798171309244196,59.6635381243078,984,1389,46,88,EPSG:4326
398,Lookalike,A:\SIH26143_DATA\OFFICIAL_DATASET\PART_III_TEST\Images\Lookalike\00098.tif,C:\SlickTrace\outputs\part_iii_predictions\prediction_0398.tif,4,1024,0.05166332887471207,922.7841796875,1564.345703125,22.790558721765827,59.651960506961686,904,1532,37,70,EPSG:4326
398,Lookalike,A:\SIH26143_DATA\OFFICIAL_DATASET\PART_III_TEST\Images\Lookalike\00098.tif,C:\SlickTrace\outputs\part_iii_predictions\prediction_0398.tif,5,540,0.02724433358627394,1145.1444444444444,1826.2444444444445,22.810533684207027,59.628433742739794,1133,1809,25,31,EPSG:4326
398,Lookalike,A:\SIH26143_DATA\OFFICIAL_DATASET\PART_III_TEST\Images\Lookalike\00098.tif,C:\SlickTrace\outputs\part_iii_predictions\prediction_0398.tif,6,1880,0.09485064285591668,834.5739361702127,2032.8382978723405,22.782634660769077,59.60987510112585,791,2007,86,41,EPSG:4326
398,Lookalike,A:\SIH26143_DATA\OFFICIAL_DATASET\PART_III_TEST\Images\Lookalike\00098.tif,C:\SlickTrace\outputs\part_iii_predictions\prediction_0398.tif,7,660,0.033298629938779266,284.1227272727273,2033.112121212121,22.73318678735761,59.60985050315673,270,2017,30,29,EPSG:4326
398,Lookalike,A:\SIH26143_DATA\OFFICIAL_DATASET\PART_III_TEST\Images\Lookalike\00098.tif,C:\SlickTrace\outputs\part_iii_predictions\prediction_0398.tif,8,732,0.036931207750282455,978.6898907103825,2034.0887978142077,22.79558081723397,59.6097627668048,961,2021,36,27,EPSG:4326
399,Lookalike,A:\SIH26143_DATA\OFFICIAL_DATASET\PART_III_TEST\Images\Lookalike\00099.tif,C:\SlickTrace\outputs\part_iii_predictions\prediction_0399.tif,1,3463,0.17380477210332632,901.7588795841756,219.54114929252094,22.971027989598486,59.94739884668065,861,181,75,82,EPSG:4326
399,Lookalike,A:\SIH26143_DATA\OFFICIAL_DATASET\PART_III_TEST\Images\Lookalike\00099.tif,C:\SlickTrace\outputs\part_iii_predictions\prediction_0399.tif,2,896,0.04496941259156234,1995.6495535714287,613.921875,23.069293860758343,59.91197102331413,1974,600,44,30,EPSG:4326
399,Lookalike,A:\SIH26143_DATA\OFFICIAL_DATASET\PART_III_TEST\Images\Lookalike\00099.tif,C:\SlickTrace\outputs\part_iii_predictions\prediction_0399.tif,3,956,0.04798075718474732,1664.4351464435147,659.11820083682,23.039540364333984,59.907910968285606,1637,640,64,43,EPSG:4326
399,Lookalike,A:\SIH26143_DATA\OFFICIAL_DATASET\PART_III_TEST\Images\Lookalike\00099.tif,C:\SlickTrace\outputs\part_iii_predictions\prediction_0399.tif,4,2864,0.1437415152480296,1198.229748603352,680.2608240223464,22.9976604208921,59.90601169413021,1144,642,109,80,EPSG:4326
399,Lookalike,A:\SIH26143_DATA\OFFICIAL_DATASET\PART_III_TEST\Images\Lookalike\00099.tif,C:\SlickTrace\outputs\part_iii_predictions\prediction_0399.tif,5,10295,0.5166965431139892,974.5208353569694,736.4850898494415,22.9775643072958,59.90096098239712,840,650,259,190,EPSG:4326
399,Lookalike,A:\SIH26143_DATA\OFFICIAL_DATASET\PART_III_TEST\Images\Lookalike\00099.tif,C:\SlickTrace\outputs\part_iii_predictions\prediction_0399.tif,6,3236,0.1624118517257765,766.0967243510506,704.3581582200247,22.958841250846234,59.90384699376858,716,672,100,74,EPSG:4326
399,Lookalike,A:\SIH26143_DATA\OFFICIAL_DATASET\PART_III_TEST\Images\Lookalike\00099.tif,C:\SlickTrace\outputs\part_iii_predictions\prediction_0399.tif,7,2115,0.10614989690977047,1330.6397163120566,725.8586288416076,23.00955501066835,59.901915573631065,1297,690,76,87,EPSG:4326
399,Lookalike,A:\SIH26143_DATA\OFFICIAL_DATASET\PART_III_TEST\Images\Lookalike\00099.tif,C:\SlickTrace\outputs\part_iii_predictions\prediction_0399.tif,8,1649,0.08276178723603382,758.7956337174045,743.3232261976956,22.95818538271554,59.90034670215747,708,711,116,64,EPSG:4326
399,Lookalike,A:\SIH26143_DATA\OFFICIAL_DATASET\PART_III_TEST\Images\Lookalike\00099.tif,C:\SlickTrace\outputs\part_iii_predictions\prediction_0399.tif,9,588,0.029511177013212785,1123.938775510204,746.7755102040817,22.99098674923193,59.90003657820866,1109,731,35,29,EPSG:4326
399,Lookalike,A:\SIH26143_DATA\OFFICIAL_DATASET\PART_III_TEST\Images\Lookalike\00099.tif,C:\SlickTrace\outputs\part_iii_predictions\prediction_0399.tif,10,587,0.029460987936659702,1803.3850085178876,750.5468483816013,23.052022442816753,59.89969779313602,1790,732,28,37,EPSG:4326
399,Lookalike,A:\SIH26143_DATA\OFFICIAL_DATASET\PART_III_TEST\Images\Lookalike\00099.tif,C:\SlickTrace\outputs\part_iii_predictions\prediction_0399.tif,11,668,0.03352630313745942,862.5404191616766,757.7679640718563,22.96750493535677,59.899049109276724,840,747,44,23,EPSG:4326
399,Lookalike,A:\SIH26143_DATA\OFFICIAL_DATASET\PART_III_TEST\Images\Lookalike\00099.tif,C:\SlickTrace\outputs\part_iii_predictions\prediction_0399.tif,12,27675,1.3889826936065712,1399.0731345980128,849.0462872628726,23.01570248922743,59.890849437993595,1188,760,422,193,EPSG:4326
399,Lookalike,A:\SIH26143_DATA\OFFICIAL_DATASET\PART_III_TEST\Images\Lookalike\00099.tif,C:\SlickTrace\outputs\part_iii_predictions\prediction_0399.tif,13,580,0.029109664400788122,1489.151724137931,775.0034482758621,23.023794386602994,59.89750081938776,1470,764,43,23,EPSG:4326
399,Lookalike,A:\SIH26143_DATA\OFFICIAL_DATASET\PART_III_TEST\Images\Lookalike\00099.tif,C:\SlickTrace\outputs\part_iii_predictions\prediction_0399.tif,14,551,0.027654181180748715,599.0344827586207,804.9419237749546,22.943833794344062,59.894811400375346,579,793,39,27,EPSG:4326
399,Lookalike,A:\SIH26143_DATA\OFFICIAL_DATASET\PART_III_TEST\Images\Lookalike\00099.tif,C:\SlickTrace\outputs\part_iii_predictions\prediction_0399.tif,15,830,0.04165693353905886,679.3578313253012,811.9602409638554,22.951049363512972,59.89418093421539,650,793,51,45,EPSG:4326
399,Lookalike,A:\SIH26143_DATA\OFFICIAL_DATASET\PART_III_TEST\Images\Lookalike\00099.tif,C:\SlickTrace\outputs\part_iii_predictions\prediction_0399.tif,16,1039,0.0521464505386532,491.2502406159769,834.1828681424447,22.934151371133662,59.89218464165061,469,821,49,30,EPSG:4326
399,Lookalike,A:\SIH26143_DATA\OFFICIAL_DATASET\PART_III_TEST\Images\Lookalike\00099.tif,C:\SlickTrace\outputs\part_iii_predictions\prediction_0399.tif,17,764,0.038344454486555386,1155.9057591623036,842.1884816753927,22.993858392232116,59.891465485151066,1142,822,30,42,EPSG:4326
399,Lookalike,A:\SIH26143_DATA\OFFICIAL_DATASET\PART_III_TEST\Images\Lookalike\00099.tif,C:\SlickTrace\outputs\part_iii_predictions\prediction_0399.tif,18,667,0.03347611406090634,1190.5307346326836,838.0059970014993,22.996968806699847,59.89184120414188,1177,822,26,34,EPSG:4326
399,Lookalike,A:\SIH26143_DATA\OFFICIAL_DATASET\PART_III_TEST\Images\Lookalike\00099.tif,C:\SlickTrace\outputs\part_iii_predictions\prediction_0399.tif,19,530,0.026600210573133973,1475.167924528302,863.1339622641509,23.022538200511054,59.88958392061646,1460,847,30,32,EPSG:4326
399,Lookalike,A:\SIH26143_DATA\OFFICIAL_DATASET\PART_III_TEST\Images\Lookalike\00099.tif,C:\SlickTrace\outputs\part_iii_predictions\prediction_0399.tif,20,775,0.0388965343286393,1227.2877419354838,873.7638709677419,23.000270744845707,59.88862901967074,1202,855,42,35,EPSG:4326
399,Lookalike,A:\SIH26143_DATA\OFFICIAL_DATASET\PART_III_TEST\Images\Lookalike\00099.tif,C:\SlickTrace\outputs\part_iii_predictions\prediction_0399.tif,21,1075,0.05395325729456419,1862.0520930232558,883.6316279069767,23.057292596685343,59.887742583982885,1837,861,71,40,EPSG:4326
399,Lookalike,A:\SIH26143_DATA\OFFICIAL_DATASET\PART_III_TEST\Images\Lookalike\00099.tif,C:\SlickTrace\outputs\part_iii_predictions\prediction_0399.tif,22,5759,0.28903889186920484,241.36291022747005,916.7424900156277,22.91170361031408,59.88476818463263,169,862,140,111,EPSG:4326
399,Lookalike,A:\SIH26143_DATA\OFFICIAL_DATASET\PART_III_TEST\Images\Lookalike\00099.tif,C:\SlickTrace\outputs\part_iii_predictions\prediction_0399.tif,23,6188,0.3105700057104774,1650.4810924369747,901.2886231415644,23.038286850335034,59.8861564291138,1577,866,155,71,EPSG:4326
399,Lookalike,A:\SIH26143_DATA\OFFICIAL_DATASET\PART_III_TEST\Images\Lookalike\00099.tif,C:\SlickTrace\outputs\part_iii_predictions\prediction_0399.tif,24,542,0.02720247949177097,1671.6346863468634,944.1070110701107,23.040187110007363,59.882309987882046,1632,929,74,26,EPSG:4326
399,Lookalike,A:\SIH26143_DATA\OFFICIAL_DATASET\PART_III_TEST\Images\Lookalike\00099.tif,C:\SlickTrace\outputs\part_iii_predictions\prediction_0399.tif,25,569,0.02855758455870421,569.5254833040422,965.4551845342706,22.941182955821148,59.88039224883095,554,955,32,25,EPSG:4326
400,Lookalike,A:\SIH26143_DATA\OFFICIAL_DATASET\PART_III_TEST\Images\Lookalike\00100.tif,C:\SlickTrace\outputs\part_iii_predictions\prediction_0400.tif,1,125276,6.320483582137138,231.45085251764104,1863.3508014304416,22.9108131950203,59.62510042197795,0,1592,475,456,EPSG:4326
400,Lookalike,A:\SIH26143_DATA\OFFICIAL_DATASET\PART_III_TEST\Images\Lookalike\00100.tif,C:\SlickTrace\outputs\part_iii_predictions\prediction_0400.tif,2,515,0.02598302184616867,87.03495145631068,1726.483495145631,22.89784009390097,59.63739542129114,74,1710,28,35,EPSG:4326
400,Lookalike,A:\SIH26143_DATA\OFFICIAL_DATASET\PART_III_TEST\Images\Lookalike\00100.tif,C:\SlickTrace\outputs\part_iii_predictions\prediction_0400.tif,3,1555,0.0784535902345481,33.210289389067526,1775.3144694533762,22.893004942241216,59.63300886023523,1,1760,61,37,EPSG:4326
400,Lookalike,A:\SIH26143_DATA\OFFICIAL_DATASET\PART_III_TEST\Images\Lookalike\00100.tif,C:\SlickTrace\outputs\part_iii_predictions\prediction_0400.tif,4,515,0.02598302184616867,495.74368932038834,1863.6776699029126,22.93455502449862,59.62507105888347,481,1853,33,24,EPSG:4326
400,Lookalike,A:\SIH26143_DATA\OFFICIAL_DATASET\PART_III_TEST\Images\Lookalike\00100.tif,C:\SlickTrace\outputs\part_iii_predictions\prediction_0400.tif,5,759,0.03829342442959615,1971.7180500658762,1898.2687747035573,23.067144057221242,59.62196368706977,1958,1882,33,32,EPSG:4326
400,Lookalike,A:\SIH26143_DATA\OFFICIAL_DATASET\PART_III_TEST\Images\Lookalike\00100.tif,C:\SlickTrace\outputs\part_iii_predictions\prediction_0400.tif,6,6968,0.3515528082021423,1864.433122847302,1981.2411021814007,23.05750648823363,59.61451015607654,1752,1917,208,131,EPSG:4326
400,Lookalike,A:\SIH26143_DATA\OFFICIAL_DATASET\PART_III_TEST\Images\Lookalike\00100.tif,C:\SlickTrace\outputs\part_iii_predictions\prediction_0400.tif,7,710,0.03582125341898981,440.6366197183099,1934.5014084507043,22.929604672209962,59.61870885420188,422,1920,37,31,EPSG:4326
400,Lookalike,A:\SIH26143_DATA\OFFICIAL_DATASET\PART_III_TEST\Images\Lookalike\00100.tif,C:\SlickTrace\outputs\part_iii_predictions\prediction_0400.tif,8,1083,0.05464002458136052,484.3979686057248,1966.899353647276,22.933535821065888,59.61579849726746,468,1941,37,53,EPSG:4326
401,Lookalike,A:\SIH26143_DATA\OFFICIAL_DATASET\PART_III_TEST\Images\Lookalike\00101.tif,C:\SlickTrace\outputs\part_iii_predictions\prediction_0401.tif,1,1412,0.07161013627716928,108.64589235127478,17.25070821529745,22.899781437751987,59.61630592372007,84,0,56,44,EPSG:4326
401,Lookalike,A:\SIH26143_DATA\OFFICIAL_DATASET\PART_III_TEST\Images\Lookalike\00101.tif,C:\SlickTrace\outputs\part_iii_predictions\prediction_0401.tif,2,48573,2.463398831013416,107.73808494431063,186.60807444465033,22.899699888025115,59.601092292663864,0,9,280,413,EPSG:4326
401,Lookalike,A:\SIH26143_DATA\OFFICIAL_DATASET\PART_III_TEST\Images\Lookalike\00101.tif,C:\SlickTrace\outputs\part_iii_predictions\prediction_0401.tif,3,2313,0.1173047062387341,262.2088197146563,57.82836143536532,22.913576230224454,59.61266077111194,224,35,71,54,EPSG:4326
401,Lookalike,A:\SIH26143_DATA\OFFICIAL_DATASET\PART_III_TEST\Images\Lookalike\00101.tif,C:\SlickTrace\outputs\part_iii_predictions\prediction_0401.tif,4,517,0.026219858679388468,324.752417794971,62.59187620889749,22.91919461723239,59.612232857299226,309,52,30,24,EPSG:4326
401,Lookalike,A:\SIH26143_DATA\OFFICIAL_DATASET\PART_III_TEST\Images\Lookalike\00101.tif,C:\SlickTrace\outputs\part_iii_predictions\prediction_0401.tif,5,1119,0.05675052584571701,1128.1465594280608,209.8650580875782,22.9913647408925,59.59900308227697,1110,184,37,53,EPSG:4326
401,Lookalike,A:\SIH26143_DATA\OFFICIAL_DATASET\PART_III_TEST\Images\Lookalike\00101.tif,C:\SlickTrace\outputs\part_iii_predictions\prediction_0401.tif,6,975,0.04944750911490088,1173.8594871794871,213.93333333333334,22.995471203060593,59.59863762289364,1153,196,42,36,EPSG:4326
401,Lookalike,A:\SIH26143_DATA\OFFICIAL_DATASET\PART_III_TEST\Images\Lookalike\00101.tif,C:\SlickTrace\outputs\part_iii_predictions\prediction_0401.tif,7,1284,0.06511856584977717,1231.4291277258567,235.77803738317758,23.000642771861003,59.59667527974114,1202,215,53,49,EPSG:4326
401,Lookalike,A:\SIH26143_DATA\OFFICIAL_DATASET\PART_III_TEST\Images\Lookalike\00101.tif,C:\SlickTrace\outputs\part_iii_predictions\prediction_0401.tif,8,2072,0.10508229629340987,1377.9300193050194,319.7273166023166,23.01380317086527,59.5891339876798,1333,289,85,71,EPSG:4326
401,Lookalike,A:\SIH26143_DATA\OFFICIAL_DATASET\PART_III_TEST\Images\Lookalike\00101.tif,C:\SlickTrace\outputs\part_iii_predictions\prediction_0401.tif,9,551,0.0279441820741645,130.64246823956444,333.41379310344826,22.90175742378386,59.58790451057713,118,316,28,32,EPSG:4326
401,Lookalike,A:\SIH26143_DATA\OFFICIAL_DATASET\PART_III_TEST\Images\Lookalike\00101.tif,C:\SlickTrace\outputs\part_iii_predictions\prediction_0401.tif,10,762,0.03864513020056869,991.3241469816273,330.5249343832021,22.979073774461426,59.58816402117134,969,319,42,27,EPSG:4326
401,Lookalike,A:\SIH26143_DATA\OFFICIAL_DATASET\PART_III_TEST\Images\Lookalike\00101.tif,C:\SlickTrace\outputs\part_iii_predictions\prediction_0401.tif,11,621,0.03149425965164456,1040.6666666666667,397.8647342995169,22.98350628842043,59.5821147840219,1025,384,31,26,EPSG:4326
401,Lookalike,A:\SIH26143_DATA\OFFICIAL_DATASET\PART_III_TEST\Images\Lookalike\00101.tif,C:\SlickTrace\outputs\part_iii_predictions\prediction_0401.tif,12,1147,0.05817055687670904,1081.1037489102005,420.3565823888405,22.987138813322886,59.58009430693123,1060,402,40,44,EPSG:4326
401,Lookalike,A:\SIH26143_DATA\OFFICIAL_DATASET\PART_III_TEST\Images\Lookalike\00101.tif,C:\SlickTrace\outputs\part_iii_predictions\prediction_0401.tif,13,4643,0.2354715741748562,1164.0004307559768,472.9384018953263,22.99458554895337,59.57537080171828,1107,431,106,90,EPSG:4326
401,Lookalike,A:\SIH26143_DATA\OFFICIAL_DATASET\PART_III_TEST\Images\Lookalike\00101.tif,C:\SlickTrace\outputs\part_iii_predictions\prediction_0401.tif,14,570,0.028907774559480515,46.61929824561403,449.4245614035088,22.894209494001288,59.577483085948494,31,438,32,23,EPSG:4326
401,Lookalike,A:\SIH26143_DATA\OFFICIAL_DATASET\PART_III_TEST\Images\Lookalike\00101.tif,C:\SlickTrace\outputs\part_iii_predictions\prediction_0401.tif,15,525,0.026625581831100475,222.69714285714286,470.74285714285713,22.910026835902222,59.57556803085909,208,457,29,27,EPSG:4326
401,Lookalike,A:\SIH26143_DATA\OFFICIAL_DATASET\PART_III_TEST\Images\Lookalike\00101.tif,C:\SlickTrace\outputs\part_iii_predictions\prediction_0401.tif,16,635,0.03220427516714058,352.58582677165356,513.8220472440945,22.92169493490168,59.57169816136955,339,501,32,27,EPSG:4326
401,Lookalike,A:\SIH26143_DATA\OFFICIAL_DATASET\PART_III_TEST\Images\Lookalike\00101.tif,C:\SlickTrace\outputs\part_iii_predictions\prediction_0401.tif,17,654,0.03316786765245659,175.34556574923548,627.6911314984709,22.905773171357904,59.5614691274921,153,608,42,38,EPSG:4326
402,Lookalike,A:\SIH26143_DATA\OFFICIAL_DATASET\PART_III_TEST\Images\Lookalike\00102.tif,C:\SlickTrace\outputs\part_iii_predictions\prediction_0402.tif,1,1779,0.0892863671879346,546.893760539629,389.33501967397416,23.121507916250888,59.9321460037893,509,368,77,38,EPSG:4326
402,Lookalike,A:\SIH26143_DATA\OFFICIAL_DATASET\PART_III_TEST\Images\Lookalike\00102.tif,C:\SlickTrace\outputs\part_iii_predictions\prediction_0402.tif,2,546,0.0274032357979833,485.65384615384613,466.5860805860806,23.116006641141798,59.92520642291612,470,454,34,25,EPSG:4326
402,Lookalike,A:\SIH26143_DATA\OFFICIAL_DATASET\PART_III_TEST\Images\Lookalike\00102.tif,C:\SlickTrace\outputs\part_iii_predictions\prediction_0402.tif,3,60689,3.045924866930052,1817.0359867521297,943.0817940648222,23.235606733732116,59.88240208469258,1679,773,286,383,EPSG:4326
402,Lookalike,A:\SIH26143_DATA\OFFICIAL_DATASET\PART_III_TEST\Images\Lookalike\00102.tif,C:\SlickTrace\outputs\part_iii_predictions\prediction_0402.tif,4,679,0.03407838297954333,649.7555228276877,840.5920471281296,23.130748145572372,59.89160889530646,613,833,68,17,EPSG:4326
402,Lookalike,A:\SIH26143_DATA\OFFICIAL_DATASET\PART_III_TEST\Images\Lookalike\00102.tif,C:\SlickTrace\outputs\part_iii_predictions\prediction_0402.tif,5,561,0.028156071946279546,659.9910873440285,871.4474153297683,23.131667621977034,59.88883711042119,650,851,25,37,EPSG:4326
402,Lookalike,A:\SIH26143_DATA\OFFICIAL_DATASET\PART_III_TEST\Images\Lookalike\00102.tif,C:\SlickTrace\outputs\part_iii_predictions\prediction_0402.tif,6,1483,0.07443040052822204,1900.614295347269,1177.037761294673,23.243114700935305,59.86138546257523,1857,1149,78,50,EPSG:4326
402,Lookalike,A:\SIH26143_DATA\OFFICIAL_DATASET\PART_III_TEST\Images\Lookalike\00102.tif,C:\SlickTrace\outputs\part_iii_predictions\prediction_0402.tif,7,4147,0.20813410046563507,1973.6332288401254,1253.068483240897,23.249674103333977,59.854555506616535,1916,1205,112,97,EPSG:4326
402,Lookalike,A:\SIH26143_DATA\OFFICIAL_DATASET\PART_III_TEST\Images\Lookalike\00102.tif,C:\SlickTrace\outputs\part_iii_predictions\prediction_0402.tif,8,624,0.03131798376912377,1960.9278846153845,1404.1185897435898,23.24853276284327,59.840986444682606,1939,1393,43,23,EPSG:4326
402,Lookalike,A:\SIH26143_DATA\OFFICIAL_DATASET\PART_III_TEST\Images\Lookalike\00102.tif,C:\SlickTrace\outputs\part_iii_predictions\prediction_0402.tif,9,668,0.03352630313745942,806.2814371257485,1953.4715568862275,23.144809107689845,59.79163722800654,783,1939,45,30,EPSG:4326
402,Lookalike,A:\SIH26143_DATA\OFFICIAL_DATASET\PART_III_TEST\Images\Lookalike\00102.tif,C:\SlickTrace\outputs\part_iii_predictions\prediction_0402.tif,10,3474,0.17435685194541023,706.5915371329879,2009.4314910765688,23.13585381160626,59.78661026158839,643,1970,137,75,EPSG:4326
403,Lookalike,A:\SIH26143_DATA\OFFICIAL_DATASET\PART_III_TEST\Images\Lookalike\00103.tif,C:\SlickTrace\outputs\part_iii_predictions\prediction_0403.tif,1,3229,0.1620605281899049,464.2257664911737,743.9854444100341,23.29643972667103,59.90028721408331,419,703,93,83,EPSG:4326
403,Lookalike,A:\SIH26143_DATA\OFFICIAL_DATASET\PART_III_TEST\Images\Lookalike\00103.tif,C:\SlickTrace\outputs\part_iii_predictions\prediction_0403.tif,2,1452,0.07287453915507647,764.9428374655647,1013.9924242424242,23.323453600776226,59.87603207440307,721,998,79,35,EPSG:4326
403,Lookalike,A:\SIH26143_DATA\OFFICIAL_DATASET\PART_III_TEST\Images\Lookalike\00103.tif,C:\SlickTrace\outputs\part_iii_predictions\prediction_0403.tif,3,5430,0.2725266856832405,749.7745856353591,1093.8405156537754,23.32209101353098,59.868859198310815,681,1058,132,76,EPSG:4326
403,Lookalike,A:\SIH26143_DATA\OFFICIAL_DATASET\PART_III_TEST\Images\Lookalike\00103.tif,C:\SlickTrace\outputs\part_iii_predictions\prediction_0403.tif,4,4237,0.21265111735541253,592.2008496577768,1237.0479112579656,23.307935923990534,59.8559946590838,513,1208,148,52,EPSG:4326
403,Lookalike,A:\SIH26143_DATA\OFFICIAL_DATASET\PART_III_TEST\Images\Lookalike\00103.tif,C:\SlickTrace\outputs\part_iii_predictions\prediction_0403.tif,5,2598,0.13039122088490956,86.00615858352579,1250.020400307929,23.262463681217316,59.85482932056513,44,1227,78,55,EPSG:4326
403,Lookalike,A:\SIH26143_DATA\OFFICIAL_DATASET\PART_III_TEST\Images\Lookalike\00103.tif,C:\SlickTrace\outputs\part_iii_predictions\prediction_0403.tif,6,3374,0.16933794429010193,1877.1553052756371,1947.5622406639004,23.423365346678434,59.79216807091467,1842,1895,67,101,EPSG:4326
403,Lookalike,A:\SIH26143_DATA\OFFICIAL_DATASET\PART_III_TEST\Images\Lookalike\00103.tif,C:\SlickTrace\outputs\part_iii_predictions\prediction_0403.tif,7,1373,0.06890960210738291,1629.993445010925,2010.5032774945375,23.40116241900571,59.78651398137634,1606,1990,47,47,EPSG:4326
404,Lookalike,A:\SIH26143_DATA\OFFICIAL_DATASET\PART_III_TEST\Images\Lookalike\00104.tif,C:\SlickTrace\outputs\part_iii_predictions\prediction_0404.tif,1,1481,0.07472010748383649,1079.9709655638082,710.8582039162728,23.351753059016048,59.7286305934961,1053,685,54,55,EPSG:4326
404,Lookalike,A:\SIH26143_DATA\OFFICIAL_DATASET\PART_III_TEST\Images\Lookalike\00104.tif,C:\SlickTrace\outputs\part_iii_predictions\prediction_0404.tif,2,789,0.03980699851772248,1059.7135614702154,812.6362484157161,23.34993330544466,59.719487716199936,1035,793,49,43,EPSG:4326
404,Lookalike,A:\SIH26143_DATA\OFFICIAL_DATASET\PART_III_TEST\Images\Lookalike\00104.tif,C:\SlickTrace\outputs\part_iii_predictions\prediction_0404.tif,3,739,0.03728437503751193,1847.3870094722597,1563.723951285521,23.420691215168194,59.652016359879724,1836,1545,25,38,EPSG:4326
404,Lookalike,A:\SIH26143_DATA\OFFICIAL_DATASET\PART_III_TEST\Images\Lookalike\00104.tif,C:\SlickTrace\outputs\part_iii_predictions\prediction_0404.tif,4,57348,2.8933482268622925,1719.2823289391085,1761.6824649508264,23.409183375919177,59.63423344403501,1492,1604,441,363,EPSG:4326
404,Lookalike,A:\SIH26143_DATA\OFFICIAL_DATASET\PART_III_TEST\Images\Lookalike\00104.tif,C:\SlickTrace\outputs\part_iii_predictions\prediction_0404.tif,5,787,0.03970609357851406,1645.5628970775094,1641.445997458704,23.40256104668139,59.64503446968068,1631,1625,31,36,EPSG:4326
404,Lookalike,A:\SIH26143_DATA\OFFICIAL_DATASET\PART_III_TEST\Images\Lookalike\00104.tif,C:\SlickTrace\outputs\part_iii_predictions\prediction_0404.tif,6,2695,0.13596940558334866,1310.317254174397,1684.9981447124305,23.372445418185954,59.641122113727256,1274,1630,78,94,EPSG:4326
404,Lookalike,A:\SIH26143_DATA\OFFICIAL_DATASET\PART_III_TEST\Images\Lookalike\00104.tif,C:\SlickTrace\outputs\part_iii_predictions\prediction_0404.tif,7,1779,0.08975494342589138,1123.248454187746,1726.7470489038785,23.355640741964965,59.63737174585421,1091,1694,63,67,EPSG:4326
404,Lookalike,A:\SIH26143_DATA\OFFICIAL_DATASET\PART_III_TEST\Images\Lookalike\00104.tif,C:\SlickTrace\outputs\part_iii_predictions\prediction_0404.tif,8,1187,0.05988708142019846,1258.75400168492,1733.0126368997473,23.367813412404935,59.63680889850814,1220,1702,75,54,EPSG:4326
404,Lookalike,A:\SIH26143_DATA\OFFICIAL_DATASET\PART_III_TEST\Images\Lookalike\00104.tif,C:\SlickTrace\outputs\part_iii_predictions\prediction_0404.tif,9,9225,0.46542403209884653,1452.6925745257452,1824.0575609756097,23.385235210821257,59.62863019382426,1381,1744,137,153,EPSG:4326
404,Lookalike,A:\SIH26143_DATA\OFFICIAL_DATASET\PART_III_TEST\Images\Lookalike\00104.tif,C:\SlickTrace\outputs\part_iii_predictions\prediction_0404.tif,10,590,0.02976695706648449,1589.5559322033898,1904.742372881356,23.397529855425034,59.62138215385114,1573,1892,41,29,EPSG:4326
404,Lookalike,A:\SIH26143_DATA\OFFICIAL_DATASET\PART_III_TEST\Images\Lookalike\00104.tif,C:\SlickTrace\outputs\part_iii_predictions\prediction_0404.tif,11,1739,0.08773684464172293,1207.458309373203,1937.6808510638298,23.363205441963625,59.61842324001244,1178,1912,58,49,EPSG:4326
404,Lookalike,A:\SIH26143_DATA\OFFICIAL_DATASET\PART_III_TEST\Images\Lookalike\00104.tif,C:\SlickTrace\outputs\part_iii_predictions\prediction_0404.tif,12,1383,0.06977576546262382,1637.0932754880694,1955.9761388286333,23.40180020762894,59.61677974634979,1609,1930,66,50,EPSG:4326
404,Lookalike,A:\SIH26143_DATA\OFFICIAL_DATASET\PART_III_TEST\Images\Lookalike\00104.tif,C:\SlickTrace\outputs\part_iii_predictions\prediction_0404.tif,13,1214,0.061249298099512156,1181.3855024711697,1971.673805601318,23.360863281869626,59.6153696009511,1160,1952,50,37,EPSG:4326
404,Lookalike,A:\SIH26143_DATA\OFFICIAL_DATASET\PART_III_TEST\Images\Lookalike\00104.tif,C:\SlickTrace\outputs\part_iii_predictions\prediction_0404.tif,14,5670,0.2860655026558764,2010.5222222222221,2012.5876543209877,23.435345900667333,59.6116942473874,1952,1961,96,87,EPSG:4326
405,Lookalike,A:\SIH26143_DATA\OFFICIAL_DATASET\PART_III_TEST\Images\Lookalike\00105.tif,C:\SlickTrace\outputs\part_iii_predictions\prediction_0405.tif,1,897,0.04549170838570881,2018.4214046822742,137.8071348940914,23.436055496300924,59.60547615565163,1989,121,54,35,EPSG:4326
405,Lookalike,A:\SIH26143_DATA\OFFICIAL_DATASET\PART_III_TEST\Images\Lookalike\00105.tif,C:\SlickTrace\outputs\part_iii_predictions\prediction_0405.tif,2,40995,2.079077575554217,1788.151506281254,923.7185998292475,23.415369999380296,59.53487652756003,1616,781,353,283,EPSG:4326
405,Lookalike,A:\SIH26143_DATA\OFFICIAL_DATASET\PART_III_TEST\Images\Lookalike\00105.tif,C:\SlickTrace\outputs\part_iii_predictions\prediction_0405.tif,3,16473,0.835434684768987,1970.5100467431555,1194.419170764281,23.431751545788963,59.51055908153095,1878,1105,170,170,EPSG:4326
406,Lookalike,A:\SIH26143_DATA\OFFICIAL_DATASET\PART_III_TEST\Images\Lookalike\00106.tif,C:\SlickTrace\outputs\part_iii_predictions\prediction_0406.tif,1,40282,2.021716381711288,1668.7283650265626,1531.2670423514226,23.587000038749892,59.829564504849635,1569,1314,188,391,EPSG:4326
406,Lookalike,A:\SIH26143_DATA\OFFICIAL_DATASET\PART_III_TEST\Images\Lookalike\00106.tif,C:\SlickTrace\outputs\part_iii_predictions\prediction_0406.tif,2,736,0.036939160343069065,1541.4986413043478,1363.2065217391305,23.575570798208496,59.84466163828194,1524,1351,38,26,EPSG:4326
406,Lookalike,A:\SIH26143_DATA\OFFICIAL_DATASET\PART_III_TEST\Images\Lookalike\00106.tif,C:\SlickTrace\outputs\part_iii_predictions\prediction_0406.tif,3,2050,0.10288760693382008,1360.6253658536586,1412.2321951219512,23.559322675425882,59.84025758711054,1338,1384,43,64,EPSG:4326
406,Lookalike,A:\SIH26143_DATA\OFFICIAL_DATASET\PART_III_TEST\Images\Lookalike\00106.tif,C:\SlickTrace\outputs\part_iii_predictions\prediction_0406.tif,4,801,0.040201450319019456,1804.8064918851435,1647.3607990012486,23.599224144869034,59.819135625250695,1778,1626,50,45,EPSG:4326
406,Lookalike,A:\SIH26143_DATA\OFFICIAL_DATASET\PART_III_TEST\Images\Lookalike\00106.tif,C:\SlickTrace\outputs\part_iii_predictions\prediction_0406.tif,5,10716,0.537826144342837,1990.3639417693169,1823.000466592012,23.615893054200352,59.80335764546125,1915,1714,133,177,EPSG:4326
409,Lookalike,A:\SIH26143_DATA\OFFICIAL_DATASET\PART_III_TEST\Images\Lookalike\00109.tif,C:\SlickTrace\outputs\part_iii_predictions\prediction_0409.tif,1,49261,4.634577641212358,896.369257627738,122.48811432979436,37.32054696035338,19.892569980795635,633,0,433,407,EPSG:4326
409,Lookalike,A:\SIH26143_DATA\OFFICIAL_DATASET\PART_III_TEST\Images\Lookalike\00109.tif,C:\SlickTrace\outputs\part_iii_predictions\prediction_0409.tif,2,800,0.07526566884492573,1103.6175,47.30875,37.339164386726374,19.899323457998417,1080,35,47,27,EPSG:4326
409,Lookalike,A:\SIH26143_DATA\OFFICIAL_DATASET\PART_III_TEST\Images\Lookalike\00109.tif,C:\SlickTrace\outputs\part_iii_predictions\prediction_0409.tif,3,988,0.09295310102348328,1057.1022267206479,67.15384615384616,37.334985848633195,19.897540742679436,1034,51,42,36,EPSG:4326
409,Lookalike,A:\SIH26143_DATA\OFFICIAL_DATASET\PART_III_TEST\Images\Lookalike\00109.tif,C:\SlickTrace\outputs\part_iii_predictions\prediction_0409.tif,4,914,0.08599102665532765,1054.894967177243,121.19693654266959,37.3347875671348,19.892685969269703,1040,98,28,46,EPSG:4326
409,Lookalike,A:\SIH26143_DATA\OFFICIAL_DATASET\PART_III_TEST\Images\Lookalike\00109.tif,C:\SlickTrace\outputs\part_iii_predictions\prediction_0409.tif,5,525,0.04939309517948251,1088.895238095238,260.02476190476193,37.33784186343779,19.880214853531317,1073,249,32,23,EPSG:4326
409,Lookalike,A:\SIH26143_DATA\OFFICIAL_DATASET\PART_III_TEST\Images\Lookalike\00109.tif,C:\SlickTrace\outputs\part_iii_predictions\prediction_0409.tif,6,771,0.07253728834929718,170.041504539559,303.1426718547341,37.255299828165455,19.876341505778583,153,285,34,35,EPSG:4326
409,Lookalike,A:\SIH26143_DATA\OFFICIAL_DATASET\PART_III_TEST\Images\Lookalike\00109.tif,C:\SlickTrace\outputs\part_iii_predictions\prediction_0409.tif,7,1745,0.16417324016799426,1079.9994269340975,394.13352435530084,37.33704273912472,19.86816765842695,1064,363,35,67,EPSG:4326
409,Lookalike,A:\SIH26143_DATA\OFFICIAL_DATASET\PART_III_TEST\Images\Lookalike\00109.tif,C:\SlickTrace\outputs\part_iii_predictions\prediction_0409.tif,8,526,0.04948717726553867,255.99239543726236,2033.403041825095,37.26302092806316,19.720909572193516,240,2021,33,25,EPSG:4326
410,Lookalike,A:\SIH26143_DATA\OFFICIAL_DATASET\PART_III_TEST\Images\Lookalike\00110.tif,C:\SlickTrace\outputs\part_iii_predictions\prediction_0410.tif,1,93919,7.6483279821753385,1355.2233413899212,1447.0923348843153,34.19191023133361,35.43922681186815,1038,1245,693,407,EPSG:4326
410,Lookalike,A:\SIH26143_DATA\OFFICIAL_DATASET\PART_III_TEST\Images\Lookalike\00110.tif,C:\SlickTrace\outputs\part_iii_predictions\prediction_0410.tif,2,544,0.04430083819358579,1510.2941176470588,1468.2683823529412,34.20584047617682,35.437324535158325,1496,1457,29,24,EPSG:4326
410,Lookalike,A:\SIH26143_DATA\OFFICIAL_DATASET\PART_III_TEST\Images\Lookalike\00110.tif,C:\SlickTrace\outputs\part_iii_predictions\prediction_0410.tif,3,22909,1.8656027613545163,681.1813261163735,1830.2286001134926,34.13136000688772,35.40480909557257,532,1709,263,218,EPSG:4326
410,Lookalike,A:\SIH26143_DATA\OFFICIAL_DATASET\PART_III_TEST\Images\Lookalike\00110.tif,C:\SlickTrace\outputs\part_iii_predictions\prediction_0410.tif,4,11465,0.9336564520026859,974.1047535979067,1849.0045355429568,34.15767376608605,35.40312242459558,901,1775,162,197,EPSG:4326
411,Lookalike,A:\SIH26143_DATA\OFFICIAL_DATASET\PART_III_TEST\Images\Lookalike\00111.tif,C:\SlickTrace\outputs\part_iii_predictions\prediction_0411.tif,1,722,0.05892227412151671,24.450138504155124,778.016620498615,34.072364840548715,35.32676453983538,2,765,42,25,EPSG:4326
411,Lookalike,A:\SIH26143_DATA\OFFICIAL_DATASET\PART_III_TEST\Images\Lookalike\00111.tif,C:\SlickTrace\outputs\part_iii_predictions\prediction_0411.tif,2,19877,1.6221579538966586,98.91266287669166,857.2878704029783,34.07905392292251,35.319643482297344,0,779,220,186,EPSG:4326
411,Lookalike,A:\SIH26143_DATA\OFFICIAL_DATASET\PART_III_TEST\Images\Lookalike\00111.tif,C:\SlickTrace\outputs\part_iii_predictions\prediction_0411.tif,3,776,0.06332920321093763,259.569587628866,811.1894329896908,34.09348598002296,35.323784575387585,242,793,35,39,EPSG:4326
411,Lookalike,A:\SIH26143_DATA\OFFICIAL_DATASET\PART_III_TEST\Images\Lookalike\00111.tif,C:\SlickTrace\outputs\part_iii_predictions\prediction_0411.tif,4,1342,0.10952034885190502,290.7086438152012,892.7704918032787,34.09628324903349,35.316456024184895,251,862,71,57,EPSG:4326
411,Lookalike,A:\SIH26143_DATA\OFFICIAL_DATASET\PART_III_TEST\Images\Lookalike\00111.tif,C:\SlickTrace\outputs\part_iii_predictions\prediction_0411.tif,5,987,0.0805488705788601,81.95035460992908,961.9939209726443,34.07753017284551,35.31023757774069,54,941,66,47,EPSG:4326
411,Lookalike,A:\SIH26143_DATA\OFFICIAL_DATASET\PART_III_TEST\Images\Lookalike\00111.tif,C:\SlickTrace\outputs\part_iii_predictions\prediction_0411.tif,6,529,0.04317158311673454,1326.5103969754252,1409.4253308128546,34.18933090365165,35.270044130335236,1315,1396,25,28,EPSG:4326
411,Lookalike,A:\SIH26143_DATA\OFFICIAL_DATASET\PART_III_TEST\Images\Lookalike\00111.tif,C:\SlickTrace\outputs\part_iii_predictions\prediction_0411.tif,7,1073,0.08756731320275267,1292.1724137931035,1458.174277726002,34.1862462701398,35.26566493792555,1273,1436,38,40,EPSG:4326
411,Lookalike,A:\SIH26143_DATA\OFFICIAL_DATASET\PART_III_TEST\Images\Lookalike\00111.tif,C:\SlickTrace\outputs\part_iii_predictions\prediction_0411.tif,8,1609,0.13131016490515288,1335.0602858918583,1531.338719701678,34.19009895324076,35.25909246427747,1307,1506,53,47,EPSG:4326
411,Lookalike,A:\SIH26143_DATA\OFFICIAL_DATASET\PART_III_TEST\Images\Lookalike\00111.tif,C:\SlickTrace\outputs\part_iii_predictions\prediction_0411.tif,9,1097,0.08952594835360642,1437.524156791249,1600.4165907019144,34.19930343937066,35.25288709354608,1405,1584,57,40,EPSG:4326
411,Lookalike,A:\SIH26143_DATA\OFFICIAL_DATASET\PART_III_TEST\Images\Lookalike\00111.tif,C:\SlickTrace\outputs\part_iii_predictions\prediction_0411.tif,10,858,0.07002120664302124,1527.3356643356644,1638.2249417249418,34.20737134436236,35.249490711586944,1512,1608,32,50,EPSG:4326
411,Lookalike,A:\SIH26143_DATA\OFFICIAL_DATASET\PART_III_TEST\Images\Lookalike\00111.tif,C:\SlickTrace\outputs\part_iii_predictions\prediction_0411.tif,11,999,0.08152818815428697,1423.6326326326325,1639.078078078078,34.19805554252352,35.24941407304439,1402,1615,45,47,EPSG:4326
411,Lookalike,A:\SIH26143_DATA\OFFICIAL_DATASET\PART_III_TEST\Images\Lookalike\00111.tif,C:\SlickTrace\outputs\part_iii_predictions\prediction_0411.tif,12,976,0.07965116280138547,1533.5430327868853,1730.095286885246,34.207928961757744,35.24123785806546,1506,1705,50,50,EPSG:4326
412,Lookalike,A:\SIH26143_DATA\OFFICIAL_DATASET\PART_III_TEST\Images\Lookalike\00112.tif,C:\SlickTrace\outputs\part_iii_predictions\prediction_0412.tif,1,635,0.059936811805472986,892.8566929133858,240.50708661417323,37.32023142129645,19.35699270409427,884,216,20,56,EPSG:4326
412,Lookalike,A:\SIH26143_DATA\OFFICIAL_DATASET\PART_III_TEST\Images\Lookalike\00112.tif,C:\SlickTrace\outputs\part_iii_predictions\prediction_0412.tif,2,36439,3.4394291108340633,949.0148741732759,624.7063036856116,37.32527619655186,19.32247950121007,830,282,256,603,EPSG:4326
412,Lookalike,A:\SIH26143_DATA\OFFICIAL_DATASET\PART_III_TEST\Images\Lookalike\00112.tif,C:\SlickTrace\outputs\part_iii_predictions\prediction_0412.tif,3,1003,0.09467184604864473,762.2043868394816,541.6241276171486,37.30849472495129,19.32994290007009,741,523,44,47,EPSG:4326
412,Lookalike,A:\SIH26143_DATA\OFFICIAL_DATASET\PART_III_TEST\Images\Lookalike\00112.tif,C:\SlickTrace\outputs\part_iii_predictions\prediction_0412.tif,4,1836,0.17329761649582426,803.3284313725491,599.5806100217865,37.31218896072617,19.3247365806743,784,560,40,86,EPSG:4326
412,Lookalike,A:\SIH26143_DATA\OFFICIAL_DATASET\PART_III_TEST\Images\Lookalike\00112.tif,C:\SlickTrace\outputs\part_iii_predictions\prediction_0412.tif,5,674,0.06361797032580913,917.7091988130563,715.2685459940653,37.322463959886285,19.31434415656709,905,699,28,35,EPSG:4326
412,Lookalike,A:\SIH26143_DATA\OFFICIAL_DATASET\PART_III_TEST\Images\Lookalike\00112.tif,C:\SlickTrace\outputs\part_iii_predictions\prediction_0412.tif,6,2380,0.22464505842051294,927.7310924369748,802.581512605042,37.3233642419081,19.30650069932624,909,745,56,115,EPSG:4326
412,Lookalike,A:\SIH26143_DATA\OFFICIAL_DATASET\PART_III_TEST\Images\Lookalike\00112.tif,C:\SlickTrace\outputs\part_iii_predictions\prediction_0412.tif,7,600,0.056633208005171326,1125.7233333333334,836.8666666666667,37.34115018752153,19.303420811535045,1112,825,29,26,EPSG:4326
412,Lookalike,A:\SIH26143_DATA\OFFICIAL_DATASET\PART_III_TEST\Images\Lookalike\00112.tif,C:\SlickTrace\outputs\part_iii_predictions\prediction_0412.tif,8,556,0.052480106084792096,888.1906474820144,863.4298561151079,37.31981226330371,19.301034599627396,874,853,29,25,EPSG:4326
412,Lookalike,A:\SIH26143_DATA\OFFICIAL_DATASET\PART_III_TEST\Images\Lookalike\00112.tif,C:\SlickTrace\outputs\part_iii_predictions\prediction_0412.tif,9,1814,0.17122106553563465,903.7491730981257,950.8098125689085,37.321209909439645,19.293185124586582,882,897,45,104,EPSG:4326
412,Lookalike,A:\SIH26143_DATA\OFFICIAL_DATASET\PART_III_TEST\Images\Lookalike\00112.tif,C:\SlickTrace\outputs\part_iii_predictions\prediction_0412.tif,10,1741,0.16433069189500546,982.8862722573234,940.0482481332567,37.3283189160112,19.29415185236794,963,898,41,96,EPSG:4326
412,Lookalike,A:\SIH26143_DATA\OFFICIAL_DATASET\PART_III_TEST\Images\Lookalike\00112.tif,C:\SlickTrace\outputs\part_iii_predictions\prediction_0412.tif,11,1441,0.1360140878924198,966.5392088827203,1139.2824427480916,37.32685043432321,19.276254340153766,953,1082,27,111,EPSG:4326
412,Lookalike,A:\SIH26143_DATA\OFFICIAL_DATASET\PART_III_TEST\Images\Lookalike\00112.tif,C:\SlickTrace\outputs\part_iii_predictions\prediction_0412.tif,12,1458,0.13761869545256633,957.3792866941016,1264.860768175583,37.32602758451287,19.2649734472452,942,1212,35,120,EPSG:4326
412,Lookalike,A:\SIH26143_DATA\OFFICIAL_DATASET\PART_III_TEST\Images\Lookalike\00112.tif,C:\SlickTrace\outputs\part_iii_predictions\prediction_0412.tif,13,1157,0.10920770276997203,984.1910112359551,1410.1452031114952,37.32843612270783,19.25192232440044,964,1372,39,77,EPSG:4326
412,Lookalike,A:\SIH26143_DATA\OFFICIAL_DATASET\PART_III_TEST\Images\Lookalike\00112.tif,C:\SlickTrace\outputs\part_iii_predictions\prediction_0412.tif,14,1888,0.17820582785627245,1019.0900423728814,1481.6440677966102,37.33157115601496,19.245499472106058,998,1426,42,115,EPSG:4326
412,Lookalike,A:\SIH26143_DATA\OFFICIAL_DATASET\PART_III_TEST\Images\Lookalike\00112.tif,C:\SlickTrace\outputs\part_iii_predictions\prediction_0412.tif,15,11649,1.0995337334204014,1049.8737230663576,1733.918791312559,37.334336501101795,19.222837248112917,1009,1555,122,310,EPSG:4326
413,Lookalike,A:\SIH26143_DATA\OFFICIAL_DATASET\PART_III_TEST\Images\Lookalike\00113.tif,C:\SlickTrace\outputs\part_iii_predictions\prediction_0413.tif,1,78799,6.458085730029747,547.2372872752193,1191.2325664031268,34.11932760915695,34.94451198769186,237,999,564,365,EPSG:4326
413,Lookalike,A:\SIH26143_DATA\OFFICIAL_DATASET\PART_III_TEST\Images\Lookalike\00113.tif,C:\SlickTrace\outputs\part_iii_predictions\prediction_0413.tif,2,1776,0.14555464227379575,749.2792792792793,1035.2393018018017,34.13747735010207,34.95852510107297,724,1009,55,59,EPSG:4326
413,Lookalike,A:\SIH26143_DATA\OFFICIAL_DATASET\PART_III_TEST\Images\Lookalike\00113.tif,C:\SlickTrace\outputs\part_iii_predictions\prediction_0413.tif,3,1158,0.09490556067176548,590.2780656303972,1088.6018998272884,34.12319402806063,34.95373145733231,561,1071,58,36,EPSG:4326
413,Lookalike,A:\SIH26143_DATA\OFFICIAL_DATASET\PART_III_TEST\Images\Lookalike\00113.tif,C:\SlickTrace\outputs\part_iii_predictions\prediction_0413.tif,4,723,0.05925450808781212,280.820193637621,1183.4384508990317,34.09539495444041,34.94521214500022,262,1167,37,35,EPSG:4326
413,Lookalike,A:\SIH26143_DATA\OFFICIAL_DATASET\PART_III_TEST\Images\Lookalike\00113.tif,C:\SlickTrace\outputs\part_iii_predictions\prediction_0413.tif,5,2333,0.1912043808698004,491.2224603514788,1340.1478782683241,34.11429571164066,34.93113469762307,453,1315,78,51,EPSG:4326
413,Lookalike,A:\SIH26143_DATA\OFFICIAL_DATASET\PART_III_TEST\Images\Lookalike\00113.tif,C:\SlickTrace\outputs\part_iii_predictions\prediction_0413.tif,6,1218,0.09982294723506939,1426.7183908045977,1372.702791461412,34.19833274089642,34.92821024001362,1410,1336,32,81,EPSG:4326
413,Lookalike,A:\SIH26143_DATA\OFFICIAL_DATASET\PART_III_TEST\Images\Lookalike\00113.tif,C:\SlickTrace\outputs\part_iii_predictions\prediction_0413.tif,7,100070,8.201381223163706,1688.2503847306884,1805.426481462976,34.221826559639425,34.88933800956072,1418,1541,589,465,EPSG:4326
413,Lookalike,A:\SIH26143_DATA\OFFICIAL_DATASET\PART_III_TEST\Images\Lookalike\00113.tif,C:\SlickTrace\outputs\part_iii_predictions\prediction_0413.tif,8,687,0.056304076149829775,1665.3697234352255,1630.2940320232897,34.219771154864176,34.90507042516841,1644,1613,39,34,EPSG:4326
413,Lookalike,A:\SIH26143_DATA\OFFICIAL_DATASET\PART_III_TEST\Images\Lookalike\00113.tif,C:\SlickTrace\outputs\part_iii_predictions\prediction_0413.tif,9,972,0.07966166232552335,1654.4423868312758,1696.7510288065844,34.218789535515576,34.899100491573705,1630,1667,45,59,EPSG:4326
413,Lookalike,A:\SIH26143_DATA\OFFICIAL_DATASET\PART_III_TEST\Images\Lookalike\00113.tif,C:\SlickTrace\outputs\part_iii_predictions\prediction_0413.tif,10,1190,0.0975281668388609,1158.1218487394958,1688.9974789915966,34.17420430299654,34.8997970048042,1135,1671,50,36,EPSG:4326
413,Lookalike,A:\SIH26143_DATA\OFFICIAL_DATASET\PART_III_TEST\Images\Lookalike\00113.tif,C:\SlickTrace\outputs\part_iii_predictions\prediction_0413.tif,11,4664,0.3822448488541573,1124.0724699828475,1757.893653516295,34.17114559526136,34.89360795614491,1072,1709,105,110,EPSG:4326
413,Lookalike,A:\SIH26143_DATA\OFFICIAL_DATASET\PART_III_TEST\Images\Lookalike\00113.tif,C:\SlickTrace\outputs\part_iii_predictions\prediction_0413.tif,12,8042,0.6590937123681675,1364.444665506093,1829.1943546381497,34.19273859697295,34.88720290518629,1297,1781,136,93,EPSG:4326
413,Lookalike,A:\SIH26143_DATA\OFFICIAL_DATASET\PART_III_TEST\Images\Lookalike\00113.tif,C:\SlickTrace\outputs\part_iii_predictions\prediction_0413.tif,13,1698,0.13916203974150068,2034.4958775029447,1899.371613663133,34.25293032146091,34.88089877474832,2016,1853,32,86,EPSG:4326
413,Lookalike,A:\SIH26143_DATA\OFFICIAL_DATASET\PART_III_TEST\Images\Lookalike\00113.tif,C:\SlickTrace\outputs\part_iii_predictions\prediction_0413.tif,14,911,0.07466231931949771,2027.6586169045006,1969.5795828759606,34.2523161198912,34.87459188556723,2005,1936,43,53,EPSG:4326
413,Lookalike,A:\SIH26143_DATA\OFFICIAL_DATASET\PART_III_TEST\Images\Lookalike\00113.tif,C:\SlickTrace\outputs\part_iii_predictions\prediction_0413.tif,15,574,0.04704299812227408,1994.5993031358885,2032.144599303136,34.249346351207116,34.86897157451646,1981,2019,31,26,EPSG:4326
416,Lookalike,A:\SIH26143_DATA\OFFICIAL_DATASET\PART_III_TEST\Images\Lookalike\00116.tif,C:\SlickTrace\outputs\part_iii_predictions\prediction_0416.tif,1,12924,1.0426394678709858,79.32977406375736,762.7804859176725,33.96431977165482,36.24489673009999,0,616,155,261,EPSG:4326
417,Lookalike,A:\SIH26143_DATA\OFFICIAL_DATASET\PART_III_TEST\Images\Lookalike\00117.tif,C:\SlickTrace\outputs\part_iii_predictions\prediction_0417.tif,1,12854,1.0445185077214383,1771.789404076552,1107.2257662984284,34.40306517337802,35.64232391125971,1594,1031,331,157,EPSG:4326
417,Lookalike,A:\SIH26143_DATA\OFFICIAL_DATASET\PART_III_TEST\Images\Lookalike\00117.tif,C:\SlickTrace\outputs\part_iii_predictions\prediction_0417.tif,2,2531,0.2056695459034511,996.7309363887791,1528.8486764124852,34.333440486617,35.60444888083067,957,1497,87,78,EPSG:4326
417,Lookalike,A:\SIH26143_DATA\OFFICIAL_DATASET\PART_III_TEST\Images\Lookalike\00117.tif,C:\SlickTrace\outputs\part_iii_predictions\prediction_0417.tif,3,823,0.06687713800021346,847.1081409477521,1628.782503037667,34.31999964221726,35.59547167244487,820,1609,47,39,EPSG:4326
417,Lookalike,A:\SIH26143_DATA\OFFICIAL_DATASET\PART_III_TEST\Images\Lookalike\00117.tif,C:\SlickTrace\outputs\part_iii_predictions\prediction_0417.tif,4,1681,0.13659838271975555,779.9595478881619,1656.8304580606782,34.313967581472006,35.592952081776325,740,1629,78,51,EPSG:4326
417,Lookalike,A:\SIH26143_DATA\OFFICIAL_DATASET\PART_III_TEST\Images\Lookalike\00117.tif,C:\SlickTrace\outputs\part_iii_predictions\prediction_0417.tif,5,583,0.04737469192481707,609.0634648370498,1724.934819897084,34.29861572513191,35.58683416286104,596,1711,28,30,EPSG:4326
417,Lookalike,A:\SIH26143_DATA\OFFICIAL_DATASET\PART_III_TEST\Images\Lookalike\00117.tif,C:\SlickTrace\outputs\part_iii_predictions\prediction_0417.tif,6,1102,0.08954873156286176,566.1696914700544,1746.557168784029,34.294762511910996,35.58489179421267,541,1728,52,38,EPSG:4326
417,Lookalike,A:\SIH26143_DATA\OFFICIAL_DATASET\PART_III_TEST\Images\Lookalike\00117.tif,C:\SlickTrace\outputs\part_iii_predictions\prediction_0417.tif,7,548,0.04453058520548842,1951.4890510948906,1775.0255474452554,34.419207867324765,35.58233443624612,1932,1765,42,22,EPSG:4326
417,Lookalike,A:\SIH26143_DATA\OFFICIAL_DATASET\PART_III_TEST\Images\Lookalike\00117.tif,C:\SlickTrace\outputs\part_iii_predictions\prediction_0417.tif,8,756,0.06143270513749863,487.25,1786.5661375661375,34.28767303540444,35.58129772739679,467,1770,42,37,EPSG:4326
417,Lookalike,A:\SIH26143_DATA\OFFICIAL_DATASET\PART_III_TEST\Images\Lookalike\00117.tif,C:\SlickTrace\outputs\part_iii_predictions\prediction_0417.tif,9,806,0.06549571473653955,422.4230769230769,1830.5496277915634,34.2818495338222,35.57734662324494,401,1814,42,34,EPSG:4326
418,Lookalike,A:\SIH26143_DATA\OFFICIAL_DATASET\PART_III_TEST\Images\Lookalike\00118.tif,C:\SlickTrace\outputs\part_iii_predictions\prediction_0418.tif,1,3379,0.27517009605905585,1648.3628292394199,227.8393015685114,34.39197757551374,35.54875417537182,1603,193,85,63,EPSG:4326
418,Lookalike,A:\SIH26143_DATA\OFFICIAL_DATASET\PART_III_TEST\Images\Lookalike\00118.tif,C:\SlickTrace\outputs\part_iii_predictions\prediction_0418.tif,2,603,0.04910552468884601,1741.4378109452737,239.33499170812604,34.400338643377296,35.54772149995643,1727,224,30,39,EPSG:4326
418,Lookalike,A:\SIH26143_DATA\OFFICIAL_DATASET\PART_III_TEST\Images\Lookalike\00118.tif,C:\SlickTrace\outputs\part_iii_predictions\prediction_0418.tif,3,2067,0.16832689806276072,1802.4165457184324,263.4707305273343,34.4058164563226,35.54555334964895,1764,236,80,65,EPSG:4326
418,Lookalike,A:\SIH26143_DATA\OFFICIAL_DATASET\PART_III_TEST\Images\Lookalike\00118.tif,C:\SlickTrace\outputs\part_iii_predictions\prediction_0418.tif,4,946,0.07703785465281647,1661.8403805496828,275.04862579281183,34.39318828454719,35.544513289621456,1641,257,42,36,EPSG:4326
418,Lookalike,A:\SIH26143_DATA\OFFICIAL_DATASET\PART_III_TEST\Images\Lookalike\00118.tif,C:\SlickTrace\outputs\part_iii_predictions\prediction_0418.tif,5,2125,0.1730501491936945,1775.1778823529412,310.992,34.403369565560574,35.54128444138014,1747,276,57,69,EPSG:4326
418,Lookalike,A:\SIH26143_DATA\OFFICIAL_DATASET\PART_III_TEST\Images\Lookalike\00118.tif,C:\SlickTrace\outputs\part_iii_predictions\prediction_0418.tif,6,850,0.0692200596774778,1241.2282352941177,561.5517647058823,34.35540405267026,35.518776274758075,1220,538,40,49,EPSG:4326
418,Lookalike,A:\SIH26143_DATA\OFFICIAL_DATASET\PART_III_TEST\Images\Lookalike\00118.tif,C:\SlickTrace\outputs\part_iii_predictions\prediction_0418.tif,7,33683,2.742987376607629,403.9003948579402,1024.96021732031,34.280185612981995,35.4771475851807,130,889,525,244,EPSG:4326
418,Lookalike,A:\SIH26143_DATA\OFFICIAL_DATASET\PART_III_TEST\Images\Lookalike\00118.tif,C:\SlickTrace\outputs\part_iii_predictions\prediction_0418.tif,8,503,0.04096198825620157,366.5844930417495,1130.230616302187,34.27683346848778,35.467690984343626,354,1116,26,28,EPSG:4326
418,Lookalike,A:\SIH26143_DATA\OFFICIAL_DATASET\PART_III_TEST\Images\Lookalike\00118.tif,C:\SlickTrace\outputs\part_iii_predictions\prediction_0418.tif,9,1949,0.15871752507224027,263.9168804515136,1149.8081067213957,34.26761067993039,35.46593230845679,224,1134,99,38,EPSG:4326
419,Lookalike,A:\SIH26143_DATA\OFFICIAL_DATASET\PART_III_TEST\Images\Lookalike\00119.tif,C:\SlickTrace\outputs\part_iii_predictions\prediction_0419.tif,1,148432,10.893992079742008,671.0490797132694,877.4371159857712,9.057435333125149,42.79615763494874,305,471,641,928,EPSG:4326
419,Lookalike,A:\SIH26143_DATA\OFFICIAL_DATASET\PART_III_TEST\Images\Lookalike\00119.tif,C:\SlickTrace\outputs\part_iii_predictions\prediction_0419.tif,2,1143,0.08388914079945776,999.1968503937007,928.2090988626421,9.086913348910347,42.79159671012641,977,908,45,50,EPSG:4326
419,Lookalike,A:\SIH26143_DATA\OFFICIAL_DATASET\PART_III_TEST\Images\Lookalike\00119.tif,C:\SlickTrace\outputs\part_iii_predictions\prediction_0419.tif,3,673,0.049394043532839084,951.1337295690936,932.7578008915305,9.082595765306424,42.79118809327086,936,915,32,38,EPSG:4326
423,Lookalike,A:\SIH26143_DATA\OFFICIAL_DATASET\PART_III_TEST\Images\Lookalike\00123.tif,C:\SlickTrace\outputs\part_iii_predictions\prediction_0423.tif,1,727,0.0723708277789372,247.1801925722146,510.85694635488306,106.46899217863974,-5.41377820260634,232,492,28,37,EPSG:4326
423,Lookalike,A:\SIH26143_DATA\OFFICIAL_DATASET\PART_III_TEST\Images\Lookalike\00123.tif,C:\SlickTrace\outputs\part_iii_predictions\prediction_0423.tif,2,1511,0.150415847006842,465.9258769027134,586.6737260092654,106.48864243779667,-5.4205889398019655,444,560,42,53,EPSG:4326
423,Lookalike,A:\SIH26143_DATA\OFFICIAL_DATASET\PART_III_TEST\Images\Lookalike\00123.tif,C:\SlickTrace\outputs\part_iii_predictions\prediction_0423.tif,3,3250,0.32352845980955425,1308.331076923077,989.8464615384615,106.56431698445667,-5.456806562848581,1259,960,91,67,EPSG:4326
423,Lookalike,A:\SIH26143_DATA\OFFICIAL_DATASET\PART_III_TEST\Images\Lookalike\00123.tif,C:\SlickTrace\outputs\part_iii_predictions\prediction_0423.tif,4,2474,0.24627981832887297,1161.7833468067906,1047.3799514955538,106.55115237787503,-5.461974884186301,1130,1018,59,67,EPSG:4326
423,Lookalike,A:\SIH26143_DATA\OFFICIAL_DATASET\PART_III_TEST\Images\Lookalike\00123.tif,C:\SlickTrace\outputs\part_iii_predictions\prediction_0423.tif,5,1798,0.1789858986884857,1066.2536151279198,1051.4532814238041,106.54257079606953,-5.462340797639481,1029,1030,67,42,EPSG:4326
423,Lookalike,A:\SIH26143_DATA\OFFICIAL_DATASET\PART_III_TEST\Images\Lookalike\00123.tif,C:\SlickTrace\outputs\part_iii_predictions\prediction_0423.tif,6,706,0.07028033619247548,1092.558073654391,1470.1345609065156,106.544933765783,-5.499951576892885,1076,1455,34,33,EPSG:4326
423,Lookalike,A:\SIH26143_DATA\OFFICIAL_DATASET\PART_III_TEST\Images\Lookalike\00123.tif,C:\SlickTrace\outputs\part_iii_predictions\prediction_0423.tif,7,1267,0.12612632571652468,859.7703235990529,1608.3204419889503,106.52402208639995,-5.512365025795472,829,1584,64,45,EPSG:4326
423,Lookalike,A:\SIH26143_DATA\OFFICIAL_DATASET\PART_III_TEST\Images\Lookalike\00123.tif,C:\SlickTrace\outputs\part_iii_predictions\prediction_0423.tif,8,2007,0.1997912673347001,942.593423019432,1618.7862481315397,106.5314622120087,-5.513305185157324,917,1584,63,68,EPSG:4326
423,Lookalike,A:\SIH26143_DATA\OFFICIAL_DATASET\PART_III_TEST\Images\Lookalike\00123.tif,C:\SlickTrace\outputs\part_iii_predictions\prediction_0423.tif,9,1773,0.1764972182284122,844.565143824027,1706.7851099830796,106.52265618186098,-5.5212102574159605,810,1686,69,42,EPSG:4326
423,Lookalike,A:\SIH26143_DATA\OFFICIAL_DATASET\PART_III_TEST\Images\Lookalike\00123.tif,C:\SlickTrace\outputs\part_iii_predictions\prediction_0423.tif,10,2823,0.281021797551499,1000.7679773290826,1801.785688983351,106.53668812113702,-5.529744304627576,950,1779,94,48,EPSG:4326
423,Lookalike,A:\SIH26143_DATA\OFFICIAL_DATASET\PART_III_TEST\Images\Lookalike\00123.tif,C:\SlickTrace\outputs\part_iii_predictions\prediction_0423.tif,11,1771,0.1762981237916063,939.2162619988707,1867.1569734613213,106.53115883647253,-5.535616707026484,897,1842,84,52,EPSG:4326
423,Lookalike,A:\SIH26143_DATA\OFFICIAL_DATASET\PART_III_TEST\Images\Lookalike\00123.tif,C:\SlickTrace\outputs\part_iii_predictions\prediction_0423.tif,12,1683,0.16753796857214762,771.2685680332739,2023.5092097445038,106.51607183843034,-5.549662067382429,733,2004,71,41,EPSG:4326
423,Lookalike,A:\SIH26143_DATA\OFFICIAL_DATASET\PART_III_TEST\Images\Lookalike\00123.tif,C:\SlickTrace\outputs\part_iii_predictions\prediction_0423.tif,13,564,0.056144631179258025,872.4095744680851,2019.8882978723404,106.52515748962351,-5.549336795334708,855,2006,32,28,EPSG:4326
424,Lookalike,A:\SIH26143_DATA\OFFICIAL_DATASET\PART_III_TEST\Images\Lookalike\00124.tif,C:\SlickTrace\outputs\part_iii_predictions\prediction_0424.tif,1,18986,1.3056235099581743,65.59280522490256,142.73807015695775,-125.82118984553917,46.633159921096585,0,0,160,340,EPSG:4326
424,Lookalike,A:\SIH26143_DATA\OFFICIAL_DATASET\PART_III_TEST\Images\Lookalike\00124.tif,C:\SlickTrace\outputs\part_iii_predictions\prediction_0424.tif,2,694,0.04772478225592399,230.04755043227667,247.10518731988472,-125.80641662442258,46.623784463445894,217,228,27,39,EPSG:4326
424,Lookalike,A:\SIH26143_DATA\OFFICIAL_DATASET\PART_III_TEST\Images\Lookalike\00124.tif,C:\SlickTrace\outputs\part_iii_predictions\prediction_0424.tif,3,696,0.0478623176514742,1374.6235632183907,795.5905172413793,-125.70359761181035,46.57451318794751,1364,772,26,52,EPSG:4326
424,Lookalike,A:\SIH26143_DATA\OFFICIAL_DATASET\PART_III_TEST\Images\Lookalike\00124.tif,C:\SlickTrace\outputs\part_iii_predictions\prediction_0424.tif,4,691,0.04751847916259867,1351.1693198263386,857.0260492040521,-125.705704542342,46.568994340212505,1333,841,35,34,EPSG:4326
424,Lookalike,A:\SIH26143_DATA\OFFICIAL_DATASET\PART_III_TEST\Images\Lookalike\00124.tif,C:\SlickTrace\outputs\part_iii_predictions\prediction_0424.tif,5,1193,0.08203986344570219,1780.3487007544006,862.4811399832355,-125.66715070259035,46.568504301070185,1751,840,59,46,EPSG:4326
424,Lookalike,A:\SIH26143_DATA\OFFICIAL_DATASET\PART_III_TEST\Images\Lookalike\00124.tif,C:\SlickTrace\outputs\part_iii_predictions\prediction_0424.tif,6,578,0.039747729314011625,1828.2681660899655,866.878892733564,-125.66284602377857,46.568109244219045,1812,851,31,34,EPSG:4326
424,Lookalike,A:\SIH26143_DATA\OFFICIAL_DATASET\PART_III_TEST\Images\Lookalike\00124.tif,C:\SlickTrace\outputs\part_iii_predictions\prediction_0424.tif,7,3549,0.24405655940385337,1280.0101437024514,926.1470836855452,-125.71209687989375,46.56278509203961,1251,887,65,86,EPSG:4326
424,Lookalike,A:\SIH26143_DATA\OFFICIAL_DATASET\PART_III_TEST\Images\Lookalike\00124.tif,C:\SlickTrace\outputs\part_iii_predictions\prediction_0424.tif,8,556,0.03823483996295928,1454.6852517985612,924.615107913669,-125.69640554795795,46.56292271176469,1444,908,22,33,EPSG:4326
424,Lookalike,A:\SIH26143_DATA\OFFICIAL_DATASET\PART_III_TEST\Images\Lookalike\00124.tif,C:\SlickTrace\outputs\part_iii_predictions\prediction_0424.tif,9,880,0.060515574042093824,1230.8988636363636,961.6852272727273,-125.71650862124436,46.55959264628425,1217,937,29,48,EPSG:4326
424,Lookalike,A:\SIH26143_DATA\OFFICIAL_DATASET\PART_III_TEST\Images\Lookalike\00124.tif,C:\SlickTrace\outputs\part_iii_predictions\prediction_0424.tif,10,1041,0.07158717338388598,1202.718539865514,1021.5014409221902,-125.71904010279984,46.55421926438831,1184,992,39,59,EPSG:4326
424,Lookalike,A:\SIH26143_DATA\OFFICIAL_DATASET\PART_III_TEST\Images\Lookalike\00124.tif,C:\SlickTrace\outputs\part_iii_predictions\prediction_0424.tif,11,2859,0.19660684793902983,1242.7002448408534,1044.5113676110527,-125.71544848513338,46.5521522475052,1203,994,69,111,EPSG:4326
424,Lookalike,A:\SIH26143_DATA\OFFICIAL_DATASET\PART_III_TEST\Images\Lookalike\00124.tif,C:\SlickTrace\outputs\part_iii_predictions\prediction_0424.tif,12,601,0.041329386362839074,1618.67387687188,1022.4975041597338,-125.68167419912544,46.554129786505285,1602,1003,35,39,EPSG:4326
424,Lookalike,A:\SIH26143_DATA\OFFICIAL_DATASET\PART_III_TEST\Images\Lookalike\00124.tif,C:\SlickTrace\outputs\part_iii_predictions\prediction_0424.tif,13,824,0.05666458296668785,1706.6007281553398,1114.3859223300972,-125.6737755956862,46.545875309457685,1685,1098,44,33,EPSG:4326
424,Lookalike,A:\SIH26143_DATA\OFFICIAL_DATASET\PART_III_TEST\Images\Lookalike\00124.tif,C:\SlickTrace\outputs\part_iii_predictions\prediction_0424.tif,14,683,0.04696833758039782,856.3704245973646,1142.852122986823,-125.75015308335696,46.54331814714461,844,1123,27,46,EPSG:4326
424,Lookalike,A:\SIH26143_DATA\OFFICIAL_DATASET\PART_III_TEST\Images\Lookalike\00124.tif,C:\SlickTrace\outputs\part_iii_predictions\prediction_0424.tif,15,564,0.03878498154516013,1563.8563829787233,1615.8882978723404,-125.68659853838558,46.5008245845605,1553,1601,24,31,EPSG:4326
424,Lookalike,A:\SIH26143_DATA\OFFICIAL_DATASET\PART_III_TEST\Images\Lookalike\00124.tif,C:\SlickTrace\outputs\part_iii_predictions\prediction_0424.tif,16,1881,0.12935203951497554,1162.8819776714513,1797.996278575226,-125.7226186820684,46.48446554631794,1134,1753,51,97,EPSG:4326
425,Lookalike,A:\SIH26143_DATA\OFFICIAL_DATASET\PART_III_TEST\Images\Lookalike\00125.tif,C:\SlickTrace\outputs\part_iii_predictions\prediction_0425.tif,1,28439,2.3109585997424915,1489.9646260417032,517.5531840078766,34.5514825987715,35.69529510058949,1201,387,506,266,EPSG:4326
425,Lookalike,A:\SIH26143_DATA\OFFICIAL_DATASET\PART_III_TEST\Images\Lookalike\00125.tif,C:\SlickTrace\outputs\part_iii_predictions\prediction_0425.tif,2,720,0.05850733822618917,1695.7541666666666,519.5722222222222,34.569968987737035,35.69511372730077,1675,502,42,34,EPSG:4326
425,Lookalike,A:\SIH26143_DATA\OFFICIAL_DATASET\PART_III_TEST\Images\Lookalike\00125.tif,C:\SlickTrace\outputs\part_iii_predictions\prediction_0425.tif,3,864,0.070208805871427,965.3055555555555,673.0706018518518,34.504351672574536,35.68132473324989,943,648,48,53,EPSG:4326
425,Lookalike,A:\SIH26143_DATA\OFFICIAL_DATASET\PART_III_TEST\Images\Lookalike\00125.tif,C:\SlickTrace\outputs\part_iii_predictions\prediction_0425.tif,4,518,0.04209277944606388,1088.4208494208494,666.8571428571429,34.51541130759335,35.681882897768105,1078,651,22,34,EPSG:4326
425,Lookalike,A:\SIH26143_DATA\OFFICIAL_DATASET\PART_III_TEST\Images\Lookalike\00125.tif,C:\SlickTrace\outputs\part_iii_predictions\prediction_0425.tif,5,1627,0.13221033235279137,1190.759680393362,697.2956361401352,34.524604561195495,35.67914856139394,1149,663,83,73,EPSG:4326
425,Lookalike,A:\SIH26143_DATA\OFFICIAL_DATASET\PART_III_TEST\Images\Lookalike\00125.tif,C:\SlickTrace\outputs\part_iii_predictions\prediction_0425.tif,6,1154,0.09377426154586431,890.4410745233969,722.815424610052,34.49762648181965,35.67685607979094,867,704,45,35,EPSG:4326
425,Lookalike,A:\SIH26143_DATA\OFFICIAL_DATASET\PART_III_TEST\Images\Lookalike\00125.tif,C:\SlickTrace\outputs\part_iii_predictions\prediction_0425.tif,7,10784,0.8763099103211445,741.3363316023739,815.0783568249258,34.48423217486958,35.668567959574304,587,748,274,128,EPSG:4326
425,Lookalike,A:\SIH26143_DATA\OFFICIAL_DATASET\PART_III_TEST\Images\Lookalike\00125.tif,C:\SlickTrace\outputs\part_iii_predictions\prediction_0425.tif,8,2059,0.16731473528850485,879.3118018455561,802.8936376881982,34.49662672224489,35.66966253151763,845,756,73,91,EPSG:4326
425,Lookalike,A:\SIH26143_DATA\OFFICIAL_DATASET\PART_III_TEST\Images\Lookalike\00125.tif,C:\SlickTrace\outputs\part_iii_predictions\prediction_0425.tif,9,3247,0.263851843361717,473.2830304896828,863.0606713889745,34.46015253713476,35.664257634920276,430,825,81,72,EPSG:4326
425,Lookalike,A:\SIH26143_DATA\OFFICIAL_DATASET\PART_III_TEST\Images\Lookalike\00125.tif,C:\SlickTrace\outputs\part_iii_predictions\prediction_0425.tif,10,1643,0.13351049542448445,537.9440048691418,865.2769324406573,34.46596113129188,35.66405854480264,514,835,47,59,EPSG:4326
425,Lookalike,A:\SIH26143_DATA\OFFICIAL_DATASET\PART_III_TEST\Images\Lookalike\00125.tif,C:\SlickTrace\outputs\part_iii_predictions\prediction_0425.tif,11,1527,0.12408431315470952,376.0897184020956,877.2390307793058,34.45142151335852,35.66298397122586,337,856,78,42,EPSG:4326
425,Lookalike,A:\SIH26143_DATA\OFFICIAL_DATASET\PART_III_TEST\Images\Lookalike\00125.tif,C:\SlickTrace\outputs\part_iii_predictions\prediction_0425.tif,12,2387,0.19396807825821327,1505.7612065354,1211.8709677419354,34.55290162974094,35.63292347287306,1462,1189,89,53,EPSG:4326
425,Lookalike,A:\SIH26143_DATA\OFFICIAL_DATASET\PART_III_TEST\Images\Lookalike\00125.tif,C:\SlickTrace\outputs\part_iii_predictions\prediction_0425.tif,13,526,0.04274286098191042,986.7490494296578,1292.5722433460076,34.506277974403744,35.625673953940755,971,1276,29,31,EPSG:4326
425,Lookalike,A:\SIH26143_DATA\OFFICIAL_DATASET\PART_III_TEST\Images\Lookalike\00125.tif,C:\SlickTrace\outputs\part_iii_predictions\prediction_0425.tif,14,930,0.07557197854216101,1044.1634408602151,1372.0591397849462,34.51143559693879,35.61853352454492,1021,1358,51,30,EPSG:4326
425,Lookalike,A:\SIH26143_DATA\OFFICIAL_DATASET\PART_III_TEST\Images\Lookalike\00125.tif,C:\SlickTrace\outputs\part_iii_predictions\prediction_0425.tif,15,943,0.07662836103791165,1096.8822905620361,1404.33934252386,34.516171411783624,35.615633744595435,1069,1388,52,33,EPSG:4326
425,Lookalike,A:\SIH26143_DATA\OFFICIAL_DATASET\PART_III_TEST\Images\Lookalike\00125.tif,C:\SlickTrace\outputs\part_iii_predictions\prediction_0425.tif,16,918,0.07459685623839118,505.66993464052285,1438.3769063180828,34.46306190223517,35.61257609821638,482,1421,43,35,EPSG:4326
425,Lookalike,A:\SIH26143_DATA\OFFICIAL_DATASET\PART_III_TEST\Images\Lookalike\00125.tif,C:\SlickTrace\outputs\part_iii_predictions\prediction_0425.tif,17,865,0.07029006606340782,1042.2161849710983,1436.2404624277456,34.51126067196606,35.612768018236416,1019,1422,45,29,EPSG:4326
425,Lookalike,A:\SIH26143_DATA\OFFICIAL_DATASET\PART_III_TEST\Images\Lookalike\00125.tif,C:\SlickTrace\outputs\part_iii_predictions\prediction_0425.tif,18,1797,0.14602456498953048,429.2704507512521,1494.8124652198107,34.456198819827506,35.60750640570346,391,1471,87,46,EPSG:4326
425,Lookalike,A:\SIH26143_DATA\OFFICIAL_DATASET\PART_III_TEST\Images\Lookalike\00125.tif,C:\SlickTrace\outputs\part_iii_predictions\prediction_0425.tif,19,8556,0.6952622025878813,300.40848527349226,1601.9280037400654,34.44462295251447,35.597884053161515,206,1558,198,82,EPSG:4326
425,Lookalike,A:\SIH26143_DATA\OFFICIAL_DATASET\PART_III_TEST\Images\Lookalike\00125.tif,C:\SlickTrace\outputs\part_iii_predictions\prediction_0425.tif,20,1325,0.10766975437458423,370.0777358490566,1674.5109433962264,34.45088144777699,35.59136381675557,345,1657,50,38,EPSG:4326
426,Lookalike,A:\SIH26143_DATA\OFFICIAL_DATASET\PART_III_TEST\Images\Lookalike\00126.tif,C:\SlickTrace\outputs\part_iii_predictions\prediction_0426.tif,1,589,0.029405952964652798,1464.4804753820033,714.1629881154499,20.28692674270277,60.07759870214609,1447,703,34,24,EPSG:4326
426,Lookalike,A:\SIH26143_DATA\OFFICIAL_DATASET\PART_III_TEST\Images\Lookalike\00126.tif,C:\SlickTrace\outputs\part_iii_predictions\prediction_0426.tif,2,58360,2.9136356791462434,1387.6350925291295,922.2786326250857,20.280023604509697,60.05890335571335,1250,733,265,398,EPSG:4326
426,Lookalike,A:\SIH26143_DATA\OFFICIAL_DATASET\PART_III_TEST\Images\Lookalike\00126.tif,C:\SlickTrace\outputs\part_iii_predictions\prediction_0426.tif,3,878,0.043834340752063085,1223.104783599089,904.9259681093394,20.26524359538842,60.06046217208882,1190,887,58,37,EPSG:4326
426,Lookalike,A:\SIH26143_DATA\OFFICIAL_DATASET\PART_III_TEST\Images\Lookalike\00126.tif,C:\SlickTrace\outputs\part_iii_predictions\prediction_0426.tif,4,754,0.03764361381213618,1574.9376657824935,940.8090185676392,20.29684928094054,60.057238742822065,1546,926,54,27,EPSG:4326
426,Lookalike,A:\SIH26143_DATA\OFFICIAL_DATASET\PART_III_TEST\Images\Lookalike\00126.tif,C:\SlickTrace\outputs\part_iii_predictions\prediction_0426.tif,5,2498,0.12471319270917265,1154.2101681345075,1038.4967974379504,20.259054686781884,60.04846330033898,1129,996,47,92,EPSG:4326
427,Lookalike,A:\SIH26143_DATA\OFFICIAL_DATASET\PART_III_TEST\Images\Lookalike\00127.tif,C:\SlickTrace\outputs\part_iii_predictions\prediction_0427.tif,1,22428,2.114676937485241,1148.3836276083466,81.44890315676832,37.69766100750409,19.546272961167162,1028,0,218,185,EPSG:4326
427,Lookalike,A:\SIH26143_DATA\OFFICIAL_DATASET\PART_III_TEST\Images\Lookalike\00127.tif,C:\SlickTrace\outputs\part_iii_predictions\prediction_0427.tif,2,39854,3.7577284941384343,977.7608772017866,175.55871430722135,37.68233370505321,19.537818932992955,873,2,224,366,EPSG:4326
427,Lookalike,A:\SIH26143_DATA\OFFICIAL_DATASET\PART_III_TEST\Images\Lookalike\00127.tif,C:\SlickTrace\outputs\part_iii_predictions\prediction_0427.tif,3,2263,0.21337229844520691,1310.8351745470613,45.09014582412726,37.71225427825848,19.54953912390951,1292,10,43,73,EPSG:4326
427,Lookalike,A:\SIH26143_DATA\OFFICIAL_DATASET\PART_III_TEST\Images\Lookalike\00127.tif,C:\SlickTrace\outputs\part_iii_predictions\prediction_0427.tif,4,1213,0.11437056916219,835.5910964550701,200.20774938169828,37.66956237635474,19.535604672498337,821,175,31,52,EPSG:4326
427,Lookalike,A:\SIH26143_DATA\OFFICIAL_DATASET\PART_III_TEST\Images\Lookalike\00127.tif,C:\SlickTrace\outputs\part_iii_predictions\prediction_0427.tif,5,1650,0.15557414601616942,1131.081818181818,207.94545454545454,37.69610675951901,19.534909582617075,1101,186,56,47,EPSG:4326
427,Lookalike,A:\SIH26143_DATA\OFFICIAL_DATASET\PART_III_TEST\Images\Lookalike\00127.tif,C:\SlickTrace\outputs\part_iii_predictions\prediction_0427.tif,6,993,0.09362734969336742,919.1671701913393,293.2175226586103,37.67707014279714,19.527249462407624,906,262,26,62,EPSG:4326
427,Lookalike,A:\SIH26143_DATA\OFFICIAL_DATASET\PART_III_TEST\Images\Lookalike\00127.tif,C:\SlickTrace\outputs\part_iii_predictions\prediction_0427.tif,7,580,0.0546866695087141,873.4310344827586,283.33103448275864,37.672961595822784,19.528137580751086,862,267,23,36,EPSG:4326
427,Lookalike,A:\SIH26143_DATA\OFFICIAL_DATASET\PART_III_TEST\Images\Lookalike\00127.tif,C:\SlickTrace\outputs\part_iii_predictions\prediction_0427.tif,8,1659,0.15642273226716671,774.3122362869199,315.7902350813743,37.6640576026865,19.52522172115028,755,285,42,74,EPSG:4326
427,Lookalike,A:\SIH26143_DATA\OFFICIAL_DATASET\PART_III_TEST\Images\Lookalike\00127.tif,C:\SlickTrace\outputs\part_iii_predictions\prediction_0427.tif,9,786,0.0741098659204298,915.6526717557252,388.85750636132315,37.67675443003107,19.518657976494314,904,366,26,44,EPSG:4326
427,Lookalike,A:\SIH26143_DATA\OFFICIAL_DATASET\PART_III_TEST\Images\Lookalike\00127.tif,C:\SlickTrace\outputs\part_iii_predictions\prediction_0427.tif,10,6106,0.5757186276210488,1700.2476252866034,434.4744513593187,37.74723579389105,19.51456013660366,1658,368,84,129,EPSG:4326
427,Lookalike,A:\SIH26143_DATA\OFFICIAL_DATASET\PART_III_TEST\Images\Lookalike\00127.tif,C:\SlickTrace\outputs\part_iii_predictions\prediction_0427.tif,11,1336,0.12596791459248627,995.2859281437126,411.2567365269461,37.683908007164824,19.516645819413284,981,384,36,67,EPSG:4326
427,Lookalike,A:\SIH26143_DATA\OFFICIAL_DATASET\PART_III_TEST\Images\Lookalike\00127.tif,C:\SlickTrace\outputs\part_iii_predictions\prediction_0427.tif,12,46785,4.411234194767568,1333.0064550603827,577.9521000320616,37.714245958273835,19.501671320130434,1196,400,308,316,EPSG:4326
427,Lookalike,A:\SIH26143_DATA\OFFICIAL_DATASET\PART_III_TEST\Images\Lookalike\00127.tif,C:\SlickTrace\outputs\part_iii_predictions\prediction_0427.tif,13,208641,19.672209332702792,747.5359445171371,900.1300032112576,37.661652247471615,19.47272958666729,461,406,474,980,EPSG:4326
427,Lookalike,A:\SIH26143_DATA\OFFICIAL_DATASET\PART_III_TEST\Images\Lookalike\00127.tif,C:\SlickTrace\outputs\part_iii_predictions\prediction_0427.tif,14,23765,2.2407391394389493,1108.938186408584,738.6594571849358,37.694117563232226,19.487234732610347,1024,624,187,243,EPSG:4326
427,Lookalike,A:\SIH26143_DATA\OFFICIAL_DATASET\PART_III_TEST\Images\Lookalike\00127.tif,C:\SlickTrace\outputs\part_iii_predictions\prediction_0427.tif,15,6867,0.6474713095109306,1611.1010630551914,709.307121013543,37.739227621953134,19.489871497831086,1562,636,96,146,EPSG:4326
427,Lookalike,A:\SIH26143_DATA\OFFICIAL_DATASET\PART_III_TEST\Images\Lookalike\00127.tif,C:\SlickTrace\outputs\part_iii_predictions\prediction_0427.tif,16,722,0.06807547480222687,1003.4002770083102,706.5775623268698,37.6846369315254,19.490116698259797,991,689,28,35,EPSG:4326
427,Lookalike,A:\SIH26143_DATA\OFFICIAL_DATASET\PART_III_TEST\Images\Lookalike\00127.tif,C:\SlickTrace\outputs\part_iii_predictions\prediction_0427.tif,17,3525,0.33236294830727103,931.950354609929,726.658439716312,37.67821847579144,19.488312802352052,900,691,64,83,EPSG:4326
427,Lookalike,A:\SIH26143_DATA\OFFICIAL_DATASET\PART_III_TEST\Images\Lookalike\00127.tif,C:\SlickTrace\outputs\part_iii_predictions\prediction_0427.tif,18,711,0.06703831382878574,1990.1223628691982,747.5175808720113,37.77327568461611,19.486438993820673,1976,729,33,33,EPSG:4326
427,Lookalike,A:\SIH26143_DATA\OFFICIAL_DATASET\PART_III_TEST\Images\Lookalike\00127.tif,C:\SlickTrace\outputs\part_iii_predictions\prediction_0427.tif,19,47296,4.459415036351969,1673.7336772665765,937.5201285520974,37.74485400541618,19.469370774560407,1487,730,357,415,EPSG:4326
427,Lookalike,A:\SIH26143_DATA\OFFICIAL_DATASET\PART_III_TEST\Images\Lookalike\00127.tif,C:\SlickTrace\outputs\part_iii_predictions\prediction_0427.tif,20,1862,0.17556306659521664,998.5725026852847,802.9264232008593,37.684203245179134,19.48146153282674,969,784,60,49,EPSG:4326
427,Lookalike,A:\SIH26143_DATA\OFFICIAL_DATASET\PART_III_TEST\Images\Lookalike\00127.tif,C:\SlickTrace\outputs\part_iii_predictions\prediction_0427.tif,21,2037,0.1920633548090528,1232.4904270986744,820.5473735886108,37.70521644985214,19.479878615921333,1213,793,46,66,EPSG:4326
427,Lookalike,A:\SIH26143_DATA\OFFICIAL_DATASET\PART_III_TEST\Images\Lookalike\00127.tif,C:\SlickTrace\outputs\part_iii_predictions\prediction_0427.tif,22,1257,0.11851921305595453,526.7136038186158,939.9355608591885,37.64181543909916,19.469153792584486,503,920,60,45,EPSG:4326
427,Lookalike,A:\SIH26143_DATA\OFFICIAL_DATASET\PART_III_TEST\Images\Lookalike\00127.tif,C:\SlickTrace\outputs\part_iii_predictions\prediction_0427.tif,23,696,0.06562400341045692,477.77298850574715,939.2816091954023,37.63741902882418,19.469212538061953,464,924,36,29,EPSG:4326
427,Lookalike,A:\SIH26143_DATA\OFFICIAL_DATASET\PART_III_TEST\Images\Lookalike\00127.tif,C:\SlickTrace\outputs\part_iii_predictions\prediction_0427.tif,24,842,0.07938995814885737,432.1888361045131,972.7114014251781,37.633324134742615,19.466209488731458,412,955,38,33,EPSG:4326
427,Lookalike,A:\SIH26143_DATA\OFFICIAL_DATASET\PART_III_TEST\Images\Lookalike\00127.tif,C:\SlickTrace\outputs\part_iii_predictions\prediction_0427.tif,25,1058,0.09975602817279228,570.148393194707,1058.9224952741022,37.645717252615064,19.458465014404943,555,1039,35,45,EPSG:4326
427,Lookalike,A:\SIH26143_DATA\OFFICIAL_DATASET\PART_III_TEST\Images\Lookalike\00127.tif,C:\SlickTrace\outputs\part_iii_predictions\prediction_0427.tif,26,886,0.08353860204262188,636.6106094808126,1093.928893905192,37.651687655085695,19.45532033611171,616,1074,36,43,EPSG:4326
427,Lookalike,A:\SIH26143_DATA\OFFICIAL_DATASET\PART_III_TEST\Images\Lookalike\00127.tif,C:\SlickTrace\outputs\part_iii_predictions\prediction_0427.tif,27,822,0.07750421092441895,521.6082725060827,1113.3929440389295,37.641356819384306,19.453571850739113,506,1098,40,37,EPSG:4326
427,Lookalike,A:\SIH26143_DATA\OFFICIAL_DATASET\PART_III_TEST\Images\Lookalike\00127.tif,C:\SlickTrace\outputs\part_iii_predictions\prediction_0427.tif,28,505586,47.67036981074608,1449.1877880321053,1760.5246407139439,37.72468270498763,19.395439021342977,631,1124,1417,924,EPSG:4326
427,Lookalike,A:\SIH26143_DATA\OFFICIAL_DATASET\PART_III_TEST\Images\Lookalike\00127.tif,C:\SlickTrace\outputs\part_iii_predictions\prediction_0427.tif,29,1480,0.1395452946084429,808.5621621621622,1344.5081081081082,37.667134325875864,19.4328104223116,781,1322,51,45,EPSG:4326
427,Lookalike,A:\SIH26143_DATA\OFFICIAL_DATASET\PART_III_TEST\Images\Lookalike\00127.tif,C:\SlickTrace\outputs\part_iii_predictions\prediction_0427.tif,30,721,0.06798118744100494,1978.626907073509,1359.9930651872398,37.77224303025219,19.431419384949788,1958,1349,42,27,EPSG:4326
427,Lookalike,A:\SIH26143_DATA\OFFICIAL_DATASET\PART_III_TEST\Images\Lookalike\00127.tif,C:\SlickTrace\outputs\part_iii_predictions\prediction_0427.tif,31,889,0.08382146412628765,2035.785151856018,1890.44544431946,37.77737764274235,19.383768036982584,2022,1867,26,53,EPSG:4326
427,Lookalike,A:\SIH26143_DATA\OFFICIAL_DATASET\PART_III_TEST\Images\Lookalike\00127.tif,C:\SlickTrace\outputs\part_iii_predictions\prediction_0427.tif,32,608,0.05732671562292788,640.7763157894736,1985.1282894736842,37.65206186685032,19.375262532287987,629,1968,26,38,EPSG:4326
427,Lookalike,A:\SIH26143_DATA\OFFICIAL_DATASET\PART_III_TEST\Images\Lookalike\00127.tif,C:\SlickTrace\outputs\part_iii_predictions\prediction_0427.tif,33,2571,0.24241280570155854,2024.239595488137,2017.2185919875535,37.776340487767456,19.372379811365967,1994,1985,54,63,EPSG:4326
427,Lookalike,A:\SIH26143_DATA\OFFICIAL_DATASET\PART_III_TEST\Images\Lookalike\00127.tif,C:\SlickTrace\outputs\part_iii_predictions\prediction_0427.tif,34,646,0.06090963534936088,576.4551083591331,2037.314241486068,37.64628379447755,19.37057458845708,554,2029,45,18,EPSG:4326
428,Lookalike,A:\SIH26143_DATA\OFFICIAL_DATASET\PART_III_TEST\Images\Lookalike\00128.tif,C:\SlickTrace\outputs\part_iii_predictions\prediction_0428.tif,1,656,0.061918974085653986,1142.9603658536585,11.34451219512195,37.697173827611685,19.37757872840915,1123,4,44,19,EPSG:4326
428,Lookalike,A:\SIH26143_DATA\OFFICIAL_DATASET\PART_III_TEST\Images\Lookalike\00128.tif,C:\SlickTrace\outputs\part_iii_predictions\prediction_0428.tif,2,10722,1.0120354270524117,1352.3005969035628,77.02247714978549,37.71597918052501,19.371678776434287,1284,4,157,134,EPSG:4326
428,Lookalike,A:\SIH26143_DATA\OFFICIAL_DATASET\PART_III_TEST\Images\Lookalike\00128.tif,C:\SlickTrace\outputs\part_iii_predictions\prediction_0428.tif,3,523,0.049365279644507674,1511.0478011472276,118.34416826003824,37.73023968451334,19.367966785765287,1490,107,38,25,EPSG:4326
428,Lookalike,A:\SIH26143_DATA\OFFICIAL_DATASET\PART_III_TEST\Images\Lookalike\00128.tif,C:\SlickTrace\outputs\part_iii_predictions\prediction_0428.tif,4,346822,32.736070777949216,671.0153738805496,522.7098684627849,37.65477828765637,19.331641996878705,244,142,902,824,EPSG:4326
428,Lookalike,A:\SIH26143_DATA\OFFICIAL_DATASET\PART_III_TEST\Images\Lookalike\00128.tif,C:\SlickTrace\outputs\part_iii_predictions\prediction_0428.tif,5,45555,4.299876317792633,1258.002985402261,282.75785314455055,37.70750828195825,19.35319725316027,1055,154,380,265,EPSG:4326
428,Lookalike,A:\SIH26143_DATA\OFFICIAL_DATASET\PART_III_TEST\Images\Lookalike\00128.tif,C:\SlickTrace\outputs\part_iii_predictions\prediction_0428.tif,6,1876,0.17707316369616902,537.9371002132197,240.05597014925374,37.64282366293441,19.357033228575805,515,200,44,79,EPSG:4326
428,Lookalike,A:\SIH26143_DATA\OFFICIAL_DATASET\PART_III_TEST\Images\Lookalike\00128.tif,C:\SlickTrace\outputs\part_iii_predictions\prediction_0428.tif,7,1765413,166.63500274005588,1284.4320569747701,1310.642323920805,37.70988244585212,19.26086082011953,270,237,1778,1811,EPSG:4326
428,Lookalike,A:\SIH26143_DATA\OFFICIAL_DATASET\PART_III_TEST\Images\Lookalike\00128.tif,C:\SlickTrace\outputs\part_iii_predictions\prediction_0428.tif,8,1727,0.1630092503748848,458.530399536769,300.82570932252463,37.635690437646495,19.351574190024674,437,256,42,82,EPSG:4326
428,Lookalike,A:\SIH26143_DATA\OFFICIAL_DATASET\PART_III_TEST\Images\Lookalike\00128.tif,C:\SlickTrace\outputs\part_iii_predictions\prediction_0428.tif,9,1708,0.16121586545472105,1559.228337236534,310.6908665105386,37.73456781570995,19.35068798787645,1534,290,50,46,EPSG:4326
428,Lookalike,A:\SIH26143_DATA\OFFICIAL_DATASET\PART_III_TEST\Images\Lookalike\00128.tif,C:\SlickTrace\outputs\part_iii_predictions\prediction_0428.tif,10,502,0.047383117364326675,1446.5059760956176,306.2151394422311,37.724441793722455,19.351090049279755,1428,293,35,29,EPSG:4326
428,Lookalike,A:\SIH26143_DATA\OFFICIAL_DATASET\PART_III_TEST\Images\Lookalike\00128.tif,C:\SlickTrace\outputs\part_iii_predictions\prediction_0428.tif,11,537,0.050686721164628336,1156.951582867784,366.0558659217877,37.69843068002041,19.345714465358814,1146,342,24,40,EPSG:4326
428,Lookalike,A:\SIH26143_DATA\OFFICIAL_DATASET\PART_III_TEST\Images\Lookalike\00128.tif,C:\SlickTrace\outputs\part_iii_predictions\prediction_0428.tif,12,1365,0.12884054821176477,1283.3912087912088,426.74505494505496,37.70978894486894,19.34026266275077,1257,398,51,61,EPSG:4326
428,Lookalike,A:\SIH26143_DATA\OFFICIAL_DATASET\PART_III_TEST\Images\Lookalike\00128.tif,C:\SlickTrace\outputs\part_iii_predictions\prediction_0428.tif,13,508,0.047949449444378386,1971.7007874015749,523.6062992125984,37.7716208463361,19.331561469134336,1956,509,32,27,EPSG:4326
428,Lookalike,A:\SIH26143_DATA\OFFICIAL_DATASET\PART_III_TEST\Images\Lookalike\00128.tif,C:\SlickTrace\outputs\part_iii_predictions\prediction_0428.tif,14,1071,0.10109027628923081,852.6339869281046,611.6022408963586,37.67109336525449,19.323656659198832,835,588,37,49,EPSG:4326
428,Lookalike,A:\SIH26143_DATA\OFFICIAL_DATASET\PART_III_TEST\Images\Lookalike\00128.tif,C:\SlickTrace\outputs\part_iii_predictions\prediction_0428.tif,15,2176,0.20538976769875467,962.3285845588235,786.3304227941177,37.680947398618194,19.307960559562318,932,752,59,88,EPSG:4326
428,Lookalike,A:\SIH26143_DATA\OFFICIAL_DATASET\PART_III_TEST\Images\Lookalike\00128.tif,C:\SlickTrace\outputs\part_iii_predictions\prediction_0428.tif,16,503,0.047477506044335295,1887.1610337972168,790.0079522862823,37.76402651105825,19.307630201467255,1878,771,20,36,EPSG:4326
428,Lookalike,A:\SIH26143_DATA\OFFICIAL_DATASET\PART_III_TEST\Images\Lookalike\00128.tif,C:\SlickTrace\outputs\part_iii_predictions\prediction_0428.tif,17,1113,0.10505460084959281,582.0350404312668,900.7035040431267,37.64678504830402,19.297686250864533,562,872,46,58,EPSG:4326
428,Lookalike,A:\SIH26143_DATA\OFFICIAL_DATASET\PART_III_TEST\Images\Lookalike\00128.tif,C:\SlickTrace\outputs\part_iii_predictions\prediction_0428.tif,18,887,0.08372275916764495,1030.9075535512966,908.6234498308906,37.687107952219705,19.296974790029477,1012,891,42,45,EPSG:4326
428,Lookalike,A:\SIH26143_DATA\OFFICIAL_DATASET\PART_III_TEST\Images\Lookalike\00128.tif,C:\SlickTrace\outputs\part_iii_predictions\prediction_0428.tif,19,506,0.047760672084361154,634.0573122529644,952.5079051383399,37.651458288493224,19.293032582335684,622,940,25,26,EPSG:4326
428,Lookalike,A:\SIH26143_DATA\OFFICIAL_DATASET\PART_III_TEST\Images\Lookalike\00128.tif,C:\SlickTrace\outputs\part_iii_predictions\prediction_0428.tif,20,1661,0.15677959749431594,542.5105358217941,1039.7272727272727,37.643234501645225,19.285197533238048,520,1003,58,71,EPSG:4326
428,Lookalike,A:\SIH26143_DATA\OFFICIAL_DATASET\PART_III_TEST\Images\Lookalike\00128.tif,C:\SlickTrace\outputs\part_iii_predictions\prediction_0428.tif,21,804,0.07588849872692957,1966.0348258706467,1037.2649253731342,37.77111186435185,19.28541872966435,1952,1013,30,51,EPSG:4326
428,Lookalike,A:\SIH26143_DATA\OFFICIAL_DATASET\PART_III_TEST\Images\Lookalike\00128.tif,C:\SlickTrace\outputs\part_iii_predictions\prediction_0428.tif,22,711,0.06711035148612803,1855.4416315049227,1043.28129395218,37.76117710867002,19.284878270079403,1839,1032,37,24,EPSG:4326
428,Lookalike,A:\SIH26143_DATA\OFFICIAL_DATASET\PART_III_TEST\Images\Lookalike\00128.tif,C:\SlickTrace\outputs\part_iii_predictions\prediction_0428.tif,23,925,0.08730952900797247,1959.8648648648648,1569.7935135135135,37.77055760732446,19.23758087266864,1926,1555,63,30,EPSG:4326
428,Lookalike,A:\SIH26143_DATA\OFFICIAL_DATASET\PART_III_TEST\Images\Lookalike\00128.tif,C:\SlickTrace\outputs\part_iii_predictions\prediction_0428.tif,24,525,0.049554057004524914,474.2057142857143,1600.8685714285714,37.63709857512873,19.234789352720643,461,1589,28,25,EPSG:4326
428,Lookalike,A:\SIH26143_DATA\OFFICIAL_DATASET\PART_III_TEST\Images\Lookalike\00128.tif,C:\SlickTrace\outputs\part_iii_predictions\prediction_0428.tif,25,624,0.05889853632537818,1953.1474358974358,1610.8125,37.769954170413314,19.233896074418652,1943,1589,21,44,EPSG:4326
428,Lookalike,A:\SIH26143_DATA\OFFICIAL_DATASET\PART_III_TEST\Images\Lookalike\00128.tif,C:\SlickTrace\outputs\part_iii_predictions\prediction_0428.tif,26,614,0.05795464952529199,1912.6482084690554,1600.1775244299674,37.76631606291392,19.23485143052873,1886,1590,47,24,EPSG:4326
428,Lookalike,A:\SIH26143_DATA\OFFICIAL_DATASET\PART_III_TEST\Images\Lookalike\00128.tif,C:\SlickTrace\outputs\part_iii_predictions\prediction_0428.tif,27,506,0.047760672084361154,2002.50790513834,1635.608695652174,37.77438829680836,19.231668594264413,1978,1627,51,19,EPSG:4326
428,Lookalike,A:\SIH26143_DATA\OFFICIAL_DATASET\PART_III_TEST\Images\Lookalike\00128.tif,C:\SlickTrace\outputs\part_iii_predictions\prediction_0428.tif,28,527,0.049742834364542146,1958.92220113852,1675.0759013282732,37.77047292640114,19.22812319485638,1949,1660,22,33,EPSG:4326
428,Lookalike,A:\SIH26143_DATA\OFFICIAL_DATASET\PART_III_TEST\Images\Lookalike\00128.tif,C:\SlickTrace\outputs\part_iii_predictions\prediction_0428.tif,29,514,0.048515781524430104,1219.988326848249,1738.2529182879377,37.704093367078286,19.22244790686239,1208,1724,23,30,EPSG:4326
429,Lookalike,A:\SIH26143_DATA\OFFICIAL_DATASET\PART_III_TEST\Images\Lookalike\00129.tif,C:\SlickTrace\outputs\part_iii_predictions\prediction_0429.tif,1,626596,59.20650359222943,902.864703892141,620.4465413121054,37.675605667332604,19.147870344828267,452,0,880,1374,EPSG:4326
429,Lookalike,A:\SIH26143_DATA\OFFICIAL_DATASET\PART_III_TEST\Images\Lookalike\00129.tif,C:\SlickTrace\outputs\part_iii_predictions\prediction_0429.tif,2,648728,61.29773675921936,1563.5178611066578,1087.2823787473333,37.734953150195366,19.10593376803399,989,0,1015,1988,EPSG:4326
429,Lookalike,A:\SIH26143_DATA\OFFICIAL_DATASET\PART_III_TEST\Images\Lookalike\00129.tif,C:\SlickTrace\outputs\part_iii_predictions\prediction_0429.tif,3,1089,0.1028986498668007,610.43709825528,95.23415977961433,37.64933644856839,19.195050975802214,591,70,40,56,EPSG:4326
429,Lookalike,A:\SIH26143_DATA\OFFICIAL_DATASET\PART_III_TEST\Images\Lookalike\00129.tif,C:\SlickTrace\outputs\part_iii_predictions\prediction_0429.tif,4,548,0.051780036847572805,1172.308394160584,152.38686131386862,37.69981020585037,19.189916861270518,1155,141,31,25,EPSG:4326
429,Lookalike,A:\SIH26143_DATA\OFFICIAL_DATASET\PART_III_TEST\Images\Lookalike\00129.tif,C:\SlickTrace\outputs\part_iii_predictions\prediction_0429.tif,5,6525,0.6165414971357893,1412.287816091954,280.3325670498084,37.721367924109884,19.178423302970515,1341,204,124,152,EPSG:4326
429,Lookalike,A:\SIH26143_DATA\OFFICIAL_DATASET\PART_III_TEST\Images\Lookalike\00129.tif,C:\SlickTrace\outputs\part_iii_predictions\prediction_0429.tif,6,778,0.07351253406461979,1979.530848329049,265.51670951156814,37.77232423267677,19.179754234097906,1961,253,39,29,EPSG:4326
429,Lookalike,A:\SIH26143_DATA\OFFICIAL_DATASET\PART_III_TEST\Images\Lookalike\00129.tif,C:\SlickTrace\outputs\part_iii_predictions\prediction_0429.tif,7,743,0.07020541492289524,2037.6702557200538,360.21265141318975,37.77754698450367,19.171247552902475,2022,305,24,117,EPSG:4326
429,Lookalike,A:\SIH26143_DATA\OFFICIAL_DATASET\PART_III_TEST\Images\Lookalike\00129.tif,C:\SlickTrace\outputs\part_iii_predictions\prediction_0429.tif,8,1020,0.0963789007016866,738.0852941176471,397.77941176470586,37.66080328110174,19.16787287340261,710,379,57,40,EPSG:4326
429,Lookalike,A:\SIH26143_DATA\OFFICIAL_DATASET\PART_III_TEST\Images\Lookalike\00129.tif,C:\SlickTrace\outputs\part_iii_predictions\prediction_0429.tif,9,980,0.09259933596828712,1483.0163265306123,413.0612244897959,37.72772157430489,19.166500084808614,1468,378,35,60,EPSG:4326
429,Lookalike,A:\SIH26143_DATA\OFFICIAL_DATASET\PART_III_TEST\Images\Lookalike\00129.tif,C:\SlickTrace\outputs\part_iii_predictions\prediction_0429.tif,10,722,0.06822114343786052,1409.2202216066482,422.35041551246536,37.72109235740872,19.165665622581336,1392,407,35,33,EPSG:4326
429,Lookalike,A:\SIH26143_DATA\OFFICIAL_DATASET\PART_III_TEST\Images\Lookalike\00129.tif,C:\SlickTrace\outputs\part_iii_predictions\prediction_0429.tif,11,582,0.05499266687096235,1312.269759450172,424.91752577319585,37.71238314921296,19.165435015143014,1299,412,30,26,EPSG:4326
429,Lookalike,A:\SIH26143_DATA\OFFICIAL_DATASET\PART_III_TEST\Images\Lookalike\00129.tif,C:\SlickTrace\outputs\part_iii_predictions\prediction_0429.tif,12,780,0.07370151230128975,671.0282051282052,446.4217948717949,37.65477944030696,19.163503253782505,651,419,45,48,EPSG:4326
429,Lookalike,A:\SIH26143_DATA\OFFICIAL_DATASET\PART_III_TEST\Images\Lookalike\00129.tif,C:\SlickTrace\outputs\part_iii_predictions\prediction_0429.tif,13,984,0.09297729244162707,1364.9552845528456,443.5985772357724,37.71711597045812,19.16375686773779,1336,422,59,45,EPSG:4326
429,Lookalike,A:\SIH26143_DATA\OFFICIAL_DATASET\PART_III_TEST\Images\Lookalike\00129.tif,C:\SlickTrace\outputs\part_iii_predictions\prediction_0429.tif,14,1108,0.10469394311516544,723.4566787003611,456.9196750902527,37.659489170220255,19.162560213157395,702,434,43,42,EPSG:4326
429,Lookalike,A:\SIH26143_DATA\OFFICIAL_DATASET\PART_III_TEST\Images\Lookalike\00129.tif,C:\SlickTrace\outputs\part_iii_predictions\prediction_0429.tif,15,697,0.06585891547948584,1453.6542324246773,468.6728837876614,37.725083932513975,19.161504404456362,1437,452,35,35,EPSG:4326
429,Lookalike,A:\SIH26143_DATA\OFFICIAL_DATASET\PART_III_TEST\Images\Lookalike\00129.tif,C:\SlickTrace\outputs\part_iii_predictions\prediction_0429.tif,16,555,0.05244146067591771,1439.136936936937,518.6414414414414,37.723779821671904,19.15701565254978,1423,505,34,27,EPSG:4326
429,Lookalike,A:\SIH26143_DATA\OFFICIAL_DATASET\PART_III_TEST\Images\Lookalike\00129.tif,C:\SlickTrace\outputs\part_iii_predictions\prediction_0429.tif,17,514,0.04856740682418325,635.9435797665369,547.8346303501945,37.65162773478696,19.15439318377089,625,534,23,29,EPSG:4326
429,Lookalike,A:\SIH26143_DATA\OFFICIAL_DATASET\PART_III_TEST\Images\Lookalike\00129.tif,C:\SlickTrace\outputs\part_iii_predictions\prediction_0429.tif,18,671,0.06340219840277618,666.177347242921,556.7138599105813,37.65434368032902,19.153595549008358,648,543,37,28,EPSG:4326
429,Lookalike,A:\SIH26143_DATA\OFFICIAL_DATASET\PART_III_TEST\Images\Lookalike\00129.tif,C:\SlickTrace\outputs\part_iii_predictions\prediction_0429.tif,19,845,0.0798433049930639,1609.3349112426035,608.7431952662722,37.7390689658364,19.1489216742911,1586,593,41,33,EPSG:4326
429,Lookalike,A:\SIH26143_DATA\OFFICIAL_DATASET\PART_III_TEST\Images\Lookalike\00129.tif,C:\SlickTrace\outputs\part_iii_predictions\prediction_0429.tif,20,795,0.07511884907631455,634.285534591195,626.7559748427673,37.65147879005468,19.147303558770794,617,612,38,31,EPSG:4326
429,Lookalike,A:\SIH26143_DATA\OFFICIAL_DATASET\PART_III_TEST\Images\Lookalike\00129.tif,C:\SlickTrace\outputs\part_iii_predictions\prediction_0429.tif,21,1358,0.12831622269891216,1592.3343151693666,715.6936671575846,37.73754177630723,19.139314149936723,1564,686,54,52,EPSG:4326
429,Lookalike,A:\SIH26143_DATA\OFFICIAL_DATASET\PART_III_TEST\Images\Lookalike\00129.tif,C:\SlickTrace\outputs\part_iii_predictions\prediction_0429.tif,22,516,0.048756385060853225,1199.9282945736434,772.1763565891473,37.70229134371906,19.134240223616267,1187,755,27,31,EPSG:4326
429,Lookalike,A:\SIH26143_DATA\OFFICIAL_DATASET\PART_III_TEST\Images\Lookalike\00129.tif,C:\SlickTrace\outputs\part_iii_predictions\prediction_0429.tif,23,518,0.0489453632975232,500.2200772200772,777.8146718146718,37.63943548511179,19.13373372514189,489,762,23,36,EPSG:4326
429,Lookalike,A:\SIH26143_DATA\OFFICIAL_DATASET\PART_III_TEST\Images\Lookalike\00129.tif,C:\SlickTrace\outputs\part_iii_predictions\prediction_0429.tif,24,687,0.06491402429613598,611.9112081513829,789.4512372634643,37.64946887011341,19.13268839468216,601,766,22,47,EPSG:4326
429,Lookalike,A:\SIH26143_DATA\OFFICIAL_DATASET\PART_III_TEST\Images\Lookalike\00129.tif,C:\SlickTrace\outputs\part_iii_predictions\prediction_0429.tif,25,820,0.07748107703468923,523.7646341463415,828.1146341463415,37.641550528646256,19.129215202646574,511,805,26,51,EPSG:4326
429,Lookalike,A:\SIH26143_DATA\OFFICIAL_DATASET\PART_III_TEST\Images\Lookalike\00129.tif,C:\SlickTrace\outputs\part_iii_predictions\prediction_0429.tif,26,523,0.04941780888919813,1452.831739961759,816.8202676864245,37.725010046758925,19.130229792848112,1440,804,27,27,EPSG:4326
429,Lookalike,A:\SIH26143_DATA\OFFICIAL_DATASET\PART_III_TEST\Images\Lookalike\00129.tif,C:\SlickTrace\outputs\part_iii_predictions\prediction_0429.tif,27,875,0.08267797854311351,1559.0262857142857,840.4251428571429,37.73454966511289,19.128109330833553,1536,813,45,59,EPSG:4326
429,Lookalike,A:\SIH26143_DATA\OFFICIAL_DATASET\PART_III_TEST\Images\Lookalike\00129.tif,C:\SlickTrace\outputs\part_iii_predictions\prediction_0429.tif,28,698,0.06595340459782083,1402.259312320917,877.0343839541547,37.72046704828845,19.12482066675181,1382,865,39,25,EPSG:4326
429,Lookalike,A:\SIH26143_DATA\OFFICIAL_DATASET\PART_III_TEST\Images\Lookalike\00129.tif,C:\SlickTrace\outputs\part_iii_predictions\prediction_0429.tif,29,930,0.08787488005153779,1354.2602150537634,938.7860215053763,37.71615521601854,19.11927342276864,1336,920,34,43,EPSG:4326
429,Lookalike,A:\SIH26143_DATA\OFFICIAL_DATASET\PART_III_TEST\Images\Lookalike\00129.tif,C:\SlickTrace\outputs\part_iii_predictions\prediction_0429.tif,30,1037,0.09798521571338138,1222.062680810029,955.0,37.70427970946514,19.11781689629883,1198,933,47,42,EPSG:4326
429,Lookalike,A:\SIH26143_DATA\OFFICIAL_DATASET\PART_III_TEST\Images\Lookalike\00129.tif,C:\SlickTrace\outputs\part_iii_predictions\prediction_0429.tif,31,520,0.04913434153419317,1313.0788461538461,964.5730769230769,37.712455830708166,19.116956932167223,1300,953,26,26,EPSG:4326
429,Lookalike,A:\SIH26143_DATA\OFFICIAL_DATASET\PART_III_TEST\Images\Lookalike\00129.tif,C:\SlickTrace\outputs\part_iii_predictions\prediction_0429.tif,32,1134,0.10715066019187511,1320.3703703703704,1016.8880070546737,37.71311083947299,19.11225740203474,1292,1002,57,31,EPSG:4326
429,Lookalike,A:\SIH26143_DATA\OFFICIAL_DATASET\PART_III_TEST\Images\Lookalike\00129.tif,C:\SlickTrace\outputs\part_iii_predictions\prediction_0429.tif,33,675,0.06378015487611613,1268.72,1031.9229629629629,37.70847100775958,19.11090678896589,1252,1017,33,31,EPSG:4326
429,Lookalike,A:\SIH26143_DATA\OFFICIAL_DATASET\PART_III_TEST\Images\Lookalike\00129.tif,C:\SlickTrace\outputs\part_iii_predictions\prediction_0429.tif,34,500,0.047244559167493434,1769.458,1029.134,37.75345306763352,19.11115732577154,1755,1018,29,23,EPSG:4326
429,Lookalike,A:\SIH26143_DATA\OFFICIAL_DATASET\PART_III_TEST\Images\Lookalike\00129.tif,C:\SlickTrace\outputs\part_iii_predictions\prediction_0429.tif,35,511,0.04828393946917829,1196.491193737769,1069.6438356164383,37.70198258369767,19.107518265322398,1185,1057,24,27,EPSG:4326
429,Lookalike,A:\SIH26143_DATA\OFFICIAL_DATASET\PART_III_TEST\Images\Lookalike\00129.tif,C:\SlickTrace\outputs\part_iii_predictions\prediction_0429.tif,36,631,0.059622633669376715,957.405705229794,1106.3851030110934,37.68050516884388,19.104217741116543,941,1096,36,22,EPSG:4326
429,Lookalike,A:\SIH26143_DATA\OFFICIAL_DATASET\PART_III_TEST\Images\Lookalike\00129.tif,C:\SlickTrace\outputs\part_iii_predictions\prediction_0429.tif,37,1721,0.1626157726545124,1102.1487507263219,1186.744915746659,37.69350765784783,19.096998896315608,1069,1161,62,50,EPSG:4326
429,Lookalike,A:\SIH26143_DATA\OFFICIAL_DATASET\PART_III_TEST\Images\Lookalike\00129.tif,C:\SlickTrace\outputs\part_iii_predictions\prediction_0429.tif,38,607,0.057354894829337026,1155.3064250411862,1216.3509060955519,37.69828289297836,19.094339344952417,1144,1201,26,35,EPSG:4326
429,Lookalike,A:\SIH26143_DATA\OFFICIAL_DATASET\PART_III_TEST\Images\Lookalike\00129.tif,C:\SlickTrace\outputs\part_iii_predictions\prediction_0429.tif,39,830,0.0784259682180391,722.1289156626506,1245.7060240963856,37.659369895237205,19.09170232983569,710,1221,24,50,EPSG:4326
429,Lookalike,A:\SIH26143_DATA\OFFICIAL_DATASET\PART_III_TEST\Images\Lookalike\00129.tif,C:\SlickTrace\outputs\part_iii_predictions\prediction_0429.tif,40,666,0.06292975281110125,1590.8078078078079,1248.8933933933934,37.737404647817804,19.091416003580125,1573,1233,37,34,EPSG:4326
429,Lookalike,A:\SIH26143_DATA\OFFICIAL_DATASET\PART_III_TEST\Images\Lookalike\00129.tif,C:\SlickTrace\outputs\part_iii_predictions\prediction_0429.tif,41,534,0.05045718919088299,1894.685393258427,1305.4868913857679,37.76470243576897,19.08633212315729,1881,1294,31,25,EPSG:4326
429,Lookalike,A:\SIH26143_DATA\OFFICIAL_DATASET\PART_III_TEST\Images\Lookalike\00129.tif,C:\SlickTrace\outputs\part_iii_predictions\prediction_0429.tif,42,1349,0.12746582063389728,1790.9970348406227,1428.126019273536,37.75538795205377,19.075315262856027,1769,1405,41,47,EPSG:4326
429,Lookalike,A:\SIH26143_DATA\OFFICIAL_DATASET\PART_III_TEST\Images\Lookalike\00129.tif,C:\SlickTrace\outputs\part_iii_predictions\prediction_0429.tif,43,547,0.051685547729237814,1842.8098720292505,1424.6636197440585,37.760042378409786,19.07562629549773,1827,1406,31,31,EPSG:4326
429,Lookalike,A:\SIH26143_DATA\OFFICIAL_DATASET\PART_III_TEST\Images\Lookalike\00129.tif,C:\SlickTrace\outputs\part_iii_predictions\prediction_0429.tif,44,655,0.0618903725094164,1221.2,1596.975572519084,37.70420221352944,19.060147249416303,1208,1577,28,44,EPSG:4326
429,Lookalike,A:\SIH26143_DATA\OFFICIAL_DATASET\PART_III_TEST\Images\Lookalike\00129.tif,C:\SlickTrace\outputs\part_iii_predictions\prediction_0429.tif,45,772,0.07294559935460986,889.2512953367876,1632.4119170984457,37.67438275403518,19.056963948421405,867,1614,41,34,EPSG:4326
429,Lookalike,A:\SIH26143_DATA\OFFICIAL_DATASET\PART_III_TEST\Images\Lookalike\00129.tif,C:\SlickTrace\outputs\part_iii_predictions\prediction_0429.tif,46,5785,0.546619549567899,1011.6416594641314,1689.3825410544512,37.68537726750763,19.051846190196855,966,1633,102,123,EPSG:4326
429,Lookalike,A:\SIH26143_DATA\OFFICIAL_DATASET\PART_III_TEST\Images\Lookalike\00129.tif,C:\SlickTrace\outputs\part_iii_predictions\prediction_0429.tif,47,2217,0.20948237534866587,1742.7979251240415,1659.188543076229,37.75105815235984,19.054558563184106,1708,1636,74,54,EPSG:4326
429,Lookalike,A:\SIH26143_DATA\OFFICIAL_DATASET\PART_III_TEST\Images\Lookalike\00129.tif,C:\SlickTrace\outputs\part_iii_predictions\prediction_0429.tif,48,10033,0.9480093242549232,888.9230539220572,1728.4306787600917,37.6743532676072,19.04833843630512,813,1640,146,174,EPSG:4326
430,Lookalike,A:\SIH26143_DATA\OFFICIAL_DATASET\PART_III_TEST\Images\Lookalike\00130.tif,C:\SlickTrace\outputs\part_iii_predictions\prediction_0430.tif,1,123408,8.64446274774891,1980.948617593673,488.562751199274,-124.84872772167714,45.583222008559986,1861,0,187,1034,EPSG:4326
430,Lookalike,A:\SIH26143_DATA\OFFICIAL_DATASET\PART_III_TEST\Images\Lookalike\00130.tif,C:\SlickTrace\outputs\part_iii_predictions\prediction_0430.tif,2,3663,0.25658520553776304,1887.6467376467376,693.3931203931204,-124.85710917215648,45.56482178343011,1848,656,90,91,EPSG:4326
430,Lookalike,A:\SIH26143_DATA\OFFICIAL_DATASET\PART_III_TEST\Images\Lookalike\00130.tif,C:\SlickTrace\outputs\part_iii_predictions\prediction_0430.tif,3,821,0.05750926938206482,1837.7795371498173,688.3922046285019,-124.86158881899475,45.56527102333671,1820,665,38,46,EPSG:4326
430,Lookalike,A:\SIH26143_DATA\OFFICIAL_DATASET\PART_III_TEST\Images\Lookalike\00130.tif,C:\SlickTrace\outputs\part_iii_predictions\prediction_0430.tif,4,608,0.042589081345061404,1914.6365131578948,722.5131578947369,-124.85468463937082,45.56220588595393,1902,705,27,38,EPSG:4326
430,Lookalike,A:\SIH26143_DATA\OFFICIAL_DATASET\PART_III_TEST\Images\Lookalike\00130.tif,C:\SlickTrace\outputs\part_iii_predictions\prediction_0430.tif,5,448851,31.44103906383578,1775.9518414796892,1586.15697636855,-124.86714289539498,45.48462344173689,1389,794,659,1254,EPSG:4326
431,Lookalike,A:\SIH26143_DATA\OFFICIAL_DATASET\PART_III_TEST\Images\Lookalike\00131.tif,C:\SlickTrace\outputs\part_iii_predictions\prediction_0431.tif,1,1270,0.08705933510366215,959.7401574803149,520.511811023622,-125.55823972499907,46.770263158656995,939,500,38,43,EPSG:4326
431,Lookalike,A:\SIH26143_DATA\OFFICIAL_DATASET\PART_III_TEST\Images\Lookalike\00131.tif,C:\SlickTrace\outputs\part_iii_predictions\prediction_0431.tif,2,1251,0.08575687260998531,932.7218225419664,569.4868105515587,-125.56066682332172,46.765863659595425,904,547,59,45,EPSG:4326
431,Lookalike,A:\SIH26143_DATA\OFFICIAL_DATASET\PART_III_TEST\Images\Lookalike\00131.tif,C:\SlickTrace\outputs\part_iii_predictions\prediction_0431.tif,3,541,0.03708590574100883,794.0628465804067,597.0961182994455,-125.57312277106038,46.76338347328204,782,583,26,28,EPSG:4326
431,Lookalike,A:\SIH26143_DATA\OFFICIAL_DATASET\PART_III_TEST\Images\Lookalike\00131.tif,C:\SlickTrace\outputs\part_iii_predictions\prediction_0431.tif,4,736,0.05045328396558688,1001.210597826087,612.2214673913044,-125.55451437195889,46.76202474005535,979,591,35,48,EPSG:4326
431,Lookalike,A:\SIH26143_DATA\OFFICIAL_DATASET\PART_III_TEST\Images\Lookalike\00131.tif,C:\SlickTrace\outputs\part_iii_predictions\prediction_0431.tif,5,294788,20.207911241368784,673.0113030381156,1162.7700618749745,-125.58399701623341,46.71256811834783,270,600,823,1144,EPSG:4326
431,Lookalike,A:\SIH26143_DATA\OFFICIAL_DATASET\PART_III_TEST\Images\Lookalike\00131.tif,C:\SlickTrace\outputs\part_iii_predictions\prediction_0431.tif,6,808,0.05538893131004646,506.5730198019802,630.6670792079208,-125.59894842160278,46.76036774255337,486,616,43,33,EPSG:4326
431,Lookalike,A:\SIH26143_DATA\OFFICIAL_DATASET\PART_III_TEST\Images\Lookalike\00131.tif,C:\SlickTrace\outputs\part_iii_predictions\prediction_0431.tif,7,1985,0.1360730552604483,453.9566750629723,676.9667506297229,-125.60367502827013,46.75620857230458,419,643,60,70,EPSG:4326
431,Lookalike,A:\SIH26143_DATA\OFFICIAL_DATASET\PART_III_TEST\Images\Lookalike\00131.tif,C:\SlickTrace\outputs\part_iii_predictions\prediction_0431.tif,8,747,0.05120734119876821,981.0414993306559,673.9665327978581,-125.55632619290343,46.75647808645799,960,658,45,34,EPSG:4326
431,Lookalike,A:\SIH26143_DATA\OFFICIAL_DATASET\PART_III_TEST\Images\Lookalike\00131.tif,C:\SlickTrace\outputs\part_iii_predictions\prediction_0431.tif,9,20618,1.4133774576120521,340.7086526336211,830.2730138713745,-125.6138482712146,46.74243683636246,246,710,215,285,EPSG:4326
431,Lookalike,A:\SIH26143_DATA\OFFICIAL_DATASET\PART_III_TEST\Images\Lookalike\00131.tif,C:\SlickTrace\outputs\part_iii_predictions\prediction_0431.tif,10,10038,0.6881115006067406,509.80872683801556,870.5734210001992,-125.59865775309424,46.73881658919445,425,812,174,130,EPSG:4326
431,Lookalike,A:\SIH26143_DATA\OFFICIAL_DATASET\PART_III_TEST\Images\Lookalike\00131.tif,C:\SlickTrace\outputs\part_iii_predictions\prediction_0431.tif,11,1046,0.07170398780978787,1160.0946462715106,854.7189292543021,-125.54024157504676,46.74024082242018,1142,836,43,41,EPSG:4326
431,Lookalike,A:\SIH26143_DATA\OFFICIAL_DATASET\PART_III_TEST\Images\Lookalike\00131.tif,C:\SlickTrace\outputs\part_iii_predictions\prediction_0431.tif,12,279058,19.129609397919488,1302.8661102709832,1240.6940851005884,-125.52741619622208,46.70556808424147,861,857,898,866,EPSG:4326
431,Lookalike,A:\SIH26143_DATA\OFFICIAL_DATASET\PART_III_TEST\Images\Lookalike\00131.tif,C:\SlickTrace\outputs\part_iii_predictions\prediction_0431.tif,13,575,0.03941662809811475,1316.8834782608697,889.8260869565217,-125.52615699463122,46.73708709278559,1306,870,23,38,EPSG:4326
431,Lookalike,A:\SIH26143_DATA\OFFICIAL_DATASET\PART_III_TEST\Images\Lookalike\00131.tif,C:\SlickTrace\outputs\part_iii_predictions\prediction_0431.tif,14,3301,0.22628572061195965,452.91699485004546,959.0802787034232,-125.60376842433273,46.73086588289203,416,904,66,115,EPSG:4326
431,Lookalike,A:\SIH26143_DATA\OFFICIAL_DATASET\PART_III_TEST\Images\Lookalike\00131.tif,C:\SlickTrace\outputs\part_iii_predictions\prediction_0431.tif,15,965,0.06615138454727085,1266.8435233160621,927.9616580310881,-125.53065216026559,46.733661316149096,1245,909,39,44,EPSG:4326
431,Lookalike,A:\SIH26143_DATA\OFFICIAL_DATASET\PART_III_TEST\Images\Lookalike\00131.tif,C:\SlickTrace\outputs\part_iii_predictions\prediction_0431.tif,16,576,0.03948517875567669,1144.092013888889,933.8784722222222,-125.5416791159723,46.73312979968698,1128,923,34,24,EPSG:4326
431,Lookalike,A:\SIH26143_DATA\OFFICIAL_DATASET\PART_III_TEST\Images\Lookalike\00131.tif,C:\SlickTrace\outputs\part_iii_predictions\prediction_0431.tif,17,632,0.04332401557914525,1101.1582278481012,940.5142405063291,-125.54553592359287,46.732533698479834,1084,927,34,29,EPSG:4326
431,Lookalike,A:\SIH26143_DATA\OFFICIAL_DATASET\PART_III_TEST\Images\Lookalike\00131.tif,C:\SlickTrace\outputs\part_iii_predictions\prediction_0431.tif,18,1410,0.09665642716233357,1070.4886524822696,981.6368794326241,-125.54829101842371,46.72883958897275,1046,956,46,52,EPSG:4326
431,Lookalike,A:\SIH26143_DATA\OFFICIAL_DATASET\PART_III_TEST\Images\Lookalike\00131.tif,C:\SlickTrace\outputs\part_iii_predictions\prediction_0431.tif,19,1280,0.08774484167928154,212.2953125,990.546875,-125.62538383782729,46.72803919045279,183,964,53,53,EPSG:4326
431,Lookalike,A:\SIH26143_DATA\OFFICIAL_DATASET\PART_III_TEST\Images\Lookalike\00131.tif,C:\SlickTrace\outputs\part_iii_predictions\prediction_0431.tif,20,696,0.04771125766310933,416.87068965517244,977.014367816092,-125.60700651902198,46.729254836256366,401,964,32,28,EPSG:4326
431,Lookalike,A:\SIH26143_DATA\OFFICIAL_DATASET\PART_III_TEST\Images\Lookalike\00131.tif,C:\SlickTrace\outputs\part_iii_predictions\prediction_0431.tif,21,752,0.0515500944865779,494.5186170212766,1001.7659574468086,-125.60003128702867,46.727031363129214,477,977,35,47,EPSG:4326
431,Lookalike,A:\SIH26143_DATA\OFFICIAL_DATASET\PART_III_TEST\Images\Lookalike\00131.tif,C:\SlickTrace\outputs\part_iii_predictions\prediction_0431.tif,22,1948,0.13353668093065657,243.2941478439425,1018.1386036960986,-125.62259916506935,46.72556058329249,198,993,89,51,EPSG:4326
431,Lookalike,A:\SIH26143_DATA\OFFICIAL_DATASET\PART_III_TEST\Images\Lookalike\00131.tif,C:\SlickTrace\outputs\part_iii_predictions\prediction_0431.tif,23,1038,0.07115558254929237,472.7090558766859,1055.776493256262,-125.60199047324028,46.7221795141471,452,1032,43,44,EPSG:4326
431,Lookalike,A:\SIH26143_DATA\OFFICIAL_DATASET\PART_III_TEST\Images\Lookalike\00131.tif,C:\SlickTrace\outputs\part_iii_predictions\prediction_0431.tif,24,759,0.052029949089511474,269.1159420289855,1048.965744400527,-125.62027955383137,46.72279133412644,250,1036,39,30,EPSG:4326
431,Lookalike,A:\SIH26143_DATA\OFFICIAL_DATASET\PART_III_TEST\Images\Lookalike\00131.tif,C:\SlickTrace\outputs\part_iii_predictions\prediction_0431.tif,25,661,0.04531198464844148,418.8668683812405,1059.3509833585476,-125.60682719923604,46.72185841223792,403,1045,33,28,EPSG:4326
431,Lookalike,A:\SIH26143_DATA\OFFICIAL_DATASET\PART_III_TEST\Images\Lookalike\00131.tif,C:\SlickTrace\outputs\part_iii_predictions\prediction_0431.tif,26,34877,2.390841283787736,1880.8625741892938,1343.6158499870976,-125.47549389045159,46.696322464794854,1756,1190,246,322,EPSG:4326
431,Lookalike,A:\SIH26143_DATA\OFFICIAL_DATASET\PART_III_TEST\Images\Lookalike\00131.tif,C:\SlickTrace\outputs\part_iii_predictions\prediction_0431.tif,27,7931,0.5436752651237358,1666.3375362501577,1351.4952717185727,-125.49476500249229,46.69561464429771,1620,1288,110,124,EPSG:4326
431,Lookalike,A:\SIH26143_DATA\OFFICIAL_DATASET\PART_III_TEST\Images\Lookalike\00131.tif,C:\SlickTrace\outputs\part_iii_predictions\prediction_0431.tif,28,1135,0.07780499633280041,1780.5665198237884,1316.4625550660794,-125.48450363830892,46.69876168677903,1763,1291,34,52,EPSG:4326
431,Lookalike,A:\SIH26143_DATA\OFFICIAL_DATASET\PART_III_TEST\Images\Lookalike\00131.tif,C:\SlickTrace\outputs\part_iii_predictions\prediction_0431.tif,29,769,0.052715455665130855,1441.9583875162548,1333.777633289987,-125.51492132436682,46.6972062468376,1423,1317,36,34,EPSG:4326
431,Lookalike,A:\SIH26143_DATA\OFFICIAL_DATASET\PART_III_TEST\Images\Lookalike\00131.tif,C:\SlickTrace\outputs\part_iii_predictions\prediction_0431.tif,30,518,0.03550924061708424,1418.2104247104246,1372.0579150579151,-125.51705464016234,46.693767470618354,1398,1357,42,31,EPSG:4326
431,Lookalike,A:\SIH26143_DATA\OFFICIAL_DATASET\PART_III_TEST\Images\Lookalike\00131.tif,C:\SlickTrace\outputs\part_iii_predictions\prediction_0431.tif,31,843,0.05778820432471432,268.51245551601426,1410.0272835112694,-125.6203337659472,46.69035662421735,248,1383,38,45,EPSG:4326
431,Lookalike,A:\SIH26143_DATA\OFFICIAL_DATASET\PART_III_TEST\Images\Lookalike\00131.tif,C:\SlickTrace\outputs\part_iii_predictions\prediction_0431.tif,32,761,0.052167050404635346,1655.5124835742445,1469.1287779237846,-125.49573743351931,46.68504744664285,1625,1455,67,37,EPSG:4326
431,Lookalike,A:\SIH26143_DATA\OFFICIAL_DATASET\PART_III_TEST\Images\Lookalike\00131.tif,C:\SlickTrace\outputs\part_iii_predictions\prediction_0431.tif,33,4743,0.32513576881627526,772.4484503478811,1512.2264389626819,-125.57506442530966,46.68117591788074,723,1463,101,100,EPSG:4326
431,Lookalike,A:\SIH26143_DATA\OFFICIAL_DATASET\PART_III_TEST\Images\Lookalike\00131.tif,C:\SlickTrace\outputs\part_iii_predictions\prediction_0431.tif,34,1188,0.08143818118358317,540.2188552188552,1515.8417508417508,-125.59592596478258,46.680851148888955,520,1497,51,40,EPSG:4326
431,Lookalike,A:\SIH26143_DATA\OFFICIAL_DATASET\PART_III_TEST\Images\Lookalike\00131.tif,C:\SlickTrace\outputs\part_iii_predictions\prediction_0431.tif,35,2458,0.16849751628724532,564.3319772172498,1563.36574450773,-125.59375984617868,46.6765819959017,535,1535,63,65,EPSG:4326
431,Lookalike,A:\SIH26143_DATA\OFFICIAL_DATASET\PART_III_TEST\Images\Lookalike\00131.tif,C:\SlickTrace\outputs\part_iii_predictions\prediction_0431.tif,36,7247,0.49678661535136975,568.557058093004,1661.9076859390093,-125.59338030070595,46.66772982269025,500,1590,142,147,EPSG:4326
431,Lookalike,A:\SIH26143_DATA\OFFICIAL_DATASET\PART_III_TEST\Images\Lookalike\00131.tif,C:\SlickTrace\outputs\part_iii_predictions\prediction_0431.tif,37,1223,0.08383745419825102,1215.2248569092396,1677.892886345053,-125.5352891439635,46.6662938477058,1191,1654,50,47,EPSG:4326
431,Lookalike,A:\SIH26143_DATA\OFFICIAL_DATASET\PART_III_TEST\Images\Lookalike\00131.tif,C:\SlickTrace\outputs\part_iii_predictions\prediction_0431.tif,38,8637,0.5920720293624645,1289.9920111149704,1728.801551464629,-125.52857269622618,46.6617206445087,1223,1662,140,123,EPSG:4326
431,Lookalike,A:\SIH26143_DATA\OFFICIAL_DATASET\PART_III_TEST\Images\Lookalike\00131.tif,C:\SlickTrace\outputs\part_iii_predictions\prediction_0431.tif,39,13333,0.9139859172733287,810.6809420235506,1771.3846096152404,-125.57162994214744,46.65789534331058,713,1708,183,131,EPSG:4326
431,Lookalike,A:\SIH26143_DATA\OFFICIAL_DATASET\PART_III_TEST\Images\Lookalike\00131.tif,C:\SlickTrace\outputs\part_iii_predictions\prediction_0431.tif,40,1102,0.07554282463325644,1830.0317604355716,1729.1270417422868,-125.48006010014151,46.66169140521958,1801,1710,54,38,EPSG:4326
431,Lookalike,A:\SIH26143_DATA\OFFICIAL_DATASET\PART_III_TEST\Images\Lookalike\00131.tif,C:\SlickTrace\outputs\part_iii_predictions\prediction_0431.tif,41,974,0.06676834046532829,1009.8377823408624,1759.8069815195072,-125.55373937878804,46.6589353793378,992,1734,33,51,EPSG:4326
431,Lookalike,A:\SIH26143_DATA\OFFICIAL_DATASET\PART_III_TEST\Images\Lookalike\00131.tif,C:\SlickTrace\outputs\part_iii_predictions\prediction_0431.tif,42,550,0.037702861659066285,1593.4327272727273,1744.3527272727272,-125.50131415291132,46.66032365861726,1576,1734,37,23,EPSG:4326
431,Lookalike,A:\SIH26143_DATA\OFFICIAL_DATASET\PART_III_TEST\Images\Lookalike\00131.tif,C:\SlickTrace\outputs\part_iii_predictions\prediction_0431.tif,43,1008,0.0690990628224342,1830.0347222222222,1808.9632936507937,-125.48005983407968,46.654519592687954,1799,1791,61,44,EPSG:4326
431,Lookalike,A:\SIH26143_DATA\OFFICIAL_DATASET\PART_III_TEST\Images\Lookalike\00131.tif,C:\SlickTrace\outputs\part_iii_predictions\prediction_0431.tif,44,593,0.040650539934229644,707.5598650927487,1818.8246205733558,-125.58089346609961,46.65363373461833,693,1798,25,47,EPSG:4326
431,Lookalike,A:\SIH26143_DATA\OFFICIAL_DATASET\PART_III_TEST\Images\Lookalike\00131.tif,C:\SlickTrace\outputs\part_iii_predictions\prediction_0431.tif,45,540,0.0370173550834469,468.88703703703703,1837.712962962963,-125.60233381103426,46.6519369659523,459,1821,21,36,EPSG:4326
431,Lookalike,A:\SIH26143_DATA\OFFICIAL_DATASET\PART_III_TEST\Images\Lookalike\00131.tif,C:\SlickTrace\outputs\part_iii_predictions\prediction_0431.tif,46,1027,0.07040152531611105,503.90652385589095,1878.0506329113923,-125.59918795700912,46.64831337140826,483,1860,38,49,EPSG:4326
431,Lookalike,A:\SIH26143_DATA\OFFICIAL_DATASET\PART_III_TEST\Images\Lookalike\00131.tif,C:\SlickTrace\outputs\part_iii_predictions\prediction_0431.tif,47,529,0.03626329785026557,547.5009451795842,1916.0812854442345,-125.59527180351138,46.64489701976473,532,1905,38,26,EPSG:4326
431,Lookalike,A:\SIH26143_DATA\OFFICIAL_DATASET\PART_III_TEST\Images\Lookalike\00131.tif,C:\SlickTrace\outputs\part_iii_predictions\prediction_0431.tif,48,1591,0.10906409618104447,1906.6995600251414,1976.3909490886235,-125.4731729145244,46.63947931050154,1885,1950,42,57,EPSG:4326
433,Lookalike,A:\SIH26143_DATA\OFFICIAL_DATASET\PART_III_TEST\Images\Lookalike\00133.tif,C:\SlickTrace\outputs\part_iii_predictions\prediction_0433.tif,1,12148,1.057999881022334,1777.5565525189331,944.3123971024037,-89.48796109014205,29.44176006961496,1714,815,115,252,EPSG:4326
433,Lookalike,A:\SIH26143_DATA\OFFICIAL_DATASET\PART_III_TEST\Images\Lookalike\00133.tif,C:\SlickTrace\outputs\part_iii_predictions\prediction_0433.tif,2,10066,0.8766732632837352,1558.653685674548,1530.4996026226902,-89.50762546924443,29.38910197700754,1499,1460,147,178,EPSG:4326
434,Lookalike,A:\SIH26143_DATA\OFFICIAL_DATASET\PART_III_TEST\Images\Lookalike\00134.tif,C:\SlickTrace\outputs\part_iii_predictions\prediction_0434.tif,1,22052,1.9238437909823773,1545.5062579357882,307.76129149283514,-89.50999424481535,29.32508046031488,1388,228,413,189,EPSG:4326
434,Lookalike,A:\SIH26143_DATA\OFFICIAL_DATASET\PART_III_TEST\Images\Lookalike\00134.tif,C:\SlickTrace\outputs\part_iii_predictions\prediction_0434.tif,2,22934,2.0007905633225938,1989.7690328769513,437.06850091567105,-89.47008544072584,29.31346459605774,1871,331,177,274,EPSG:4326
434,Lookalike,A:\SIH26143_DATA\OFFICIAL_DATASET\PART_III_TEST\Images\Lookalike\00134.tif,C:\SlickTrace\outputs\part_iii_predictions\prediction_0434.tif,3,14998,1.3084440947376064,1820.1381517535672,518.8456460861448,-89.48532364204301,29.306118430117913,1700,373,241,301,EPSG:4326
434,Lookalike,A:\SIH26143_DATA\OFFICIAL_DATASET\PART_III_TEST\Images\Lookalike\00134.tif,C:\SlickTrace\outputs\part_iii_predictions\prediction_0434.tif,4,708,0.06176679684452762,1915.7824858757062,560.1963276836158,-89.47673176532489,29.302403835189136,1902,546,30,31,EPSG:4326
435,Lookalike,A:\SIH26143_DATA\OFFICIAL_DATASET\PART_III_TEST\Images\Lookalike\00135.tif,C:\SlickTrace\outputs\part_iii_predictions\prediction_0435.tif,1,2357,0.11705072755533551,503.88078065337294,651.4302078913873,20.382902775081096,60.25786657490798,455,632,95,46,EPSG:4326
435,Lookalike,A:\SIH26143_DATA\OFFICIAL_DATASET\PART_III_TEST\Images\Lookalike\00135.tif,C:\SlickTrace\outputs\part_iii_predictions\prediction_0435.tif,2,1158,0.05750731544721193,766.4775474956822,657.9715025906736,20.406492244002578,60.25727896040735,729,641,82,34,EPSG:4326
435,Lookalike,A:\SIH26143_DATA\OFFICIAL_DATASET\PART_III_TEST\Images\Lookalike\00135.tif,C:\SlickTrace\outputs\part_iii_predictions\prediction_0435.tif,3,736,0.036550418108072524,1042.9633152173913,1015.8913043478261,20.43132938310117,60.225126477566604,1024,1004,40,27,EPSG:4326
435,Lookalike,A:\SIH26143_DATA\OFFICIAL_DATASET\PART_III_TEST\Images\Lookalike\00135.tif,C:\SlickTrace\outputs\part_iii_predictions\prediction_0435.tif,4,1094,0.05432901822042301,925.6645338208409,1035.3628884826326,20.42079225428746,60.22337731540317,902,1010,41,59,EPSG:4326
435,Lookalike,A:\SIH26143_DATA\OFFICIAL_DATASET\PART_III_TEST\Images\Lookalike\00135.tif,C:\SlickTrace\outputs\part_iii_predictions\prediction_0435.tif,5,1214,0.06028832552065223,1011.7742998352553,1046.3657331136737,20.42852762617973,60.22238891305309,981,1029,66,36,EPSG:4326
435,Lookalike,A:\SIH26143_DATA\OFFICIAL_DATASET\PART_III_TEST\Images\Lookalike\00135.tif,C:\SlickTrace\outputs\part_iii_predictions\prediction_0435.tif,6,2559,0.127082228177388,1679.3657678780773,1688.9378663540444,20.488498388108795,60.164665676209175,1651,1650,57,73,EPSG:4326
435,Lookalike,A:\SIH26143_DATA\OFFICIAL_DATASET\PART_III_TEST\Images\Lookalike\00135.tif,C:\SlickTrace\outputs\part_iii_predictions\prediction_0435.tif,7,1171,0.05815290707140343,674.6737830913748,1778.3535439795046,20.398245371532166,60.15663332922409,616,1758,108,49,EPSG:4326
435,Lookalike,A:\SIH26143_DATA\OFFICIAL_DATASET\PART_III_TEST\Images\Lookalike\00135.tif,C:\SlickTrace\outputs\part_iii_predictions\prediction_0435.tif,8,19956,0.9910328040281186,677.317899378633,1925.9211765884947,20.39848289653955,60.14337710324269,579,1774,187,274,EPSG:4326
435,Lookalike,A:\SIH26143_DATA\OFFICIAL_DATASET\PART_III_TEST\Images\Lookalike\00135.tif,C:\SlickTrace\outputs\part_iii_predictions\prediction_0435.tif,9,3005,0.14923098697657328,357.618302828619,1884.2206322795341,20.369763793148778,60.14712312687357,333,1835,64,95,EPSG:4326
435,Lookalike,A:\SIH26143_DATA\OFFICIAL_DATASET\PART_III_TEST\Images\Lookalike\00135.tif,C:\SlickTrace\outputs\part_iii_predictions\prediction_0435.tif,10,802,0.039828037123198594,1791.1907730673317,1862.3216957605985,20.49854379923962,60.149090341811664,1764,1847,52,30,EPSG:4326
435,Lookalike,A:\SIH26143_DATA\OFFICIAL_DATASET\PART_III_TEST\Images\Lookalike\00135.tif,C:\SlickTrace\outputs\part_iii_predictions\prediction_0435.tif,11,569,0.0282570487819202,722.8014059753955,1866.9420035149385,20.402568749454673,60.148675292504365,710,1852,28,30,EPSG:4326
435,Lookalike,A:\SIH26143_DATA\OFFICIAL_DATASET\PART_III_TEST\Images\Lookalike\00135.tif,C:\SlickTrace\outputs\part_iii_predictions\prediction_0435.tif,12,5913,0.29364486721879457,1869.2763402672078,1953.4234737020124,20.505558345088097,60.14090652985814,1782,1897,150,129,EPSG:4326
436,Lookalike,A:\SIH26143_DATA\OFFICIAL_DATASET\PART_III_TEST\Images\Lookalike\00136.tif,C:\SlickTrace\outputs\part_iii_predictions\prediction_0436.tif,1,8048,0.4017981484881591,704.4243290258449,62.263667992047715,20.40091790854455,60.13615981444349,656,1,106,128,EPSG:4326
436,Lookalike,A:\SIH26143_DATA\OFFICIAL_DATASET\PART_III_TEST\Images\Lookalike\00136.tif,C:\SlickTrace\outputs\part_iii_predictions\prediction_0436.tif,2,746,0.037244212074076376,692.9919571045576,154.07372654155495,20.399890921101488,60.127912376560396,675,137,34,35,EPSG:4326
436,Lookalike,A:\SIH26143_DATA\OFFICIAL_DATASET\PART_III_TEST\Images\Lookalike\00136.tif,C:\SlickTrace\outputs\part_iii_predictions\prediction_0436.tif,3,26968,1.3463832589995868,677.5136087214477,503.90622218926137,20.39850047740894,60.09648638878819,534,378,272,264,EPSG:4326
436,Lookalike,A:\SIH26143_DATA\OFFICIAL_DATASET\PART_III_TEST\Images\Lookalike\00136.tif,C:\SlickTrace\outputs\part_iii_predictions\prediction_0436.tif,4,10581,0.5282587238013434,379.46016444570455,654.2462905207448,20.371725880961204,60.08298111066842,335,566,87,189,EPSG:4326
436,Lookalike,A:\SIH26143_DATA\OFFICIAL_DATASET\PART_III_TEST\Images\Lookalike\00136.tif,C:\SlickTrace\outputs\part_iii_predictions\prediction_0436.tif,5,4785,0.23889216457701806,235.68401253918495,1824.2664576802508,20.35881024948625,59.97787641077967,167,1790,146,63,EPSG:4326
436,Lookalike,A:\SIH26143_DATA\OFFICIAL_DATASET\PART_III_TEST\Images\Lookalike\00136.tif,C:\SlickTrace\outputs\part_iii_predictions\prediction_0436.tif,6,532,0.02656021558097672,825.9191729323309,1830.3308270676691,20.411831976066843,59.97733163920874,807,1817,40,28,EPSG:4326
437,Lookalike,A:\SIH26143_DATA\OFFICIAL_DATASET\PART_III_TEST\Images\Lookalike\00137.tif,C:\SlickTrace\outputs\part_iii_predictions\prediction_0437.tif,1,58228,5.490164469230008,664.2486947860136,361.25257608023634,37.831408032087815,19.52113776957317,523,176,270,450,EPSG:4326
437,Lookalike,A:\SIH26143_DATA\OFFICIAL_DATASET\PART_III_TEST\Images\Lookalike\00137.tif,C:\SlickTrace\outputs\part_iii_predictions\prediction_0437.tif,2,552,0.052046623394500315,982.6123188405797,273.6177536231884,37.8600071230274,19.529010139616595,968,259,29,29,EPSG:4326
437,Lookalike,A:\SIH26143_DATA\OFFICIAL_DATASET\PART_III_TEST\Images\Lookalike\00137.tif,C:\SlickTrace\outputs\part_iii_predictions\prediction_0437.tif,3,8505,0.801914007192437,921.4491475602587,498.03903586125807,37.85451274186877,19.50885003282498,869,434,109,150,EPSG:4326
437,Lookalike,A:\SIH26143_DATA\OFFICIAL_DATASET\PART_III_TEST\Images\Lookalike\00137.tif,C:\SlickTrace\outputs\part_iii_predictions\prediction_0437.tif,4,3076,0.29002792311862857,755.4486345903771,510.77405721716514,37.83960066207152,19.50770602639222,729,474,54,79,EPSG:4326
437,Lookalike,A:\SIH26143_DATA\OFFICIAL_DATASET\PART_III_TEST\Images\Lookalike\00137.tif,C:\SlickTrace\outputs\part_iii_predictions\prediction_0437.tif,5,1858,0.17518591715032897,1751.5414424111948,594.6824542518838,37.929081201438215,19.500168406839993,1728,546,50,107,EPSG:4326
437,Lookalike,A:\SIH26143_DATA\OFFICIAL_DATASET\PART_III_TEST\Images\Lookalike\00137.tif,C:\SlickTrace\outputs\part_iii_predictions\prediction_0437.tif,6,1871,0.17641165284621393,780.6574024585783,595.2052378407269,37.8418652042185,19.50012144439118,756,565,45,66,EPSG:4326
437,Lookalike,A:\SIH26143_DATA\OFFICIAL_DATASET\PART_III_TEST\Images\Lookalike\00137.tif,C:\SlickTrace\outputs\part_iii_predictions\prediction_0437.tif,7,29461,2.7777999489590104,281.68843555887446,678.8198635484199,37.79704205929177,19.492610214766266,140,574,261,260,EPSG:4326
437,Lookalike,A:\SIH26143_DATA\OFFICIAL_DATASET\PART_III_TEST\Images\Lookalike\00137.tif,C:\SlickTrace\outputs\part_iii_predictions\prediction_0437.tif,8,7098,0.6692516899531943,461.9025077486616,659.5115525500141,37.81323096483792,19.494344709854307,406,589,122,132,EPSG:4326
437,Lookalike,A:\SIH26143_DATA\OFFICIAL_DATASET\PART_III_TEST\Images\Lookalike\00137.tif,C:\SlickTrace\outputs\part_iii_predictions\prediction_0437.tif,9,956,0.09013871732815634,87.58995815899581,619.2960251046026,37.779605896404505,19.49795733215062,67,600,47,37,EPSG:4326
437,Lookalike,A:\SIH26143_DATA\OFFICIAL_DATASET\PART_III_TEST\Images\Lookalike\00137.tif,C:\SlickTrace\outputs\part_iii_predictions\prediction_0437.tif,10,6375,0.6010819277897456,1817.3927843137255,704.4843921568628,37.9349967281293,19.490304730935396,1771,649,94,113,EPSG:4326
437,Lookalike,A:\SIH26143_DATA\OFFICIAL_DATASET\PART_III_TEST\Images\Lookalike\00137.tif,C:\SlickTrace\outputs\part_iii_predictions\prediction_0437.tif,11,830,0.07825850981419431,118.71807228915662,666.1626506024096,37.7824021824734,19.49374723155064,101,652,40,35,EPSG:4326
437,Lookalike,A:\SIH26143_DATA\OFFICIAL_DATASET\PART_III_TEST\Images\Lookalike\00137.tif,C:\SlickTrace\outputs\part_iii_predictions\prediction_0437.tif,12,4308,0.4061899521440351,840.1597028783658,720.125348189415,37.84721038680924,19.488899679949167,796,679,77,95,EPSG:4326
437,Lookalike,A:\SIH26143_DATA\OFFICIAL_DATASET\PART_III_TEST\Images\Lookalike\00137.tif,C:\SlickTrace\outputs\part_iii_predictions\prediction_0437.tif,13,3209,0.3025681421611441,1166.4502960423808,711.8367092552197,37.8765215694996,19.489644261053083,1137,681,70,71,EPSG:4326
437,Lookalike,A:\SIH26143_DATA\OFFICIAL_DATASET\PART_III_TEST\Images\Lookalike\00137.tif,C:\SlickTrace\outputs\part_iii_predictions\prediction_0437.tif,14,1791,0.16886866394846026,20.528754885538806,756.8994974874372,37.7735816860173,19.485596201911676,1,721,42,70,EPSG:4326
437,Lookalike,A:\SIH26143_DATA\OFFICIAL_DATASET\PART_III_TEST\Images\Lookalike\00137.tif,C:\SlickTrace\outputs\part_iii_predictions\prediction_0437.tif,15,563,0.05308378436794145,790.7708703374778,752.0728241563055,37.84277371249561,19.48602978935416,777,735,31,32,EPSG:4326
437,Lookalike,A:\SIH26143_DATA\OFFICIAL_DATASET\PART_III_TEST\Images\Lookalike\00137.tif,C:\SlickTrace\outputs\part_iii_predictions\prediction_0437.tif,16,885,0.08344431468139997,384.13785310734465,756.5502824858758,37.80624524705506,19.485627572429014,366,738,36,40,EPSG:4326
437,Lookalike,A:\SIH26143_DATA\OFFICIAL_DATASET\PART_III_TEST\Images\Lookalike\00137.tif,C:\SlickTrace\outputs\part_iii_predictions\prediction_0437.tif,17,41450,3.90821112264862,1017.7540892641737,953.4870205066345,37.86316396197566,19.467936444252143,881,748,262,351,EPSG:4326
437,Lookalike,A:\SIH26143_DATA\OFFICIAL_DATASET\PART_III_TEST\Images\Lookalike\00137.tif,C:\SlickTrace\outputs\part_iii_predictions\prediction_0437.tif,18,9227,0.8699894819946639,1142.4681911780644,845.814349192587,37.87436722036511,19.477608844884482,1064,785,175,129,EPSG:4326
437,Lookalike,A:\SIH26143_DATA\OFFICIAL_DATASET\PART_III_TEST\Images\Lookalike\00137.tif,C:\SlickTrace\outputs\part_iii_predictions\prediction_0437.tif,19,751,0.07080980827766258,787.6271637816245,812.1597869507324,37.84249130853082,19.480632085648704,773,791,28,39,EPSG:4326
437,Lookalike,A:\SIH26143_DATA\OFFICIAL_DATASET\PART_III_TEST\Images\Lookalike\00137.tif,C:\SlickTrace\outputs\part_iii_predictions\prediction_0437.tif,20,1684,0.15877991629771473,533.3877672209026,820.1775534441805,37.81965259495524,19.479911837430148,509,800,57,50,EPSG:4326
437,Lookalike,A:\SIH26143_DATA\OFFICIAL_DATASET\PART_III_TEST\Images\Lookalike\00137.tif,C:\SlickTrace\outputs\part_iii_predictions\prediction_0437.tif,21,2346,0.22119814942662636,1381.9488491048594,848.8141517476556,37.89588013389177,19.477339368036027,1350,812,64,70,EPSG:4326
437,Lookalike,A:\SIH26143_DATA\OFFICIAL_DATASET\PART_III_TEST\Images\Lookalike\00137.tif,C:\SlickTrace\outputs\part_iii_predictions\prediction_0437.tif,22,875,0.08250144106918075,506.34742857142857,858.8662857142857,37.81722352000558,19.476436369478,493,834,30,45,EPSG:4326
437,Lookalike,A:\SIH26143_DATA\OFFICIAL_DATASET\PART_III_TEST\Images\Lookalike\00137.tif,C:\SlickTrace\outputs\part_iii_predictions\prediction_0437.tif,23,6759,0.6372882744989631,112.8240864033141,908.9563544903092,37.78187271671283,19.471936702041592,53,838,118,124,EPSG:4326
437,Lookalike,A:\SIH26143_DATA\OFFICIAL_DATASET\PART_III_TEST\Images\Lookalike\00137.tif,C:\SlickTrace\outputs\part_iii_predictions\prediction_0437.tif,24,99727,9.402995672578502,574.7314669046497,1206.1863988689122,37.82336656268803,19.44523607286511,430,894,330,646,EPSG:4326
437,Lookalike,A:\SIH26143_DATA\OFFICIAL_DATASET\PART_III_TEST\Images\Lookalike\00137.tif,C:\SlickTrace\outputs\part_iii_predictions\prediction_0437.tif,25,1187,0.11191909777042007,828.1364785172705,918.2805391743892,37.84613032218844,19.471099096280227,808,900,39,43,EPSG:4326
437,Lookalike,A:\SIH26143_DATA\OFFICIAL_DATASET\PART_III_TEST\Images\Lookalike\00137.tif,C:\SlickTrace\outputs\part_iii_predictions\prediction_0437.tif,26,1275,0.1202163855579491,904.1098039215686,940.0596078431372,37.852955122128044,19.469142649254323,888,911,36,55,EPSG:4326
437,Lookalike,A:\SIH26143_DATA\OFFICIAL_DATASET\PART_III_TEST\Images\Lookalike\00137.tif,C:\SlickTrace\outputs\part_iii_predictions\prediction_0437.tif,27,2127,0.20054921731902567,1884.378937470616,952.7940761636107,37.94101419664982,19.46799869250158,1858,925,57,68,EPSG:4326
437,Lookalike,A:\SIH26143_DATA\OFFICIAL_DATASET\PART_III_TEST\Images\Lookalike\00137.tif,C:\SlickTrace\outputs\part_iii_predictions\prediction_0437.tif,28,5501,0.5186747740817866,1677.2514088347573,1002.6638792946737,37.922407614176265,19.463518811864716,1633,950,86,104,EPSG:4326
437,Lookalike,A:\SIH26143_DATA\OFFICIAL_DATASET\PART_III_TEST\Images\Lookalike\00137.tif,C:\SlickTrace\outputs\part_iii_predictions\prediction_0437.tif,29,1130,0.10654471818077058,19.947787610619468,982.4353982300885,37.77352949683904,19.4653359672362,4,956,33,56,EPSG:4326
437,Lookalike,A:\SIH26143_DATA\OFFICIAL_DATASET\PART_III_TEST\Images\Lookalike\00137.tif,C:\SlickTrace\outputs\part_iii_predictions\prediction_0437.tif,30,1674,0.15783704268549553,1570.7616487455198,993.173835125448,37.91284147626723,19.464371317037134,1548,967,44,57,EPSG:4326
437,Lookalike,A:\SIH26143_DATA\OFFICIAL_DATASET\PART_III_TEST\Images\Lookalike\00137.tif,C:\SlickTrace\outputs\part_iii_predictions\prediction_0437.tif,31,654,0.06166393423913624,1846.7186544342508,1020.8914373088685,37.937631115864235,19.461881402469082,1833,1006,27,31,EPSG:4326
437,Lookalike,A:\SIH26143_DATA\OFFICIAL_DATASET\PART_III_TEST\Images\Lookalike\00137.tif,C:\SlickTrace\outputs\part_iii_predictions\prediction_0437.tif,32,1379,0.13002227112502887,1257.8905003625816,1041.9528643944889,37.88473578281199,19.459989422283446,1242,1016,33,56,EPSG:4326
437,Lookalike,A:\SIH26143_DATA\OFFICIAL_DATASET\PART_III_TEST\Images\Lookalike\00137.tif,C:\SlickTrace\outputs\part_iii_predictions\prediction_0437.tif,33,3417,0.3221799132953036,812.6804214223002,1070.6701785191688,37.84474188095638,19.45740970206374,780,1025,64,95,EPSG:4326
437,Lookalike,A:\SIH26143_DATA\OFFICIAL_DATASET\PART_III_TEST\Images\Lookalike\00137.tif,C:\SlickTrace\outputs\part_iii_predictions\prediction_0437.tif,34,37781,3.5622707943253924,1783.7489214155264,1233.8163891903337,37.93197444850347,19.44275402860453,1675,1066,227,395,EPSG:4326
437,Lookalike,A:\SIH26143_DATA\OFFICIAL_DATASET\PART_III_TEST\Images\Lookalike\00137.tif,C:\SlickTrace\outputs\part_iii_predictions\prediction_0437.tif,35,2430,0.2291182877692677,422.2753086419753,1099.7938271604937,37.80967119297548,19.454793480193356,394,1068,52,66,EPSG:4326
437,Lookalike,A:\SIH26143_DATA\OFFICIAL_DATASET\PART_III_TEST\Images\Lookalike\00137.tif,C:\SlickTrace\outputs\part_iii_predictions\prediction_0437.tif,36,689,0.06496399188190348,1651.6052249637155,1085.7184325108853,37.920103778281195,19.45605789440773,1634,1071,36,32,EPSG:4326
437,Lookalike,A:\SIH26143_DATA\OFFICIAL_DATASET\PART_III_TEST\Images\Lookalike\00137.tif,C:\SlickTrace\outputs\part_iii_predictions\prediction_0437.tif,37,7207,0.6795290123263836,1199.1372276952961,1163.215346191203,37.87945788652908,19.44909622820462,1145,1095,95,157,EPSG:4326
437,Lookalike,A:\SIH26143_DATA\OFFICIAL_DATASET\PART_III_TEST\Images\Lookalike\00137.tif,C:\SlickTrace\outputs\part_iii_predictions\prediction_0437.tif,38,9578,0.903084345783558,1295.9938400501148,1177.8018375443726,37.88815866405372,19.447785901392194,1253,1099,94,167,EPSG:4326
437,Lookalike,A:\SIH26143_DATA\OFFICIAL_DATASET\PART_III_TEST\Images\Lookalike\00137.tif,C:\SlickTrace\outputs\part_iii_predictions\prediction_0437.tif,39,619,0.05836387659636902,1998.129240710824,1122.9838449111471,37.951232560247206,19.452710285454913,1978,1102,36,47,EPSG:4326
437,Lookalike,A:\SIH26143_DATA\OFFICIAL_DATASET\PART_III_TEST\Images\Lookalike\00137.tif,C:\SlickTrace\outputs\part_iii_predictions\prediction_0437.tif,40,2560,0.2413756447281174,1495.991015625,1156.071875,37.906124716013686,19.44973793713989,1461,1124,65,66,EPSG:4326
437,Lookalike,A:\SIH26143_DATA\OFFICIAL_DATASET\PART_III_TEST\Images\Lookalike\00137.tif,C:\SlickTrace\outputs\part_iii_predictions\prediction_0437.tif,41,119082,11.22792754902878,252.77497018860953,1431.1010144270335,37.79444471850587,19.425031649187336,49,1129,410,616,EPSG:4326
437,Lookalike,A:\SIH26143_DATA\OFFICIAL_DATASET\PART_III_TEST\Images\Lookalike\00137.tif,C:\SlickTrace\outputs\part_iii_predictions\prediction_0437.tif,42,27746,2.6160971244634164,977.419772219419,1255.7140849131406,37.85954066862807,19.44078692512905,844,1128,241,289,EPSG:4326
437,Lookalike,A:\SIH26143_DATA\OFFICIAL_DATASET\PART_III_TEST\Images\Lookalike\00137.tif,C:\SlickTrace\outputs\part_iii_predictions\prediction_0437.tif,43,1867,0.17603450340132626,1374.868237814676,1208.4874129619711,37.89524407175748,19.445029369252232,1349,1185,56,57,EPSG:4326
437,Lookalike,A:\SIH26143_DATA\OFFICIAL_DATASET\PART_III_TEST\Images\Lookalike\00137.tif,C:\SlickTrace\outputs\part_iii_predictions\prediction_0437.tif,44,627,0.059118175486144384,1122.7878787878788,1231.6028708133972,37.87259930782347,19.442952872343497,1111,1215,24,35,EPSG:4326
437,Lookalike,A:\SIH26143_DATA\OFFICIAL_DATASET\PART_III_TEST\Images\Lookalike\00137.tif,C:\SlickTrace\outputs\part_iii_predictions\prediction_0437.tif,45,706,0.06656687702267614,1387.14164305949,1273.830028328612,37.89634661050944,19.439159542243413,1374,1254,26,38,EPSG:4326
437,Lookalike,A:\SIH26143_DATA\OFFICIAL_DATASET\PART_III_TEST\Images\Lookalike\00137.tif,C:\SlickTrace\outputs\part_iii_predictions\prediction_0437.tif,46,507,0.04780369213951388,1474.2564102564102,1278.570019723866,37.90417226319399,19.438733741571717,1463,1265,24,29,EPSG:4326
437,Lookalike,A:\SIH26143_DATA\OFFICIAL_DATASET\PART_III_TEST\Images\Lookalike\00137.tif,C:\SlickTrace\outputs\part_iii_predictions\prediction_0437.tif,47,2647,0.24957864515442452,399.44314318095957,1331.7635058556857,37.80762014465516,19.433955289410935,373,1283,58,104,EPSG:4326
437,Lookalike,A:\SIH26143_DATA\OFFICIAL_DATASET\PART_III_TEST\Images\Lookalike\00137.tif,C:\SlickTrace\outputs\part_iii_predictions\prediction_0437.tif,48,14477,1.3649981284097483,1989.6772812046695,1432.9860468329073,37.950473307806696,19.42486231384521,1897,1331,148,256,EPSG:4326
437,Lookalike,A:\SIH26143_DATA\OFFICIAL_DATASET\PART_III_TEST\Images\Lookalike\00137.tif,C:\SlickTrace\outputs\part_iii_predictions\prediction_0437.tif,49,445474,42.002567952973976,1213.6655741973718,1812.1848615182928,37.88076299010066,19.390798304750025,277,1344,1671,704,EPSG:4326
437,Lookalike,A:\SIH26143_DATA\OFFICIAL_DATASET\PART_III_TEST\Images\Lookalike\00137.tif,C:\SlickTrace\outputs\part_iii_predictions\prediction_0437.tif,50,936,0.08825297010371792,42.166666666666664,1434.6720085470085,37.775525452704244,19.42471086132759,25,1417,37,38,EPSG:4326
437,Lookalike,A:\SIH26143_DATA\OFFICIAL_DATASET\PART_III_TEST\Images\Lookalike\00137.tif,C:\SlickTrace\outputs\part_iii_predictions\prediction_0437.tif,51,1010,0.09523023483414007,11.762376237623762,1480.09900990099,37.772794188824726,19.420630084364788,0,1457,28,47,EPSG:4326
437,Lookalike,A:\SIH26143_DATA\OFFICIAL_DATASET\PART_III_TEST\Images\Lookalike\00137.tif,C:\SlickTrace\outputs\part_iii_predictions\prediction_0437.tif,52,4603,0.4340047237045017,1689.4516619595915,1520.0180317184445,37.923503581561484,19.417044097622217,1645,1460,86,114,EPSG:4326
437,Lookalike,A:\SIH26143_DATA\OFFICIAL_DATASET\PART_III_TEST\Images\Lookalike\00137.tif,C:\SlickTrace\outputs\part_iii_predictions\prediction_0437.tif,53,1826,0.1721687215912275,1273.5180722891566,1549.9534501642936,37.886139631483516,19.414354953229576,1246,1515,56,69,EPSG:4326
437,Lookalike,A:\SIH26143_DATA\OFFICIAL_DATASET\PART_III_TEST\Images\Lookalike\00137.tif,C:\SlickTrace\outputs\part_iii_predictions\prediction_0437.tif,54,74484,7.022899813253554,122.92019762633586,1774.7246388486117,37.78277966581501,19.394163413807092,0,1517,271,531,EPSG:4326
437,Lookalike,A:\SIH26143_DATA\OFFICIAL_DATASET\PART_III_TEST\Images\Lookalike\00137.tif,C:\SlickTrace\outputs\part_iii_predictions\prediction_0437.tif,55,539,0.05082088769861535,1737.3153988868276,1572.5417439703153,37.927803254205166,19.412325812272762,1725,1559,26,30,EPSG:4326
437,Lookalike,A:\SIH26143_DATA\OFFICIAL_DATASET\PART_III_TEST\Images\Lookalike\00137.tif,C:\SlickTrace\outputs\part_iii_predictions\prediction_0437.tif,56,1813,0.17094298589534251,1682.988968560397,1653.696635410921,37.922923027935774,19.405035544336545,1666,1616,36,74,EPSG:4326
437,Lookalike,A:\SIH26143_DATA\OFFICIAL_DATASET\PART_III_TEST\Images\Lookalike\00137.tif,C:\SlickTrace\outputs\part_iii_predictions\prediction_0437.tif,57,1013,0.09551309691780584,899.5834155972359,1683.873642645607,37.85254850974668,19.402324697653757,883,1659,31,50,EPSG:4326
437,Lookalike,A:\SIH26143_DATA\OFFICIAL_DATASET\PART_III_TEST\Images\Lookalike\00137.tif,C:\SlickTrace\outputs\part_iii_predictions\prediction_0437.tif,58,588,0.05544096839848947,695.843537414966,1706.4098639455783,37.83424624509111,19.40030023444975,681,1695,30,25,EPSG:4326
437,Lookalike,A:\SIH26143_DATA\OFFICIAL_DATASET\PART_III_TEST\Images\Lookalike\00137.tif,C:\SlickTrace\outputs\part_iii_predictions\prediction_0437.tif,59,4176,0.39374402046274154,1852.6192528735633,1797.302203065134,37.93816117564058,19.392135236705702,1816,1761,74,85,EPSG:4326
437,Lookalike,A:\SIH26143_DATA\OFFICIAL_DATASET\PART_III_TEST\Images\Lookalike\00137.tif,C:\SlickTrace\outputs\part_iii_predictions\prediction_0437.tif,60,573,0.05402665798016065,1930.5986038394415,1813.0366492146597,37.94516617992242,19.390721787359375,1914,1801,38,27,EPSG:4326
437,Lookalike,A:\SIH26143_DATA\OFFICIAL_DATASET\PART_III_TEST\Images\Lookalike\00137.tif,C:\SlickTrace\outputs\part_iii_predictions\prediction_0437.tif,61,1413,0.13322804140657418,1370.726822363765,1897.961075725407,37.894872042077736,19.383092896326406,1356,1867,29,64,EPSG:4326
437,Lookalike,A:\SIH26143_DATA\OFFICIAL_DATASET\PART_III_TEST\Images\Lookalike\00137.tif,C:\SlickTrace\outputs\part_iii_predictions\prediction_0437.tif,62,1798,0.16952867547701372,235.76251390433816,2019.8820912124584,37.79291646355581,19.372140545159667,202,1993,67,54,EPSG:4326
437,Lookalike,A:\SIH26143_DATA\OFFICIAL_DATASET\PART_III_TEST\Images\Lookalike\00137.tif,C:\SlickTrace\outputs\part_iii_predictions\prediction_0437.tif,63,547,0.05157518658839071,572.2870201096893,2039.310786106033,37.823146974296314,19.370395235802327,551,2029,41,19,EPSG:4326
438,Lookalike,A:\SIH26143_DATA\OFFICIAL_DATASET\PART_III_TEST\Images\Lookalike\00138.tif,C:\SlickTrace\outputs\part_iii_predictions\prediction_0438.tif,1,573,0.054084713644938616,63.989528795811516,76.03839441535777,37.77748583376363,19.371767178090405,51,63,26,29,EPSG:4326
438,Lookalike,A:\SIH26143_DATA\OFFICIAL_DATASET\PART_III_TEST\Images\Lookalike\00138.tif,C:\SlickTrace\outputs\part_iii_predictions\prediction_0438.tif,2,19937,1.8818271133318345,203.26413201584992,249.74479610773938,37.78999708423986,19.356162866531438,105,116,201,287,EPSG:4326
438,Lookalike,A:\SIH26143_DATA\OFFICIAL_DATASET\PART_III_TEST\Images\Lookalike\00138.tif,C:\SlickTrace\outputs\part_iii_predictions\prediction_0438.tif,3,1005,0.09486062340866197,234.6407960199005,412.51144278606967,37.79281569792381,19.341541289885836,213,399,44,30,EPSG:4326
438,Lookalike,A:\SIH26143_DATA\OFFICIAL_DATASET\PART_III_TEST\Images\Lookalike\00138.tif,C:\SlickTrace\outputs\part_iii_predictions\prediction_0438.tif,4,64861,6.122144174039029,211.89884522286118,942.3629453754953,37.79077275372464,19.293943919576858,0,477,361,840,EPSG:4326
438,Lookalike,A:\SIH26143_DATA\OFFICIAL_DATASET\PART_III_TEST\Images\Lookalike\00138.tif,C:\SlickTrace\outputs\part_iii_predictions\prediction_0438.tif,5,784,0.0740007251267572,231.55867346938774,843.6020408163265,37.792538826144344,19.302815762580757,216,823,30,41,EPSG:4326
438,Lookalike,A:\SIH26143_DATA\OFFICIAL_DATASET\PART_III_TEST\Images\Lookalike\00138.tif,C:\SlickTrace\outputs\part_iii_predictions\prediction_0438.tif,6,591,0.055783709885093756,165.18781725888326,994.3147208121827,37.78657663068894,19.289277012185668,150,979,39,30,EPSG:4326
443,Lookalike,A:\SIH26143_DATA\OFFICIAL_DATASET\PART_III_TEST\Images\Lookalike\00143.tif,C:\SlickTrace\outputs\part_iii_predictions\prediction_0443.tif,1,4292,0.37443965396644807,1438.910531220876,323.53727865796833,-89.33846296628934,29.323592705305753,1392,274,95,106,EPSG:4326
443,Lookalike,A:\SIH26143_DATA\OFFICIAL_DATASET\PART_III_TEST\Images\Lookalike\00143.tif,C:\SlickTrace\outputs\part_iii_predictions\prediction_0443.tif,2,611,0.05330443349801951,1393.2945990180033,343.33878887070375,-89.34256071519906,29.321813905378477,1380,325,28,41,EPSG:4326
443,Lookalike,A:\SIH26143_DATA\OFFICIAL_DATASET\PART_III_TEST\Images\Lookalike\00143.tif,C:\SlickTrace\outputs\part_iii_predictions\prediction_0443.tif,3,1753,0.15293399659906418,1506.8151739874502,382.45407872219056,-89.33236298844335,29.318300119106844,1470,358,68,48,EPSG:4326
443,Lookalike,A:\SIH26143_DATA\OFFICIAL_DATASET\PART_III_TEST\Images\Lookalike\00143.tif,C:\SlickTrace\outputs\part_iii_predictions\prediction_0443.tif,4,513,0.04475478622665141,1028.6686159844055,435.09161793372317,-89.37531562455368,29.313571608507626,1013,424,32,24,EPSG:4326
443,Lookalike,A:\SIH26143_DATA\OFFICIAL_DATASET\PART_III_TEST\Images\Lookalike\00143.tif,C:\SlickTrace\outputs\part_iii_predictions\prediction_0443.tif,5,632,0.05513650077045554,1632.642405063291,447.6060126582278,-89.32105973595996,29.312447421302373,1614,427,32,35,EPSG:4326
443,Lookalike,A:\SIH26143_DATA\OFFICIAL_DATASET\PART_III_TEST\Images\Lookalike\00143.tif,C:\SlickTrace\outputs\part_iii_predictions\prediction_0443.tif,6,974,0.08497302492155648,1769.1878850102669,674.7166324435318,-89.30879364679859,29.292045727208475,1739,660,50,37,EPSG:4326
443,Lookalike,A:\SIH26143_DATA\OFFICIAL_DATASET\PART_III_TEST\Images\Lookalike\00143.tif,C:\SlickTrace\outputs\part_iii_predictions\prediction_0443.tif,7,11882,1.0366011110040392,1880.1610839925938,735.2873253660999,-89.29882475472124,29.28660456928627,1810,673,138,127,EPSG:4326
443,Lookalike,A:\SIH26143_DATA\OFFICIAL_DATASET\PART_III_TEST\Images\Lookalike\00143.tif,C:\SlickTrace\outputs\part_iii_predictions\prediction_0443.tif,8,663,0.057840981029765856,1461.4901960784314,926.6968325791855,-89.33643460048415,29.269409960700738,1448,909,35,35,EPSG:4326
443,Lookalike,A:\SIH26143_DATA\OFFICIAL_DATASET\PART_III_TEST\Images\Lookalike\00143.tif,C:\SlickTrace\outputs\part_iii_predictions\prediction_0443.tif,9,541,0.04719754258989944,1127.9556377079482,1481.8428835489833,-89.36639651964079,29.219540342450262,1117,1468,24,34,EPSG:4326
443,Lookalike,A:\SIH26143_DATA\OFFICIAL_DATASET\PART_III_TEST\Images\Lookalike\00143.tif,C:\SlickTrace\outputs\part_iii_predictions\prediction_0443.tif,10,38685,3.374929639723216,1015.7735814915342,1584.622385937702,-89.3764740052111,29.210307502661266,868,1474,338,234,EPSG:4326
443,Lookalike,A:\SIH26143_DATA\OFFICIAL_DATASET\PART_III_TEST\Images\Lookalike\00143.tif,C:\SlickTrace\outputs\part_iii_predictions\prediction_0443.tif,11,533,0.046499612200400005,1104.311444652908,1654.9887429643527,-89.36852051364099,29.20398638526078,1075,1633,53,36,EPSG:4326
443,Lookalike,A:\SIH26143_DATA\OFFICIAL_DATASET\PART_III_TEST\Images\Lookalike\00143.tif,C:\SlickTrace\outputs\part_iii_predictions\prediction_0443.tif,12,4763,0.4155303056482274,111.6514801595633,1961.570438799076,-89.45769267544478,29.17644568294082,42,1908,141,130,EPSG:4326
444,Lookalike,A:\SIH26143_DATA\OFFICIAL_DATASET\PART_III_TEST\Images\Lookalike\00144.tif,C:\SlickTrace\outputs\part_iii_predictions\prediction_0444.tif,1,716,0.0580170066159817,1693.8924581005588,1240.0963687150838,34.66128331584179,35.85670631959746,1678,1218,35,43,EPSG:4326
444,Lookalike,A:\SIH26143_DATA\OFFICIAL_DATASET\PART_III_TEST\Images\Lookalike\00144.tif,C:\SlickTrace\outputs\part_iii_predictions\prediction_0444.tif,2,961,0.07786919463402013,1930.279916753382,1320.2539021852238,34.68251836254999,35.8495056458521,1907,1298,49,46,EPSG:4326
444,Lookalike,A:\SIH26143_DATA\OFFICIAL_DATASET\PART_III_TEST\Images\Lookalike\00144.tif,C:\SlickTrace\outputs\part_iii_predictions\prediction_0444.tif,3,4416,0.35782556035778657,1607.6311141304348,1470.656929347826,34.653534327470084,35.8359947120443,1508,1449,210,48,EPSG:4326
444,Lookalike,A:\SIH26143_DATA\OFFICIAL_DATASET\PART_III_TEST\Images\Lookalike\00144.tif,C:\SlickTrace\outputs\part_iii_predictions\prediction_0444.tif,4,1046,0.08475668843619673,1843.8709369024857,1489.838432122371,34.674756111821466,35.83427160833283,1814,1474,52,31,EPSG:4326
444,Lookalike,A:\SIH26143_DATA\OFFICIAL_DATASET\PART_III_TEST\Images\Lookalike\00144.tif,C:\SlickTrace\outputs\part_iii_predictions\prediction_0444.tif,5,5833,0.47264413350701295,1811.7839876564376,1550.483456197497,34.67187369212862,35.82882377312958,1734,1498,131,116,EPSG:4326
444,Lookalike,A:\SIH26143_DATA\OFFICIAL_DATASET\PART_III_TEST\Images\Lookalike\00144.tif,C:\SlickTrace\outputs\part_iii_predictions\prediction_0444.tif,6,1517,0.12292150703414,1887.8127883981542,1524.878707976269,34.67870347550257,35.831123886796895,1858,1505,60,41,EPSG:4326
444,Lookalike,A:\SIH26143_DATA\OFFICIAL_DATASET\PART_III_TEST\Images\Lookalike\00144.tif,C:\SlickTrace\outputs\part_iii_predictions\prediction_0444.tif,7,1091,0.08840300868440787,1507.1374885426214,1530.4234647112742,34.644506831487874,35.83062579282471,1475,1516,64,31,EPSG:4326
444,Lookalike,A:\SIH26143_DATA\OFFICIAL_DATASET\PART_III_TEST\Images\Lookalike\00144.tif,C:\SlickTrace\outputs\part_iii_predictions\prediction_0444.tif,8,1624,0.1315916462909976,1876.8238916256157,1610.0116995073893,34.67771632610994,35.82347626004937,1846,1586,62,53,EPSG:4326
444,Lookalike,A:\SIH26143_DATA\OFFICIAL_DATASET\PART_III_TEST\Images\Lookalike\00144.tif,C:\SlickTrace\outputs\part_iii_predictions\prediction_0444.tif,9,1178,0.09545256116428275,1761.5619694397283,1626.6774193548388,34.66736217147228,35.82197915296339,1728,1608,67,40,EPSG:4326
444,Lookalike,A:\SIH26143_DATA\OFFICIAL_DATASET\PART_III_TEST\Images\Lookalike\00144.tif,C:\SlickTrace\outputs\part_iii_predictions\prediction_0444.tif,10,859,0.06960420207140822,1925.0256111757858,1735.1548311990687,34.68204636024921,35.81223446125925,1905,1702,37,64,EPSG:4326
444,Lookalike,A:\SIH26143_DATA\OFFICIAL_DATASET\PART_III_TEST\Images\Lookalike\00144.tif,C:\SlickTrace\outputs\part_iii_predictions\prediction_0444.tif,11,2491,0.2018440830731989,1707.8847852268166,1866.6439181051787,34.66254026797358,35.80042259561298,1674,1827,65,75,EPSG:4326
444,Lookalike,A:\SIH26143_DATA\OFFICIAL_DATASET\PART_III_TEST\Images\Lookalike\00144.tif,C:\SlickTrace\outputs\part_iii_predictions\prediction_0444.tif,12,4210,0.34113351655486446,1438.9750593824228,1929.4040380047506,34.638383696296145,35.794784758119086,1412,1848,58,156,EPSG:4326
444,Lookalike,A:\SIH26143_DATA\OFFICIAL_DATASET\PART_III_TEST\Images\Lookalike\00144.tif,C:\SlickTrace\outputs\part_iii_predictions\prediction_0444.tif,13,2350,0.19041894629547065,1647.3229787234043,1921.6187234042552,34.65709990833199,35.79548412482882,1597,1886,91,69,EPSG:4326
444,Lookalike,A:\SIH26143_DATA\OFFICIAL_DATASET\PART_III_TEST\Images\Lookalike\00144.tif,C:\SlickTrace\outputs\part_iii_predictions\prediction_0444.tif,14,8793,0.7124909765004568,1689.0757420675538,1985.0953030819971,34.66085062287862,35.789781926658,1597,1910,156,138,EPSG:4326
444,Lookalike,A:\SIH26143_DATA\OFFICIAL_DATASET\PART_III_TEST\Images\Lookalike\00144.tif,C:\SlickTrace\outputs\part_iii_predictions\prediction_0444.tif,15,583,0.04724010454904655,1850.5437392795884,1921.542024013722,34.67535553985779,35.795491014852296,1835,1910,34,25,EPSG:4326
444,Lookalike,A:\SIH26143_DATA\OFFICIAL_DATASET\PART_III_TEST\Images\Lookalike\00144.tif,C:\SlickTrace\outputs\part_iii_predictions\prediction_0444.tif,16,553,0.04480922438357246,1573.7992766726943,1976.108499095841,34.65049516180227,35.790589224995614,1563,1955,22,39,EPSG:4326
444,Lookalike,A:\SIH26143_DATA\OFFICIAL_DATASET\PART_III_TEST\Images\Lookalike\00144.tif,C:\SlickTrace\outputs\part_iii_predictions\prediction_0444.tif,17,825,0.06684920455053757,1535.019393939394,2008.8630303030302,34.6470115056647,35.78764683539486,1520,1994,39,38,EPSG:4326
445,Lookalike,A:\SIH26143_DATA\OFFICIAL_DATASET\PART_III_TEST\Images\Lookalike\00145.tif,C:\SlickTrace\outputs\part_iii_predictions\prediction_0445.tif,1,13692,1.1118666521907778,1540.1545427987146,413.2036955886649,34.64747280393536,35.75833115464928,1475,307,129,200,EPSG:4326
445,Lookalike,A:\SIH26143_DATA\OFFICIAL_DATASET\PART_III_TEST\Images\Lookalike\00145.tif,C:\SlickTrace\outputs\part_iii_predictions\prediction_0445.tif,2,3574,0.2902287039826059,1545.1166759932848,564.4071068830442,34.64791855994441,35.7447483211116,1501,512,78,90,EPSG:4326
445,Lookalike,A:\SIH26143_DATA\OFFICIAL_DATASET\PART_III_TEST\Images\Lookalike\00145.tif,C:\SlickTrace\outputs\part_iii_predictions\prediction_0445.tif,3,535,0.043444979471374975,620.626168224299,749.3383177570093,34.564870164629184,35.72813566778772,607,735,28,30,EPSG:4326
446,Lookalike,A:\SIH26143_DATA\OFFICIAL_DATASET\PART_III_TEST\Images\Lookalike\00146.tif,C:\SlickTrace\outputs\part_iii_predictions\prediction_0446.tif,1,12193,1.149645795378881,90.40162388255557,202.5152956614451,37.95709607819062,19.535397382089148,4,135,168,141,EPSG:4326
446,Lookalike,A:\SIH26143_DATA\OFFICIAL_DATASET\PART_III_TEST\Images\Lookalike\00146.tif,C:\SlickTrace\outputs\part_iii_predictions\prediction_0446.tif,2,700,0.06600115285534461,193.55857142857144,264.54,37.96636282445499,19.529825608099113,174,250,39,30,EPSG:4326
446,Lookalike,A:\SIH26143_DATA\OFFICIAL_DATASET\PART_III_TEST\Images\Lookalike\00146.tif,C:\SlickTrace\outputs\part_iii_predictions\prediction_0446.tif,3,3886,0.36640068570838447,392.49433865156976,368.78100874935666,37.98423352848044,19.520461478959955,363,305,55,120,EPSG:4326
446,Lookalike,A:\SIH26143_DATA\OFFICIAL_DATASET\PART_III_TEST\Images\Lookalike\00146.tif,C:\SlickTrace\outputs\part_iii_predictions\prediction_0446.tif,4,27688,2.610628457512545,501.83173215833574,475.9246243860156,37.99405547365173,19.510836604207732,437,304,147,325,EPSG:4326
446,Lookalike,A:\SIH26143_DATA\OFFICIAL_DATASET\PART_III_TEST\Images\Lookalike\00146.tif,C:\SlickTrace\outputs\part_iii_predictions\prediction_0446.tif,5,4771,0.4498450003897844,307.4152169356529,382.5328023475162,37.97659074094075,19.51922613432263,261,333,92,109,EPSG:4326
446,Lookalike,A:\SIH26143_DATA\OFFICIAL_DATASET\PART_III_TEST\Images\Lookalike\00146.tif,C:\SlickTrace\outputs\part_iii_predictions\prediction_0446.tif,6,8424,0.7942767309334614,810.5941358024692,455.1203703703704,38.02179207228723,19.512705482143428,767,359,102,249,EPSG:4326
446,Lookalike,A:\SIH26143_DATA\OFFICIAL_DATASET\PART_III_TEST\Images\Lookalike\00146.tif,C:\SlickTrace\outputs\part_iii_predictions\prediction_0446.tif,7,870,0.08203000426307115,164.1919540229885,391.77241379310345,37.96372477632916,19.518396125904538,146,370,40,49,EPSG:4326
446,Lookalike,A:\SIH26143_DATA\OFFICIAL_DATASET\PART_III_TEST\Images\Lookalike\00146.tif,C:\SlickTrace\outputs\part_iii_predictions\prediction_0446.tif,8,1254,0.11823635097228877,123.35247208931419,409.1371610845295,37.9600561032475,19.51683622411486,92,393,65,33,EPSG:4326
446,Lookalike,A:\SIH26143_DATA\OFFICIAL_DATASET\PART_III_TEST\Images\Lookalike\00146.tif,C:\SlickTrace\outputs\part_iii_predictions\prediction_0446.tif,9,1298,0.12238499486605328,851.060092449923,476.53852080123266,38.02542719102152,19.510781456954465,822,454,59,46,EPSG:4326
446,Lookalike,A:\SIH26143_DATA\OFFICIAL_DATASET\PART_III_TEST\Images\Lookalike\00146.tif,C:\SlickTrace\outputs\part_iii_predictions\prediction_0446.tif,10,16099,1.517932228311704,91.66948257655756,576.2424374184732,37.95720997187491,19.501824901736082,23,480,138,210,EPSG:4326
446,Lookalike,A:\SIH26143_DATA\OFFICIAL_DATASET\PART_III_TEST\Images\Lookalike\00146.tif,C:\SlickTrace\outputs\part_iii_predictions\prediction_0446.tif,11,19109,1.8017371855896858,379.0814799309226,739.9127112878748,37.983028630881186,19.48712215087879,293,611,146,238,EPSG:4326
446,Lookalike,A:\SIH26143_DATA\OFFICIAL_DATASET\PART_III_TEST\Images\Lookalike\00146.tif,C:\SlickTrace\outputs\part_iii_predictions\prediction_0446.tif,12,618,0.05826958923514709,849.6699029126214,647.3689320388349,38.0253023081706,19.495435500013752,833,627,35,40,EPSG:4326
446,Lookalike,A:\SIH26143_DATA\OFFICIAL_DATASET\PART_III_TEST\Images\Lookalike\00146.tif,C:\SlickTrace\outputs\part_iii_predictions\prediction_0446.tif,13,578,0.05449809478627026,877.2283737024221,699.1141868512111,38.02777792772235,19.49078714468589,863,678,30,45,EPSG:4326
446,Lookalike,A:\SIH26143_DATA\OFFICIAL_DATASET\PART_III_TEST\Images\Lookalike\00146.tif,C:\SlickTrace\outputs\part_iii_predictions\prediction_0446.tif,14,53589,5.052765400521517,570.8124801731699,936.1767526917838,38.0002521196769,19.46949145206717,441,682,288,511,EPSG:4326
446,Lookalike,A:\SIH26143_DATA\OFFICIAL_DATASET\PART_III_TEST\Images\Lookalike\00146.tif,C:\SlickTrace\outputs\part_iii_predictions\prediction_0446.tif,15,1442,0.13596237488200988,143.03328710124828,730.9521497919557,37.961824060940415,19.4879270918134,119,701,54,72,EPSG:4326
446,Lookalike,A:\SIH26143_DATA\OFFICIAL_DATASET\PART_III_TEST\Images\Lookalike\00146.tif,C:\SlickTrace\outputs\part_iii_predictions\prediction_0446.tif,16,2135,0.20130351620880105,46.198126463700234,723.3798594847775,37.95312521045633,19.48860732222527,11,703,75,46,EPSG:4326
446,Lookalike,A:\SIH26143_DATA\OFFICIAL_DATASET\PART_III_TEST\Images\Lookalike\00146.tif,C:\SlickTrace\outputs\part_iii_predictions\prediction_0446.tif,17,22165,2.089879361483876,187.45675614707872,915.6872997969772,37.965814689062164,19.471332050937036,60,802,278,254,EPSG:4326
446,Lookalike,A:\SIH26143_DATA\OFFICIAL_DATASET\PART_III_TEST\Images\Lookalike\00146.tif,C:\SlickTrace\outputs\part_iii_predictions\prediction_0446.tif,18,1316,0.12408216736804786,750.7712765957447,949.9627659574468,38.016418093410714,19.46825303342481,737,920,31,62,EPSG:4326
446,Lookalike,A:\SIH26143_DATA\OFFICIAL_DATASET\PART_III_TEST\Images\Lookalike\00146.tif,C:\SlickTrace\outputs\part_iii_predictions\prediction_0446.tif,19,14361,1.3540607945080056,315.9622588956201,1057.9048116426434,37.97735853478341,19.458556434480997,253,922,136,229,EPSG:4326
446,Lookalike,A:\SIH26143_DATA\OFFICIAL_DATASET\PART_III_TEST\Images\Lookalike\00146.tif,C:\SlickTrace\outputs\part_iii_predictions\prediction_0446.tif,20,644,0.06072106062691704,52.51086956521739,1134.304347826087,37.95369229381761,19.451693347375674,37,1117,29,35,EPSG:4326
446,Lookalike,A:\SIH26143_DATA\OFFICIAL_DATASET\PART_III_TEST\Images\Lookalike\00146.tif,C:\SlickTrace\outputs\part_iii_predictions\prediction_0446.tif,21,762,0.0718469692511037,566.9370078740158,1176.238845144357,37.999903980076944,19.447926307388386,548,1156,41,41,EPSG:4326
446,Lookalike,A:\SIH26143_DATA\OFFICIAL_DATASET\PART_III_TEST\Images\Lookalike\00146.tif,C:\SlickTrace\outputs\part_iii_predictions\prediction_0446.tif,22,764,0.07203554397354754,674.7565445026178,1179.1950261780105,38.00958957384496,19.44766074912787,655,1157,36,46,EPSG:4326
446,Lookalike,A:\SIH26143_DATA\OFFICIAL_DATASET\PART_III_TEST\Images\Lookalike\00146.tif,C:\SlickTrace\outputs\part_iii_predictions\prediction_0446.tif,23,1631,0.15378268615295293,224.8062538320049,1197.3513182096874,37.96916985152462,19.446029741664372,204,1171,42,54,EPSG:4326
446,Lookalike,A:\SIH26143_DATA\OFFICIAL_DATASET\PART_III_TEST\Images\Lookalike\00146.tif,C:\SlickTrace\outputs\part_iii_predictions\prediction_0446.tif,24,43831,4.132709329718013,74.54691884739111,1438.2601127056193,37.955671825804785,19.42438853644692,0,1194,228,481,EPSG:4326
446,Lookalike,A:\SIH26143_DATA\OFFICIAL_DATASET\PART_III_TEST\Images\Lookalike\00146.tif,C:\SlickTrace\outputs\part_iii_predictions\prediction_0446.tif,25,507,0.04780369213951388,297.4694280078895,1223.7534516765286,37.975697295520106,19.44365799766171,287,1205,27,38,EPSG:4326
446,Lookalike,A:\SIH26143_DATA\OFFICIAL_DATASET\PART_III_TEST\Images\Lookalike\00146.tif,C:\SlickTrace\outputs\part_iii_predictions\prediction_0446.tif,26,85950,8.103998697024098,214.5973938336242,1639.6978475858057,37.96825277402762,19.406293076842793,1,1273,380,707,EPSG:4326
446,Lookalike,A:\SIH26143_DATA\OFFICIAL_DATASET\PART_III_TEST\Images\Lookalike\00146.tif,C:\SlickTrace\outputs\part_iii_predictions\prediction_0446.tif,27,3850,0.3630063407043953,404.36,1399.9446753246752,37.985299438974984,19.427830470748624,365,1345,77,105,EPSG:4326
446,Lookalike,A:\SIH26143_DATA\OFFICIAL_DATASET\PART_III_TEST\Images\Lookalike\00146.tif,C:\SlickTrace\outputs\part_iii_predictions\prediction_0446.tif,28,16548,1.5602672535003466,457.5322697606962,1598.6221295624848,37.99007598523672,19.409982971373445,356,1521,215,162,EPSG:4326
446,Lookalike,A:\SIH26143_DATA\OFFICIAL_DATASET\PART_III_TEST\Images\Lookalike\00146.tif,C:\SlickTrace\outputs\part_iii_predictions\prediction_0446.tif,29,3356,0.3164283842607664,590.654052443385,1624.8840882002385,38.00203451844003,19.407623819489924,548,1577,84,108,EPSG:4326
446,Lookalike,A:\SIH26143_DATA\OFFICIAL_DATASET\PART_III_TEST\Images\Lookalike\00146.tif,C:\SlickTrace\outputs\part_iii_predictions\prediction_0446.tif,30,1387,0.13077657001480425,714.9581831290556,1666.4794520547946,38.01320094848744,19.40388724438002,689,1642,53,52,EPSG:4326
446,Lookalike,A:\SIH26143_DATA\OFFICIAL_DATASET\PART_III_TEST\Images\Lookalike\00146.tif,C:\SlickTrace\outputs\part_iii_predictions\prediction_0446.tif,31,805,0.07590132578364629,395.0248447204969,1685.9863354037268,37.98446084770826,19.40213491123423,378,1670,34,35,EPSG:4326
446,Lookalike,A:\SIH26143_DATA\OFFICIAL_DATASET\PART_III_TEST\Images\Lookalike\00146.tif,C:\SlickTrace\outputs\part_iii_predictions\prediction_0446.tif,32,1321,0.12455360417415746,489.0348221044663,1737.2997728993187,37.99290590766264,19.39752534671593,462,1711,56,52,EPSG:4326
446,Lookalike,A:\SIH26143_DATA\OFFICIAL_DATASET\PART_III_TEST\Images\Lookalike\00146.tif,C:\SlickTrace\outputs\part_iii_predictions\prediction_0446.tif,33,607,0.057232428261705964,462.0543657331137,1797.321252059308,37.99048221202955,19.392133525505443,449,1783,36,33,EPSG:4326
446,Lookalike,A:\SIH26143_DATA\OFFICIAL_DATASET\PART_III_TEST\Images\Lookalike\00146.tif,C:\SlickTrace\outputs\part_iii_predictions\prediction_0446.tif,34,1341,0.12643935139859588,86.31767337807607,1917.1879194630872,37.956729210674844,19.381365719566915,66,1886,39,72,EPSG:4326
446,Lookalike,A:\SIH26143_DATA\OFFICIAL_DATASET\PART_III_TEST\Images\Lookalike\00146.tif,C:\SlickTrace\outputs\part_iii_predictions\prediction_0446.tif,35,1197,0.11286197138263927,114.7234753550543,1991.8939014202172,37.9592809472822,19.37465476702619,97,1952,32,75,EPSG:4326
447,Lookalike,A:\SIH26143_DATA\OFFICIAL_DATASET\PART_III_TEST\Images\Lookalike\00147.tif,C:\SlickTrace\outputs\part_iii_predictions\prediction_0447.tif,1,15299,1.4440524154518601,99.9273155108177,80.6528531276554,37.957951785628765,19.371352654211485,11,0,175,174,EPSG:4326
447,Lookalike,A:\SIH26143_DATA\OFFICIAL_DATASET\PART_III_TEST\Images\Lookalike\00147.tif,C:\SlickTrace\outputs\part_iii_predictions\prediction_0447.tif,2,1810,0.17084351081560017,196.30441988950275,13.577900552486188,37.96660948821902,19.377378099719472,154,0,75,36,EPSG:4326
447,Lookalike,A:\SIH26143_DATA\OFFICIAL_DATASET\PART_III_TEST\Images\Lookalike\00147.tif,C:\SlickTrace\outputs\part_iii_predictions\prediction_0447.tif,3,242675,22.905772921091586,349.1955784485423,395.5510373956938,37.98034393467305,19.34306486902454,0,0,738,849,EPSG:4326
447,Lookalike,A:\SIH26143_DATA\OFFICIAL_DATASET\PART_III_TEST\Images\Lookalike\00147.tif,C:\SlickTrace\outputs\part_iii_predictions\prediction_0447.tif,4,1421,0.13412631429224742,638.3216045038705,55.35186488388459,38.00631656749728,19.373625480655758,618,30,40,51,EPSG:4326
447,Lookalike,A:\SIH26143_DATA\OFFICIAL_DATASET\PART_III_TEST\Images\Lookalike\00147.tif,C:\SlickTrace\outputs\part_iii_predictions\prediction_0447.tif,5,4757,0.449006950801,794.7187302922009,129.57452175741014,38.020365960346076,19.366957945946012,753,61,97,125,EPSG:4326
447,Lookalike,A:\SIH26143_DATA\OFFICIAL_DATASET\PART_III_TEST\Images\Lookalike\00147.tif,C:\SlickTrace\outputs\part_iii_predictions\prediction_0447.tif,6,832,0.07853138176717091,838.2019230769231,103.25360576923077,38.02427212201416,19.369322394058432,821,89,39,31,EPSG:4326
447,Lookalike,A:\SIH26143_DATA\OFFICIAL_DATASET\PART_III_TEST\Images\Lookalike\00147.tif,C:\SlickTrace\outputs\part_iii_predictions\prediction_0447.tif,7,1119,0.10562093292964453,938.1608579088472,165.83288650580874,38.033251585908545,19.363700801622944,913,146,50,46,EPSG:4326
447,Lookalike,A:\SIH26143_DATA\OFFICIAL_DATASET\PART_III_TEST\Images\Lookalike\00147.tif,C:\SlickTrace\outputs\part_iii_predictions\prediction_0447.tif,8,1981,0.18698397509707398,724.125694093892,203.35285209490158,38.01402448000915,19.360330325768114,697,175,51,60,EPSG:4326
447,Lookalike,A:\SIH26143_DATA\OFFICIAL_DATASET\PART_III_TEST\Images\Lookalike\00147.tif,C:\SlickTrace\outputs\part_iii_predictions\prediction_0447.tif,9,856,0.08079671008737777,778.8306074766355,258.35981308411215,38.01893870598996,19.355388966389157,761,239,39,40,EPSG:4326
447,Lookalike,A:\SIH26143_DATA\OFFICIAL_DATASET\PART_III_TEST\Images\Lookalike\00147.tif,C:\SlickTrace\outputs\part_iii_predictions\prediction_0447.tif,10,1449,0.13676919733248874,813.1394064872326,292.0041407867495,38.02202071784306,19.352366645009237,792,260,40,61,EPSG:4326
447,Lookalike,A:\SIH26143_DATA\OFFICIAL_DATASET\PART_III_TEST\Images\Lookalike\00147.tif,C:\SlickTrace\outputs\part_iii_predictions\prediction_0447.tif,11,4988,0.47081073588299094,652.7979149959904,325.3823175621492,38.00761699659455,19.349368232373898,608,272,75,119,EPSG:4326
447,Lookalike,A:\SIH26143_DATA\OFFICIAL_DATASET\PART_III_TEST\Images\Lookalike\00147.tif,C:\SlickTrace\outputs\part_iii_predictions\prediction_0447.tif,12,2885,0.27231134182486544,1071.809705372617,361.38058925476605,38.04525746614671,19.34613445260756,1041,324,65,68,EPSG:4326
447,Lookalike,A:\SIH26143_DATA\OFFICIAL_DATASET\PART_III_TEST\Images\Lookalike\00147.tif,C:\SlickTrace\outputs\part_iii_predictions\prediction_0447.tif,13,1309,0.12355478213128211,853.8586707410237,361.864782276547,38.02567859158679,19.346090956808368,833,332,38,63,EPSG:4326
447,Lookalike,A:\SIH26143_DATA\OFFICIAL_DATASET\PART_III_TEST\Images\Lookalike\00147.tif,C:\SlickTrace\outputs\part_iii_predictions\prediction_0447.tif,14,529,0.049931611724559385,764.2079395085066,371.3875236294896,38.017625129376924,19.34523551439796,748,360,35,23,EPSG:4326
447,Lookalike,A:\SIH26143_DATA\OFFICIAL_DATASET\PART_III_TEST\Images\Lookalike\00147.tif,C:\SlickTrace\outputs\part_iii_predictions\prediction_0447.tif,15,1523,0.14375395965312654,744.4766907419566,412.8365068942876,38.01585264114275,19.34151208888016,724,382,54,57,EPSG:4326
447,Lookalike,A:\SIH26143_DATA\OFFICIAL_DATASET\PART_III_TEST\Images\Lookalike\00147.tif,C:\SlickTrace\outputs\part_iii_predictions\prediction_0447.tif,16,1088,0.10269488384937733,846.4227941176471,417.07077205882354,38.02501061542463,19.341131718368732,828,396,35,47,EPSG:4326
447,Lookalike,A:\SIH26143_DATA\OFFICIAL_DATASET\PART_III_TEST\Images\Lookalike\00147.tif,C:\SlickTrace\outputs\part_iii_predictions\prediction_0447.tif,17,13304,1.2557469988346655,1142.6542393265183,515.7528562838244,38.05162153891142,19.332266955915923,1065,397,152,220,EPSG:4326
447,Lookalike,A:\SIH26143_DATA\OFFICIAL_DATASET\PART_III_TEST\Images\Lookalike\00147.tif,C:\SlickTrace\outputs\part_iii_predictions\prediction_0447.tif,18,1368,0.12912371425179062,689.4649122807018,457.77997076023394,38.01091084900291,19.337474748828956,667,435,45,50,EPSG:4326
447,Lookalike,A:\SIH26143_DATA\OFFICIAL_DATASET\PART_III_TEST\Images\Lookalike\00147.tif,C:\SlickTrace\outputs\part_iii_predictions\prediction_0447.tif,19,1190,0.11232252921025647,299.9361344537815,474.4075630252101,37.975918883530284,19.335981066801985,269,455,56,44,EPSG:4326
447,Lookalike,A:\SIH26143_DATA\OFFICIAL_DATASET\PART_III_TEST\Images\Lookalike\00147.tif,C:\SlickTrace\outputs\part_iii_predictions\prediction_0447.tif,20,2216,0.20916531489909942,822.7319494584838,547.7188628158844,38.02288243063953,19.329395400691922,797,519,52,67,EPSG:4326
447,Lookalike,A:\SIH26143_DATA\OFFICIAL_DATASET\PART_III_TEST\Images\Lookalike\00147.tif,C:\SlickTrace\outputs\part_iii_predictions\prediction_0447.tif,21,851,0.08032476668733467,304.4242068155112,540.6004700352527,37.97632205393016,19.33003485679524,284,527,39,30,EPSG:4326
447,Lookalike,A:\SIH26143_DATA\OFFICIAL_DATASET\PART_III_TEST\Images\Lookalike\00147.tif,C:\SlickTrace\outputs\part_iii_predictions\prediction_0447.tif,22,928,0.08759269504799831,945.8987068965517,610.042025862069,38.03394668870973,19.323796815700014,926,593,37,37,EPSG:4326
447,Lookalike,A:\SIH26143_DATA\OFFICIAL_DATASET\PART_III_TEST\Images\Lookalike\00147.tif,C:\SlickTrace\outputs\part_iii_predictions\prediction_0447.tif,23,19702,1.859645773529809,91.18495584204649,743.307735255304,37.957166446097794,19.311825353340318,0,609,179,288,EPSG:4326
447,Lookalike,A:\SIH26143_DATA\OFFICIAL_DATASET\PART_III_TEST\Images\Lookalike\00147.tif,C:\SlickTrace\outputs\part_iii_predictions\prediction_0447.tif,24,8022,0.7571859910291406,891.7460732984293,717.5978558962852,38.02908207486608,19.314134911098424,857,635,78,171,EPSG:4326
447,Lookalike,A:\SIH26143_DATA\OFFICIAL_DATASET\PART_III_TEST\Images\Lookalike\00147.tif,C:\SlickTrace\outputs\part_iii_predictions\prediction_0447.tif,25,1021,0.09637084228879987,330.1380999020568,743.5318315377082,37.97863197224755,19.31180522242876,311,709,41,64,EPSG:4326
447,Lookalike,A:\SIH26143_DATA\OFFICIAL_DATASET\PART_III_TEST\Images\Lookalike\00147.tif,C:\SlickTrace\outputs\part_iii_predictions\prediction_0447.tif,26,599,0.056538819325162706,269.0667779632721,804.2838063439065,37.973145842055644,19.30634777967787,248,794,39,22,EPSG:4326
447,Lookalike,A:\SIH26143_DATA\OFFICIAL_DATASET\PART_III_TEST\Images\Lookalike\00147.tif,C:\SlickTrace\outputs\part_iii_predictions\prediction_0447.tif,27,662,0.0624853061657057,241.63595166163142,831.8126888217523,37.970681689003364,19.303874818089415,230,813,25,43,EPSG:4326
447,Lookalike,A:\SIH26143_DATA\OFFICIAL_DATASET\PART_III_TEST\Images\Lookalike\00147.tif,C:\SlickTrace\outputs\part_iii_predictions\prediction_0447.tif,28,622,0.058709758965360945,496.2652733118971,870.4228295819936,37.99355543014571,19.300406410132723,484,856,27,33,EPSG:4326
447,Lookalike,A:\SIH26143_DATA\OFFICIAL_DATASET\PART_III_TEST\Images\Lookalike\00147.tif,C:\SlickTrace\outputs\part_iii_predictions\prediction_0447.tif,29,1711,0.1614990314947469,624.124488603156,934.8901227352426,38.005041218876876,19.294615214656183,602,909,45,59,EPSG:4326
447,Lookalike,A:\SIH26143_DATA\OFFICIAL_DATASET\PART_III_TEST\Images\Lookalike\00147.tif,C:\SlickTrace\outputs\part_iii_predictions\prediction_0447.tif,30,774,0.07305683832667101,62.7093023255814,1145.1808785529715,37.95460843461988,19.275724474650172,45,1125,35,38,EPSG:4326
447,Lookalike,A:\SIH26143_DATA\OFFICIAL_DATASET\PART_III_TEST\Images\Lookalike\00147.tif,C:\SlickTrace\outputs\part_iii_predictions\prediction_0447.tif,31,5788,0.5463216798898861,113.22062888735314,1335.3838977194196,37.95914594428704,19.258638246729884,60,1277,101,112,EPSG:4326
447,Lookalike,A:\SIH26143_DATA\OFFICIAL_DATASET\PART_III_TEST\Images\Lookalike\00147.tif,C:\SlickTrace\outputs\part_iii_predictions\prediction_0447.tif,32,2047,0.19321362797764285,348.26819736199315,1327.0630190522716,37.980260626612626,19.259385723978284,328,1287,44,78,EPSG:4326
447,Lookalike,A:\SIH26143_DATA\OFFICIAL_DATASET\PART_III_TEST\Images\Lookalike\00147.tif,C:\SlickTrace\outputs\part_iii_predictions\prediction_0447.tif,33,1210,0.11421030281042883,13.047933884297521,1396.4446280991735,37.95014727798977,19.25315306799392,0,1356,38,69,EPSG:4326
447,Lookalike,A:\SIH26143_DATA\OFFICIAL_DATASET\PART_III_TEST\Images\Lookalike\00147.tif,C:\SlickTrace\outputs\part_iii_predictions\prediction_0447.tif,34,38275,3.6127267273298873,127.73693011103853,1564.067668190725,37.96044996581285,19.238095234105437,0,1358,275,394,EPSG:4326
447,Lookalike,A:\SIH26143_DATA\OFFICIAL_DATASET\PART_III_TEST\Images\Lookalike\00147.tif,C:\SlickTrace\outputs\part_iii_predictions\prediction_0447.tif,35,3196,0.30166622130754595,577.8322903629537,1442.2487484355445,38.000882719955406,19.24903841385654,532,1378,80,116,EPSG:4326
447,Lookalike,A:\SIH26143_DATA\OFFICIAL_DATASET\PART_III_TEST\Images\Lookalike\00147.tif,C:\SlickTrace\outputs\part_iii_predictions\prediction_0447.tif,36,1149,0.10845259332990309,486.9033942558747,1405.3925152306354,37.9927144382413,19.252349265616843,467,1383,39,43,EPSG:4326
447,Lookalike,A:\SIH26143_DATA\OFFICIAL_DATASET\PART_III_TEST\Images\Lookalike\00147.tif,C:\SlickTrace\outputs\part_iii_predictions\prediction_0447.tif,37,103755,9.79329749429425,394.8510625993928,1757.6087610235652,37.98444523659471,19.220709141925745,203,1391,420,628,EPSG:4326
447,Lookalike,A:\SIH26143_DATA\OFFICIAL_DATASET\PART_III_TEST\Images\Lookalike\00147.tif,C:\SlickTrace\outputs\part_iii_predictions\prediction_0447.tif,38,1879,0.17735632973619486,17.24374667376264,1463.4853645556148,37.950524194265576,19.247130696172174,1,1429,37,72,EPSG:4326
447,Lookalike,A:\SIH26143_DATA\OFFICIAL_DATASET\PART_III_TEST\Images\Lookalike\00147.tif,C:\SlickTrace\outputs\part_iii_predictions\prediction_0447.tif,39,165063,15.580078688262658,930.6819335647601,1785.7596554043002,38.03257974270384,19.21818030405736,576,1492,780,556,EPSG:4326
447,Lookalike,A:\SIH26143_DATA\OFFICIAL_DATASET\PART_III_TEST\Images\Lookalike\00147.tif,C:\SlickTrace\outputs\part_iii_predictions\prediction_0447.tif,40,871,0.08221254028750705,765.5820895522388,1552.0574052812858,38.01774857137562,19.239174134379223,745,1537,39,32,EPSG:4326
447,Lookalike,A:\SIH26143_DATA\OFFICIAL_DATASET\PART_III_TEST\Images\Lookalike\00147.tif,C:\SlickTrace\outputs\part_iii_predictions\prediction_0447.tif,41,3123,0.2947758476669168,526.1389689401217,1590.0377841818763,37.996239029883306,19.23576229889292,502,1543,48,106,EPSG:4326
447,Lookalike,A:\SIH26143_DATA\OFFICIAL_DATASET\PART_III_TEST\Images\Lookalike\00147.tif,C:\SlickTrace\outputs\part_iii_predictions\prediction_0447.tif,42,990,0.09344479320853269,203.15757575757576,1566.1747474747474,37.967225117685096,19.237905951952868,189,1544,32,42,EPSG:4326
447,Lookalike,A:\SIH26143_DATA\OFFICIAL_DATASET\PART_III_TEST\Images\Lookalike\00147.tif,C:\SlickTrace\outputs\part_iii_predictions\prediction_0447.tif,43,1728,0.16310363905489342,232.16666666666666,1613.5121527777778,37.9698310486593,19.233653560483443,215,1577,34,74,EPSG:4326
447,Lookalike,A:\SIH26143_DATA\OFFICIAL_DATASET\PART_III_TEST\Images\Lookalike\00147.tif,C:\SlickTrace\outputs\part_iii_predictions\prediction_0447.tif,44,1411,0.13318242749216125,974.9184975194897,1616.9355067328136,38.03655358085558,19.233346035365365,956,1592,41,53,EPSG:4326
447,Lookalike,A:\SIH26143_DATA\OFFICIAL_DATASET\PART_III_TEST\Images\Lookalike\00147.tif,C:\SlickTrace\outputs\part_iii_predictions\prediction_0447.tif,45,2568,0.24239013026213327,1392.877725856698,1649.5880062305296,38.074099497150996,19.230412811429016,1358,1622,70,56,EPSG:4326
447,Lookalike,A:\SIH26143_DATA\OFFICIAL_DATASET\PART_III_TEST\Images\Lookalike\00147.tif,C:\SlickTrace\outputs\part_iii_predictions\prediction_0447.tif,46,815,0.07692677420702439,951.8196319018405,1668.0282208588958,38.03447857445257,19.228756298764704,939,1649,26,39,EPSG:4326
447,Lookalike,A:\SIH26143_DATA\OFFICIAL_DATASET\PART_III_TEST\Images\Lookalike\00147.tif,C:\SlickTrace\outputs\part_iii_predictions\prediction_0447.tif,47,7217,0.6812031036222025,183.90577802410974,1717.6211722322294,37.96549569927002,19.224301288144378,114,1653,130,141,EPSG:4326
447,Lookalike,A:\SIH26143_DATA\OFFICIAL_DATASET\PART_III_TEST\Images\Lookalike\00147.tif,C:\SlickTrace\outputs\part_iii_predictions\prediction_0447.tif,48,1513,0.14281007285304037,556.2894910773298,1682.0436219431592,37.99894749736931,19.227497273864,537,1652,39,61,EPSG:4326
447,Lookalike,A:\SIH26143_DATA\OFFICIAL_DATASET\PART_III_TEST\Images\Lookalike\00147.tif,C:\SlickTrace\outputs\part_iii_predictions\prediction_0447.tif,49,582,0.054934211765016186,509.2439862542955,1703.4862542955327,37.99472132776614,19.22557104942661,500,1685,20,39,EPSG:4326
447,Lookalike,A:\SIH26143_DATA\OFFICIAL_DATASET\PART_III_TEST\Images\Lookalike\00147.tif,C:\SlickTrace\outputs\part_iii_predictions\prediction_0447.tif,50,2568,0.24239013026213327,1449.058800623053,1809.697429906542,38.07914632896508,19.21602993718704,1422,1777,59,73,EPSG:4326
447,Lookalike,A:\SIH26143_DATA\OFFICIAL_DATASET\PART_III_TEST\Images\Lookalike\00147.tif,C:\SlickTrace\outputs\part_iii_predictions\prediction_0447.tif,51,1778,0.16782307305532437,194.73678290213724,1847.3824521934757,37.96646866499245,19.212644634036767,173,1814,50,62,EPSG:4326
447,Lookalike,A:\SIH26143_DATA\OFFICIAL_DATASET\PART_III_TEST\Images\Lookalike\00147.tif,C:\SlickTrace\outputs\part_iii_predictions\prediction_0447.tif,52,2919,0.2755205569451585,684.8259677971909,2026.978417266187,38.01049412552974,19.196511253997667,623,1985,116,63,EPSG:4326
448,Lookalike,A:\SIH26143_DATA\OFFICIAL_DATASET\PART_III_TEST\Images\Lookalike\00148.tif,C:\SlickTrace\outputs\part_iii_predictions\prediction_0448.tif,1,1432,0.13530841745570119,685.4748603351956,1170.2199720670392,38.010552416538204,19.09848335726327,659,1151,55,42,EPSG:4326
448,Lookalike,A:\SIH26143_DATA\OFFICIAL_DATASET\PART_III_TEST\Images\Lookalike\00148.tif,C:\SlickTrace\outputs\part_iii_predictions\prediction_0448.tif,2,1007,0.09515054216333177,228.1578947368421,1286.4011916583913,37.96947093454979,19.088046620734616,209,1262,39,55,EPSG:4326
448,Lookalike,A:\SIH26143_DATA\OFFICIAL_DATASET\PART_III_TEST\Images\Lookalike\00148.tif,C:\SlickTrace\outputs\part_iii_predictions\prediction_0448.tif,3,641,0.06056752485272658,238.46957878315132,1355.015600624025,37.97039724888817,19.08188288350615,225,1336,27,36,EPSG:4326
448,Lookalike,A:\SIH26143_DATA\OFFICIAL_DATASET\PART_III_TEST\Images\Lookalike\00148.tif,C:\SlickTrace\outputs\part_iii_predictions\prediction_0448.tif,4,870,0.08220553295143858,16.797701149425286,1362.2896551724139,37.95048412531438,19.081229444068317,3,1339,27,48,EPSG:4326
448,Lookalike,A:\SIH26143_DATA\OFFICIAL_DATASET\PART_III_TEST\Images\Lookalike\00148.tif,C:\SlickTrace\outputs\part_iii_predictions\prediction_0448.tif,5,2452,0.2316873181573878,444.11174551386625,1364.2234910277325,37.98887039903153,19.081055724637736,403,1338,80,65,EPSG:4326
448,Lookalike,A:\SIH26143_DATA\OFFICIAL_DATASET\PART_III_TEST\Images\Lookalike\00148.tif,C:\SlickTrace\outputs\part_iii_predictions\prediction_0448.tif,6,560,0.052913906267592646,74.40535714285714,1360.8607142857143,37.95565910910051,19.08135780801218,62,1344,26,31,EPSG:4326
448,Lookalike,A:\SIH26143_DATA\OFFICIAL_DATASET\PART_III_TEST\Images\Lookalike\00148.tif,C:\SlickTrace\outputs\part_iii_predictions\prediction_0448.tif,7,1032,0.09751277012170645,498.1763565891473,1410.7926356589148,37.99372710567743,19.076872347198677,478,1393,39,40,EPSG:4326
448,Lookalike,A:\SIH26143_DATA\OFFICIAL_DATASET\PART_III_TEST\Images\Lookalike\00148.tif,C:\SlickTrace\outputs\part_iii_predictions\prediction_0448.tif,8,524465,49.55623544755888,663.4386756027571,1820.8651845213694,38.008572872383326,19.04003490337458,0,1407,1423,641,EPSG:4326
448,Lookalike,A:\SIH26143_DATA\OFFICIAL_DATASET\PART_III_TEST\Images\Lookalike\00148.tif,C:\SlickTrace\outputs\part_iii_predictions\prediction_0448.tif,9,966,0.0912764883115973,364.2670807453416,1482.8654244306417,37.98169783075984,19.070397938426403,351,1454,33,56,EPSG:4326
448,Lookalike,A:\SIH26143_DATA\OFFICIAL_DATASET\PART_III_TEST\Images\Lookalike\00148.tif,C:\SlickTrace\outputs\part_iii_predictions\prediction_0448.tif,10,856,0.08088268529474876,1477.2640186915887,1496.911214953271,38.081680046813375,19.069136183596,1465,1477,30,44,EPSG:4326
448,Lookalike,A:\SIH26143_DATA\OFFICIAL_DATASET\PART_III_TEST\Images\Lookalike\00148.tif,C:\SlickTrace\outputs\part_iii_predictions\prediction_0448.tif,11,1974,0.18652151959326407,1268.1788247213779,1521.7041540020264,38.06289760427072,19.066908995987426,1250,1484,38,80,EPSG:4326
448,Lookalike,A:\SIH26143_DATA\OFFICIAL_DATASET\PART_III_TEST\Images\Lookalike\00148.tif,C:\SlickTrace\outputs\part_iii_predictions\prediction_0448.tif,12,5096,0.48151654703509306,361.95094191522765,1548.385989010989,37.98148976846871,19.064512125967735,321,1494,83,119,EPSG:4326
448,Lookalike,A:\SIH26143_DATA\OFFICIAL_DATASET\PART_III_TEST\Images\Lookalike\00148.tif,C:\SlickTrace\outputs\part_iii_predictions\prediction_0448.tif,13,2750,0.2598450754212139,279.5763636363636,1609.0770909090909,37.97408993419963,19.059060151523223,249,1539,61,134,EPSG:4326
448,Lookalike,A:\SIH26143_DATA\OFFICIAL_DATASET\PART_III_TEST\Images\Lookalike\00148.tif,C:\SlickTrace\outputs\part_iii_predictions\prediction_0448.tif,14,1757,0.1660173809145719,925.624359704041,1610.720546385885,38.032125413113874,19.058912517405865,903,1562,46,91,EPSG:4326
448,Lookalike,A:\SIH26143_DATA\OFFICIAL_DATASET\PART_III_TEST\Images\Lookalike\00148.tif,C:\SlickTrace\outputs\part_iii_predictions\prediction_0448.tif,15,1640,0.15496215406937847,1456.4073170731708,1632.8170731707316,38.079806457429356,19.05692755263219,1431,1605,46,57,EPSG:4326
448,Lookalike,A:\SIH26143_DATA\OFFICIAL_DATASET\PART_III_TEST\Images\Lookalike\00148.tif,C:\SlickTrace\outputs\part_iii_predictions\prediction_0448.tif,16,59752,5.645913798752135,1524.3804726201633,1887.0586591243807,38.08591258988313,19.03408864238009,1350,1628,315,420,EPSG:4326
448,Lookalike,A:\SIH26143_DATA\OFFICIAL_DATASET\PART_III_TEST\Images\Lookalike\00148.tif,C:\SlickTrace\outputs\part_iii_predictions\prediction_0448.tif,17,853,0.0805992179397438,1398.092614302462,1712.8628370457209,38.074567958550574,19.049736919320395,1381,1697,36,40,EPSG:4326
448,Lookalike,A:\SIH26143_DATA\OFFICIAL_DATASET\PART_III_TEST\Images\Lookalike\00148.tif,C:\SlickTrace\outputs\part_iii_predictions\prediction_0448.tif,18,14401,1.3607377931421458,1733.3842788695229,1910.0832581070758,38.10468772124242,19.032020307462403,1683,1785,114,263,EPSG:4326
448,Lookalike,A:\SIH26143_DATA\OFFICIAL_DATASET\PART_III_TEST\Images\Lookalike\00148.tif,C:\SlickTrace\outputs\part_iii_predictions\prediction_0448.tif,19,15621,1.47601451751083,1858.192305230139,1900.5939440496768,38.11589941700848,19.03287274704776,1790,1786,145,242,EPSG:4326
448,Lookalike,A:\SIH26143_DATA\OFFICIAL_DATASET\PART_III_TEST\Images\Lookalike\00148.tif,C:\SlickTrace\outputs\part_iii_predictions\prediction_0448.tif,20,1208,0.11414285494866414,2032.4528145695365,1975.237582781457,38.13155350490428,19.026167394894255,2013,1951,34,57,EPSG:4326
