mmsi,vessel_name,imo,call_sign,vessel_type,ais_points,min_distance_km,min_distance_time,min_distance_latitude,min_distance_longitude,first_timestamp,first_latitude,first_longitude,first_distance_km,last_timestamp,last_latitude,last_longitude,last_distance_km,distance_change_km,trajectory_direction,spatial_score,trajectory_score,coverage_score,temporal_compatibility,evidence_score,before_distance_km,after_distance_km,local_direction,approach_pattern,observations_before,observations_after,total_observations,sog_at_min_kmh,cog_at_min_degrees,bearing_to_spill_degrees,heading_difference_degrees,movement_bearing_degrees,movement_to_spill_difference_degrees,geometry_assessment,analysis_date,spill_latitude,spill_longitude,spill_area_km2,spatial_evidence,trajectory_evidence,geometry_evidence,attribution_status
368099430,AXIS,IMO9700988,WDK8997,70.0,190,0.1897094639738053,2025-01-08 15:10:48,28.85955,-88.83598,2025-01-08 12:25:59,28.84997,-89.34662,49.81087488979321,2025-01-08 17:51:28,28.89528,-88.33377,48.78035207094738,1.0305228188458315,stationary/near-stationary,99.62,50.0,38.0,unavailable,77.97,19.271,17.508,approaching,approached_then_departed,49,24,190,10.4,79.2,0.62,78.58,78.65,78.03,partially_aligned,2025-01-08,28.942782,-88.834958,57.677181,True,True,False,candidate_only
563096700,EVER SAFETY,IMO9300465,9V2792,73.0,124,0.222275114393942,2025-01-08 00:39:54,29.0384,-88.8337,2025-01-08 00:00:05,28.94872,-88.98625,14.72136144738613,2025-01-08 19:49:01,29.11427,-88.80858,2.58613883642488,12.13522261096125,approaching,99.56,100.0,24.8,unavailable,88.45,14.721,2.827,approaching,approached_then_departed,22,9,124,14.7,55.0,180.66,125.66,55.75,124.91,not_aligned_with_spill,2025-01-08,28.942782,-88.834958,57.677181,True,True,False,candidate_only
367556640,CAPT DONALD LOWE SR,IMO9645607,WDG6405,52.0,193,0.2638145439170772,2025-01-08 06:34:53,28.88078,-88.83737,2025-01-08 01:29:32,29.27328,-89.34631,49.68242280457142,2025-01-08 08:10:52,28.8754,-88.49499,33.09227798968606,16.590144814885356,approaching,99.47,100.0,38.6,unavailable,90.47,20.895,17.62,approaching,approached_then_departed,51,35,193,11.3,91.9,1.95,89.95,91.62,89.67,partially_aligned,2025-01-08,28.942782,-88.834958,57.677181,True,True,False,candidate_only
636023613,CEDAR,IMO9907433,5LOO2,80.0,129,0.3040017525435545,2025-01-08 21:51:31,29.03531,-88.83748,2025-01-08 19:20:00,28.75307,-89.3458,49.75520990778652,2025-01-08 23:58:41,29.43746,-88.93905,10.14999212800272,39.6052177797838,approaching,99.39,100.0,25.8,unavailable,88.51,19.705,1.302,approaching,approaching,20,34,129,13.0,58.0,178.63,120.63,58.04,120.6,not_aligned_with_spill,2025-01-08,28.942782,-88.834958,57.677181,True,False,False,candidate_only
367583170,CONNOR BORDELON,IMO9670626,WBCC,90.0,149,0.3216080614768479,2025-01-08 04:27:15,28.78404,-88.83401,2025-01-08 01:20:46,28.75058,-89.34653,49.82693670961016,2025-01-08 06:24:04,28.81497,-88.51839,30.82424661277841,19.00269009683175,approaching,99.36,100.0,29.8,unavailable,89.08,15.678,8.792,approaching,approached_then_departed,44,18,149,8.6,83.0,359.7,83.3,83.26,83.56,partially_aligned,2025-01-08,28.942782,-88.834958,57.677181,True,True,False,candidate_only
477346500,HENRIKA SCHULTE,IMO9535163,VRJF2,72.0,112,0.3427777413914392,2025-01-08 06:27:17,28.78391,-88.83342,2025-01-08 02:00:01,29.13625,-89.25733,41.062964617550456,2025-01-08 20:39:01,29.16095,-89.25549,40.879649488477234,0.1833151290732217,stationary/near-stationary,99.31,50.0,22.4,unavailable,75.45,21.122,5.469,approaching,approached_then_departed,24,6,112,12.3,80.0,359.51,80.49,79.27,79.76,partially_aligned,2025-01-08,28.942782,-88.834958,57.677181,True,True,False,candidate_only
367710550,MS NANCY,IMO9772979,WDI5631,70.0,481,0.446537356665688,2025-01-08 00:18:40,29.17082,-88.83557,2025-01-08 00:00:40,29.1275,-88.77908,5.444275926186726,2025-01-08 22:16:47,29.29218,-89.34885,49.92503278028533,-44.4807568540986,departing,99.11,25.0,96.2,unavailable,80.14,5.444,25.678,departing,approached_then_departed,15,49,481,19.8,309.1,179.87,129.23,309.68,129.82,not_aligned_with_spill,2025-01-08,28.942782,-88.834958,57.677181,True,True,False,candidate_only
366983730,MR LLOYD,IMO8988480,WDH6207,60.0,177,0.4493335516100809,2025-01-08 19:22:30,29.06223,-88.831,2025-01-08 09:45:56,28.89478,-89.27682,43.00631996443352,2025-01-08 20:40:14,28.87097,-89.34455,49.60421950736104,-6.5978995429275145,departing,99.1,25.0,35.4,unavailable,71.02,9.872,24.122,departing,approached_then_departed,22,27,177,21.5,268.3,181.66,86.64,260.05,78.39,partially_aligned,2025-01-08,28.942782,-88.834958,57.677181,True,True,False,candidate_only
538009307,MAYAN,IMO9896799,V7A4569,70.0,383,0.4574702741229483,2025-01-08 02:38:49,29.17672,-88.83438,2025-01-08 00:00:39,28.81567,-88.90173,6.50604194158439,2025-01-08 10:05:58,29.94152,-88.32007,49.89398190200423,-43.38793996041984,departing,99.09,25.0,76.6,unavailable,77.19,5.327,4.866,near_stationary,approached_then_departed,47,44,383,8.1,341.0,180.12,160.88,340.36,160.23,not_aligned_with_spill,2025-01-08,28.942782,-88.834958,57.677181,True,True,False,candidate_only
366847780,PACIFIC DAWN,IMO7400467,WDA7844,31.0,169,0.460960631412637,2025-01-08 01:05:27,29.17994,-88.83522,2025-01-08 00:00:36,29.11658,-88.92357,8.621918256495672,2025-01-08 06:41:46,29.54144,-88.34196,47.8461541463565,-39.22423588986082,departing,99.08,25.0,33.8,unavailable,70.77,7.958,8.684,near_stationary,approached_then_departed,51,48,169,5.9,53.3,179.94,126.64,48.49,131.45,not_aligned_with_spill,2025-01-08,28.942782,-88.834958,57.677181,True,True,False,candidate_only
367391920,GOL SUPPORTER,IMO9559157,WDP3262,70.0,132,0.5360511670194011,2025-01-08 07:30:36,28.79244,-88.83034,2025-01-08 04:53:26,28.61345,-89.34511,49.723884921793896,2025-01-08 15:19:47,29.13723,-88.35693,46.47319635748475,3.250688564309144,stationary/near-stationary,98.93,50.0,26.4,unavailable,75.82,18.722,14.892,approaching,approached_then_departed,39,18,132,11.4,68.3,358.46,69.84,67.75,69.29,partially_aligned,2025-01-08,28.942782,-88.834958,57.677181,True,True,False,candidate_only
366911650,GOL POWER,IMO8980701,WDP3263,70.0,45,0.6494328139013504,2025-01-08 01:40:55,28.63064,-88.83736,2025-01-08 00:28:56,28.6285,-89.03461,19.466401875141763,2025-01-08 02:55:45,28.73218,-88.63404,19.574799258589085,-0.1083973834473219,stationary/near-stationary,98.7,50.0,9.0,unavailable,73.07,7.847,15.374,departing,approached_then_departed,8,31,45,9.7,61.4,0.39,61.01,60.52,60.14,partially_aligned,2025-01-08,28.942782,-88.834958,57.677181,True,True,False,candidate_only
369050000,STIM STAR III,IMO9274991,WDA7484,70.0,112,0.6666743108656166,2025-01-08 13:12:12,28.625,-88.83236,2025-01-08 10:47:43,28.62738,-89.24998,40.45029854723826,2025-01-08 16:14:34,28.62627,-88.33085,49.13156620523074,-8.681267657992478,departing,98.67,25.0,22.4,unavailable,68.81,16.409,16.422,near_stationary,approached_then_departed,21,21,112,8.9,88.9,359.59,89.31,89.44,89.85,partially_aligned,2025-01-08,28.942782,-88.834958,57.677181,True,True,False,candidate_only
367594520,HERO,IMO8964147,WDH2114,60.0,536,0.7000233504923842,2025-01-08 11:28:52,29.30303,-88.83532,2025-01-08 08:37:54,29.29264,-89.34832,49.87345227785732,2025-01-08 23:00:02,29.26909,-88.7668,6.651961153479342,43.22149112437798,approaching,98.6,100.0,100.0,unavailable,99.16,24.82,7.289,approaching,approached_then_departed,23,42,536,14.1,92.7,179.95,87.25,89.24,90.71,partially_aligned,2025-01-08,28.942782,-88.834958,57.677181,True,True,False,candidate_only
367701480,HAWK,IMO8987840,WDI4741,70.0,78,0.9193820840454828,2025-01-08 20:40:28,28.47108,-88.83583,2025-01-08 02:54:09,28.69267,-89.34744,49.930355456687145,2025-01-08 22:59:28,28.61933,-89.18049,33.68071607171259,16.249639384974557,approaching,98.16,100.0,15.6,unavailable,86.24,1.901,14.23,departing,approached_then_departed,2,19,78,9.1,299.2,0.09,60.89,298.23,61.86,partially_aligned,2025-01-08,28.942782,-88.834958,57.677181,True,True,False,candidate_only
367376530,MATTERHORN TLP,,WDE6150,90.0,775,0.9774632985232912,2025-01-08 02:08:02,28.74251,-88.82575,2025-01-08 00:00:02,28.74249,-88.82556,0.9944859903718076,2025-01-08 23:53:02,28.74246,-88.82555,0.99540544533223,-0.0009194549604223,stationary/near-stationary,98.05,50.0,100.0,unavailable,86.33,0.993,0.99,near_stationary,mixed,50,50,775,0.1,258.6,357.7,99.1,245.48,112.22,not_aligned_with_spill,2025-01-08,28.942782,-88.834958,57.677181,True,False,False,candidate_only
338068000,SQUALL,IMO9690391,WDI5397,70.0,95,1.2903030028157618,2025-01-08 04:14:09,28.28301,-88.83659,2025-01-08 01:13:38,28.4833,-89.33511,48.78345206674946,2025-01-08 22:51:19,28.19227,-88.48878,33.837256531532105,14.946195535217356,approaching,97.42,100.0,19.0,unavailable,86.3,10.652,7.877,approaching,approached_then_departed,12,3,95,9.8,117.6,0.12,117.48,118.01,117.89,not_aligned_with_spill,2025-01-08,28.942782,-88.834958,57.677181,True,True,False,candidate_only
368356790,CAPTAIN HENRY,,WDP4697,30.0,480,1.407598997138732,2025-01-08 17:40:27,29.667,-88.83575,2025-01-08 08:06:27,28.9225,-89.3469,49.82042218088993,2025-01-08 23:59:27,30.29405,-88.35982,46.00013409269176,3.820288088198169,stationary/near-stationary,97.18,50.0,96.0,unavailable,85.21,5.498,5.633,near_stationary,approached_then_departed,39,41,480,7.8,22.4,179.95,157.55,22.38,157.56,not_aligned_with_spill,2025-01-08,28.942782,-88.834958,57.677181,True,True,False,candidate_only
367773540,LUCY,IMO9732486,WDJ4010,70.0,75,1.798857361103088,2025-01-08 02:45:45,28.30417,-88.8216,2025-01-08 00:11:06,28.1789,-88.5003,32.71656102626744,2025-01-08 06:09:55,28.54121,-89.34444,49.67764577695733,-16.961084750689885,departing,96.4,25.0,15.0,unavailable,66.34,14.152,13.814,near_stationary,approached_then_departed,14,13,75,9.1,293.2,358.95,65.75,293.88,65.07,partially_aligned,2025-01-08,28.942782,-88.834958,57.677181,True,True,False,candidate_only
367381000,SEAKAY VALOR,IMO9353541,WGEH,80.0,43,1.9647332666390145,2025-01-08 16:42:36,27.93845,-88.83243,2025-01-08 14:52:37,27.81235,-88.34174,48.299858320209694,2025-01-08 18:28:48,27.99185,-89.33487,48.89915076910787,-0.5992924488981757,stationary/near-stationary,96.07,50.0,8.6,unavailable,71.43,26.082,25.991,near_stationary,approached_then_departed,8,10,43,14.9,287.2,359.87,72.67,286.23,73.64,partially_aligned,2025-01-08,28.942782,-88.834958,57.677181,True,True,False,candidate_only
636022162,CL AGATHA CHRISTIE,IMO9943346,5LHL7,80.0,99,2.165261835176941,2025-01-08 22:33:39,27.82744,-88.83552,2025-01-08 18:04:04,26.96879,-88.32754,49.97590427460551,2025-01-08 23:59:21,28.12586,-89.01196,17.362970530316844,32.61293374428867,approaching,95.67,100.0,19.8,unavailable,85.37,12.97,11.11,approaching,approached_then_departed,34,26,99,14.1,332.4,0.03,27.63,332.55,27.47,motion_toward_spill,2025-01-08,28.942782,-88.834958,57.677181,True,True,True,candidate_only
367594790,HELLO DOLLY VII,,WDH2141,37.0,222,2.18792052971751,2025-01-08 21:00:34,30.06987,-88.83547,2025-01-08 18:10:12,30.18036,-89.35069,49.93563186323993,2025-01-08 23:00:02,29.87927,-88.49688,32.796548801919016,17.13908306132091,approaching,95.62,100.0,44.4,unavailable,89.03,17.942,17.448,near_stationary,approached_then_departed,24,51,222,10.3,105.4,179.98,74.58,105.23,74.75,partially_aligned,2025-01-08,28.942782,-88.834958,57.677181,True,True,False,candidate_only
368299880,LE FAMILY V,,WDN6520,30.0,614,2.236650455158547,2025-01-08 05:26:29,30.09441,-88.83585,2025-01-08 00:05:29,30.1066,-88.86124,3.40103962928052,2025-01-08 22:58:57,30.10786,-88.8663,3.782495818262369,-0.3814561889818493,stationary/near-stationary,95.53,50.0,100.0,unavailable,84.82,2.299,3.617,departing,approached_then_departed,24,29,614,2.9,270.9,179.96,90.94,268.08,88.12,not_aligned_with_spill,2025-01-08,28.942782,-88.834958,57.677181,True,True,False,candidate_only
368129990,PRINCESS IVY,,WDL4286,30.0,708,2.2378385803887157,2025-01-08 19:37:38,30.09586,-88.83482,2025-01-08 00:00:00,29.97169,-88.58988,23.811056295892108,2025-01-08 22:58:04,30.10071,-88.85097,2.729459415492909,21.0815968803992,approaching,95.52,100.0,100.0,unavailable,97.31,3.56,3.676,near_stationary,approached_then_departed,42,20,708,2.7,110.1,180.01,69.91,111.07,68.94,partially_aligned,2025-01-08,28.942782,-88.834958,57.677181,True,True,False,candidate_only
368031260,THE BROTHERS,,WDJ9979,30.0,462,2.243418576215989,2025-01-08 21:24:10,30.09863,-88.8353,2025-01-08 00:03:53,29.92002,-88.64027,18.948730129315795,2025-01-08 22:59:40,30.1124,-88.81834,2.781586453343016,16.167143675972778,approaching,95.51,100.0,92.4,unavailable,96.17,2.765,2.675,near_stationary,approached_then_departed,32,40,462,3.4,272.3,179.99,92.31,272.08,92.1,not_aligned_with_spill,2025-01-08,28.942782,-88.834958,57.677181,True,True,False,candidate_only
368113750,LE FAMILY II,,WDL2613,30.0,382,2.243638050858103,2025-01-08 21:24:59,30.097,-88.83364,2025-01-08 00:04:10,30.1038,-88.78846,5.0314225335412806,2025-01-08 22:59:59,30.10668,-88.83836,2.282651590559276,2.7487709429820044,stationary/near-stationary,95.51,50.0,76.4,unavailable,81.27,2.565,2.294,near_stationary,approached_then_departed,27,30,382,3.0,285.0,180.06,104.94,284.56,104.5,not_aligned_with_spill,2025-01-08,28.942782,-88.834958,57.677181,True,True,False,candidate_only
367677940,JUSTIN DANG,IMO8940115,WDI2417,30.0,374,2.251045092147141,2025-01-08 21:01:54,30.10265,-88.83514,2025-01-08 00:01:12,29.97947,-88.63085,19.862066186659305,2025-01-08 22:58:54,30.10531,-88.80745,3.489003205933705,16.3730629807256,approaching,95.5,100.0,74.8,unavailable,93.52,3.746,3.155,near_stationary,approached_then_departed,20,34,374,3.5,268.2,179.99,88.21,273.2,93.21,partially_aligned,2025-01-08,28.942782,-88.834958,57.677181,True,True,False,candidate_only
311002500,G B CORRADO,IMO9314624,C6WY2,70.0,17,2.2796559602068385,2025-01-08 01:03:36,27.90237,-88.84578,2025-01-08 00:18:28,28.02275,-88.92199,8.691187518185616,2025-01-08 04:32:27,27.33471,-88.43359,39.47373212963207,-30.78254461144645,departing,95.44,25.0,3.4,unavailable,64.02,8.691,3.174,approaching,approaching,8,1,17,11.0,148.0,0.52,147.48,148.15,147.63,not_aligned_with_spill,2025-01-08,28.942782,-88.834958,57.677181,True,False,False,candidate_only
210065000,QUEEN B III,IMO9333369,5BPK5,79.0,45,2.2861714622153837,2025-01-08 22:02:43,27.77328,-88.83776,2025-01-08 14:12:27,27.85485,-88.46699,36.05202566750153,2025-01-08 22:58:43,27.76161,-88.85285,2.884404605101398,33.16762106240014,approaching,95.43,100.0,9.0,unavailable,83.61,2.36,2.884,near_stationary,departing,1,24,45,1.3,221.2,0.12,138.92,225.57,134.55,not_aligned_with_spill,2025-01-08,28.942782,-88.834958,57.677181,True,False,False,candidate_only
311001006,DOLE AZTEC,IMO9877731,C6EU7,70.0,181,2.3468108485176224,2025-01-08 04:55:10,30.11644,-88.8408,2025-01-08 00:02:52,30.35476,-89.09183,24.97155268725715,2025-01-08 06:56:30,29.94894,-88.3198,49.91880802069795,-24.9472553334408,departing,95.31,25.0,36.2,unavailable,68.86,15.925,27.05,departing,approached_then_departed,24,35,181,13.0,90.7,179.75,89.05,91.41,88.34,partially_aligned,2025-01-08,28.942782,-88.834958,57.677181,True,True,False,candidate_only
338106421,C T RANDALL,,,50.0,501,2.3703988884080807,2025-01-08 20:01:12,30.11384,-88.84192,2025-01-08 00:00:03,30.19274,-89.28218,43.31731873964459,2025-01-08 23:57:52,30.07809,-88.40927,41.24966539106465,2.067653348579938,stationary/near-stationary,95.26,50.0,100.0,unavailable,84.66,14.886,19.735,departing,approached_then_departed,51,25,501,10.9,84.2,179.7,95.5,94.4,85.31,not_aligned_with_spill,2025-01-08,28.942782,-88.834958,57.677181,True,True,False,candidate_only
367305570,ORCHID LADY III,IMO8983753,WDD8991,30.0,590,2.4250493032103244,2025-01-08 11:23:15,30.10239,-88.82562,2025-01-08 00:03:22,30.00843,-88.72345,10.989976610681278,2025-01-08 22:58:54,30.10109,-88.81362,3.0521103929149094,7.937866217766369,approaching,95.15,100.0,100.0,unavailable,97.09,,5.992,insufficient_data,unknown,0,37,590,2.8,89.5,180.4,90.9,,,not_aligned_with_spill,2025-01-08,28.942782,-88.834958,57.677181,True,False,False,candidate_only
367725310,MY ANGEL,IMO8036299,WDI7096,30.0,390,2.466321052164468,2025-01-08 18:27:48,30.21102,-88.83333,2025-01-08 00:00:47,30.41258,-88.87873,5.100498807097449,2025-01-08 22:56:16,29.92889,-89.03642,19.602347864094806,-14.501849056997358,departing,95.07,25.0,78.0,unavailable,74.99,6.365,5.052,approaching,approached_then_departed,28,23,390,8.7,238.1,180.06,58.04,239.22,59.15,partially_aligned,2025-01-08,28.942782,-88.834958,57.677181,True,True,False,candidate_only
367003390,HENRI,IMO6420850,WDF2420,52.0,400,2.594977298385642,2025-01-08 05:24:13,30.27968,-88.83545,2025-01-08 00:54:13,30.18017,-89.34973,49.842925653141485,2025-01-08 09:51:53,30.25926,-88.31876,49.96824835913744,-0.1253227059959556,stationary/near-stationary,94.81,50.0,80.0,unavailable,81.39,12.469,11.532,near_stationary,approached_then_departed,34,51,400,6.6,78.5,179.98,101.48,77.78,102.2,not_aligned_with_spill,2025-01-08,28.942782,-88.834958,57.677181,True,True,False,candidate_only
368083790,YELLOWHAMMER,,WDK7372,57.0,357,2.5988137012508914,2025-01-08 11:45:54,30.28143,-88.83426,2025-01-08 05:20:24,30.18047,-89.33677,48.59097782173658,2025-01-08 18:02:34,30.25904,-88.31961,49.88621718025293,-1.2952393585163475,stationary/near-stationary,94.8,50.0,71.4,unavailable,80.09,3.989,8.624,departing,approached_then_departed,20,43,357,4.4,90.5,180.03,89.53,90.6,89.42,partially_aligned,2025-01-08,28.942782,-88.834958,57.677181,True,True,False,candidate_only
367652980,MICHELLE GOLDING,,WDH7930,31.0,329,2.6006046056652576,2025-01-08 18:48:51,30.28174,-88.83603,2025-01-08 13:52:21,30.18035,-89.35107,49.97234172638364,2025-01-08 23:59:01,30.35791,-88.50621,31.883887937525618,18.088453788858025,approaching,94.8,100.0,65.8,unavailable,91.75,11.201,9.522,approaching,approached_then_departed,39,26,329,6.1,85.6,179.96,94.36,87.55,92.41,not_aligned_with_spill,2025-01-08,28.942782,-88.834958,57.677181,True,True,False,candidate_only
367003460,JOCK,IMO1101550,WDF2423,31.0,538,2.6010192934227496,2025-01-08 04:24:01,30.28168,-88.83616,2025-01-08 01:00:01,30.18041,-89.30287,45.31672895610771,2025-01-08 23:51:15,30.35718,-88.50671,31.83575085034588,13.480978105761832,approaching,94.8,100.0,100.0,unavailable,96.88,14.792,14.569,near_stationary,approached_then_departed,51,21,538,7.9,86.4,179.95,93.55,86.42,93.54,not_aligned_with_spill,2025-01-08,28.942782,-88.834958,57.677181,True,True,False,candidate_only
367410990,MANNIE,,WDF8287,31.0,917,2.603331901645853,2025-01-08 02:54:06,30.28411,-88.83463,2025-01-08 00:00:05,30.21942,-89.23634,38.8900533515828,2025-01-08 23:37:06,30.35792,-88.50601,31.903141263312712,6.986912088270088,approaching,94.79,100.0,100.0,unavailable,96.88,14.462,14.549,near_stationary,approached_then_departed,51,36,917,7.9,82.5,180.01,97.51,83.77,96.24,not_aligned_with_spill,2025-01-08,28.942782,-88.834958,57.677181,True,True,False,candidate_only
368330810,BUCKSHOT,IMO1338517,WDN9847,57.0,179,2.6035734376947897,2025-01-08 00:43:39,30.28429,-88.83474,2025-01-08 00:00:01,30.28216,-88.91811,8.447559094396647,2025-01-08 05:24:36,30.25548,-88.31874,49.97076384543667,-41.523204751040026,departing,94.79,25.0,35.8,unavailable,68.5,8.448,10.946,departing,approached_then_departed,26,36,179,6.0,89.1,180.01,90.91,88.55,91.46,not_aligned_with_spill,2025-01-08,28.942782,-88.834958,57.677181,True,True,False,candidate_only
367619730,SARAH GOLDING,,WDH4635,31.0,288,2.604400413335868,2025-01-08 18:54:27,30.28476,-88.83495,2025-01-08 13:58:19,30.1802,-89.35114,49.97912775298246,2025-01-08 23:57:38,30.34496,-88.50459,32.03980228615156,17.9393254668309,approaching,94.79,100.0,57.6,unavailable,90.51,11.162,11.606,near_stationary,approached_then_departed,40,32,288,5.8,86.5,180.0,93.5,86.54,93.46,not_aligned_with_spill,2025-01-08,28.942782,-88.834958,57.677181,True,True,False,candidate_only
367388580,STEPHEN L,,WDE7070,31.0,299,2.604812636089251,2025-01-08 19:13:38,30.28387,-88.83605,2025-01-08 15:09:28,30.1811,-89.34814,49.68918496501867,2025-01-08 22:55:08,30.25571,-88.3194,49.90700551814578,-0.2178205531271118,stationary/near-stationary,94.79,50.0,59.8,unavailable,78.34,13.648,11.046,approaching,approached_then_departed,50,39,299,7.3,88.5,179.96,91.46,90.0,89.96,not_aligned_with_spill,2025-01-08,28.942782,-88.834958,57.677181,True,True,False,candidate_only
368365320,REMY RHEX,,WDP5641,57.0,356,2.605494684357151,2025-01-08 12:08:11,30.28528,-88.83474,2025-01-08 05:46:02,30.18056,-89.35075,49.94139599539696,2025-01-08 18:14:02,30.26049,-88.31848,49.99509140787011,-0.0536954124731536,stationary/near-stationary,94.79,50.0,71.2,unavailable,80.05,6.689,8.517,departing,approached_then_departed,40,44,356,4.6,93.3,180.01,86.71,92.55,87.46,partially_aligned,2025-01-08,28.942782,-88.834958,57.677181,True,True,False,candidate_only
367752120,AMERICAN SKILL,,WDI9784,52.0,248,2.605589641752452,2025-01-08 22:14:35,30.28514,-88.83546,2025-01-08 17:36:36,30.18021,-89.35062,49.92889373900624,2025-01-08 23:56:35,30.26657,-88.62182,20.76368566330614,29.1652080757001,approaching,94.79,100.0,49.6,unavailable,89.31,12.42,9.658,approaching,approached_then_departed,51,38,248,6.7,79.8,179.98,100.18,83.13,96.85,not_aligned_with_spill,2025-01-08,28.942782,-88.834958,57.677181,True,True,False,candidate_only
367525740,LAT GONSOULIN,IMO1237082,WDG3408,31.0,797,2.605628508199745,2025-01-08 07:12:08,30.28538,-88.83484,2025-01-08 02:00:39,30.18011,-89.35036,49.90379350351322,2025-01-08 23:59:59,30.34182,-88.50776,31.73458073442197,18.16921276909125,approaching,94.79,100.0,100.0,unavailable,96.87,10.516,10.016,near_stationary,approached_then_departed,37,49,797,5.5,91.1,180.0,88.9,91.44,88.57,partially_aligned,2025-01-08,28.942782,-88.834958,57.677181,True,True,False,candidate_only
367003520,NATHAN P,IMO8968234,WDF2427,31.0,568,2.6057118128174666,2025-01-08 04:10:18,30.28534,-88.83528,2025-01-08 00:00:37,30.18009,-89.3494,49.81106025983895,2025-01-08 23:59:27,30.34601,-88.50461,32.03787916822416,17.773181091614795,approaching,94.79,100.0,100.0,unavailable,96.87,13.284,11.279,approaching,approached_then_departed,51,32,568,7.2,87.9,179.99,92.09,87.73,92.25,not_aligned_with_spill,2025-01-08,28.942782,-88.834958,57.677181,True,True,False,candidate_only
367602270,MIA KATE,,WDH2891,52.0,314,2.605809679389245,2025-01-08 21:48:26,30.28545,-88.83476,2025-01-08 12:29:36,30.256,-88.31918,49.92820161753755,2025-01-08 22:59:26,30.28098,-88.97765,14.035448652918296,35.892752964619255,approaching,94.79,100.0,62.8,unavailable,91.29,11.507,11.837,near_stationary,approached_then_departed,31,49,314,6.3,265.3,180.01,85.29,265.07,85.06,partially_aligned,2025-01-08,28.942782,-88.834958,57.677181,True,True,False,candidate_only
367581670,BIG A,,WDG8847,31.0,409,2.6060282201852614,2025-01-08 06:26:41,30.28495,-88.83412,2025-01-08 00:57:02,30.18035,-89.351,49.96557967229371,2025-01-08 12:26:02,30.25517,-88.31911,49.93508831371538,0.0304913585783239,stationary/near-stationary,94.79,50.0,81.8,unavailable,81.64,10.032,9.41,near_stationary,approached_then_departed,51,51,409,5.2,81.6,180.03,98.43,84.0,96.03,not_aligned_with_spill,2025-01-08,28.942782,-88.834958,57.677181,True,True,False,candidate_only
367129650,BRITNEY LEE,,WDC2895,31.0,486,2.6061621305626783,2025-01-08 14:26:00,30.28554,-88.83533,2025-01-08 08:08:19,30.18095,-89.35065,49.93167376466507,2025-01-08 23:59:50,30.42479,-88.91201,7.979036931472569,41.9526368331925,approaching,94.79,100.0,97.2,unavailable,96.45,8.254,6.308,approaching,approached_then_departed,36,26,486,4.4,84.8,179.99,95.19,83.74,96.25,not_aligned_with_spill,2025-01-08,28.942782,-88.834958,57.677181,True,True,False,candidate_only
367033250,KYLE JOSEPH,,WDC4945,31.0,246,2.6068917988097087,2025-01-08 00:30:05,30.28506,-88.83599,2025-01-08 00:00:05,30.28652,-88.76921,6.869481796712654,2025-01-08 04:46:44,30.18043,-89.35114,49.97909099899364,-43.109609202280986,departing,94.79,25.0,49.2,unavailable,70.5,6.869,12.974,departing,approached_then_departed,25,51,246,6.9,270.1,179.96,90.14,269.49,89.53,not_aligned_with_spill,2025-01-08,28.942782,-88.834958,57.677181,True,True,False,candidate_only
367768880,TEE GOLDING,,WDJ3535,31.0,364,2.608278241783644,2025-01-08 16:04:36,30.28532,-88.83371,2025-01-08 11:09:57,30.18044,-89.34059,48.95997591329979,2025-01-08 23:59:28,30.34985,-88.50537,31.96471911156072,16.995256801739075,approaching,94.78,100.0,72.8,unavailable,92.79,10.876,11.508,near_stationary,approached_then_departed,28,19,364,6.0,89.0,180.05,91.05,89.73,90.32,not_aligned_with_spill,2025-01-08,28.942782,-88.834958,57.677181,True,True,False,candidate_only
538008360,ATLANTIC SAMURAI,IMO9783980,V7A2277,70.0,116,2.611436196492106,2025-01-08 20:34:47,27.68446,-88.84441,2025-01-08 16:14:59,26.87104,-88.53392,29.847044094794995,2025-01-08 23:57:28,28.35765,-89.11527,27.376096151282933,2.470947943512062,stationary/near-stationary,94.78,50.0,23.2,unavailable,72.85,7.225,9.029,departing,approached_then_departed,4,14,116,12.8,340.3,0.38,20.08,342.25,18.12,motion_toward_spill,2025-01-08,28.942782,-88.834958,57.677181,True,True,True,candidate_only
368110390,PEARL RIVER,,WDL2253,52.0,416,2.611545532098242,2025-01-08 14:17:55,30.28559,-88.8332,2025-01-08 09:56:45,30.18032,-89.33652,48.56685175359537,2025-01-08 23:59:25,30.36574,-88.56739,25.99989114948178,22.566960604113596,approaching,94.78,100.0,83.2,unavailable,94.35,11.838,11.662,near_stationary,approached_then_departed,39,26,416,6.5,90.4,180.07,89.67,90.32,89.75,partially_aligned,2025-01-08,28.942782,-88.834958,57.677181,True,True,False,candidate_only
367711830,AMERICAN COURAGE,,WDI5758,31.0,312,2.6137782065907125,2025-01-08 01:48:50,30.28536,-88.8371,2025-01-08 00:00:40,30.28293,-88.66768,16.37732025775233,2025-01-08 07:25:20,30.18042,-89.35005,49.8737980133054,-33.496477755553066,departing,94.77,25.0,62.4,unavailable,72.47,8.956,9.726,near_stationary,approached_then_departed,33,35,312,5.0,254.5,179.92,74.58,258.67,78.75,partially_aligned,2025-01-08,28.942782,-88.834958,57.677181,True,True,False,candidate_only
367533930,MISSION,,WDG4189,52.0,360,2.6538795894251024,2025-01-08 23:52:32,30.28562,-88.82977,2025-01-08 00:02:07,30.34163,-88.50702,31.8058268657394,2025-01-08 23:52:32,30.28562,-88.82977,2.6538795894251024,29.1519472763143,approaching,94.69,100.0,72.0,unavailable,92.62,14.598,,insufficient_data,unknown,9,0,360,7.9,263.2,180.19,83.01,,,partially_aligned,2025-01-08,28.942782,-88.834958,57.677181,True,False,False,candidate_only
311000448,ATHENS SPIRIT,IMO9594793,C6CE4,80.0,51,2.699428468758416,2025-01-08 23:53:24,28.585,-88.86172,2025-01-08 21:29:03,28.37676,-89.34046,49.33408830091786,2025-01-08 23:53:24,28.585,-88.86172,2.699428468758416,46.63465983215944,approaching,94.6,100.0,10.2,unavailable,83.29,21.163,,insufficient_data,unknown,17,0,51,11.5,64.4,3.75,60.65,,,partially_aligned,2025-01-08,28.942782,-88.834958,57.677181,True,False,False,candidate_only
367795630,MISS IVY,IMO8984202,WDJ6224,30.0,174,2.822351272288912,2025-01-08 04:44:45,30.39694,-88.83534,2025-01-08 00:00:14,30.26725,-88.37782,44.26622768716288,2025-01-08 18:23:29,30.41332,-88.88068,5.258475136482248,39.00775255068063,approaching,94.36,100.0,34.8,unavailable,86.83,6.14,5.258,near_stationary,approached_then_departed,29,19,174,6.4,305.2,179.99,125.21,306.33,126.34,not_aligned_with_spill,2025-01-08,28.942782,-88.834958,57.677181,True,True,False,candidate_only
366869040,SEA LION V,IMO8969915,WDA9792,30.0,325,2.8241532936725133,2025-01-08 00:07:41,30.3973,-88.83586,2025-01-08 00:00:39,30.38839,-88.82385,3.003759315493177,2025-01-08 22:59:52,30.413,-88.87947,5.160355674606701,-2.156596359113524,stationary/near-stationary,94.35,50.0,65.0,unavailable,78.86,3.004,5.162,departing,approached_then_departed,3,23,325,6.9,306.5,179.97,126.53,308.51,128.55,not_aligned_with_spill,2025-01-08,28.942782,-88.834958,57.677181,True,True,False,candidate_only
367502170,PATRIOT,,WDF9141,31.0,247,2.88641774636277,2025-01-08 21:47:47,30.28418,-88.82206,2025-01-08 16:42:19,30.18004,-89.35016,49.88448452477362,2025-01-08 23:59:28,30.25351,-88.57969,24.809251174893227,25.075233349880392,approaching,94.23,100.0,49.4,unavailable,88.95,10.488,11.222,near_stationary,approached_then_departed,38,19,247,6.3,87.4,180.48,93.08,89.07,91.42,not_aligned_with_spill,2025-01-08,28.942782,-88.834958,57.677181,True,True,False,candidate_only
563146800,PROPEL PASSION,IMO9473676,9V7733,79.0,74,2.8973758310560696,2025-01-08 12:52:19,28.20037,-88.8607,2025-01-08 06:29:09,29.26798,-89.3414,49.206595397951936,2025-01-08 15:51:48,27.66459,-88.49654,33.221608112069255,15.98498728588268,approaching,94.21,100.0,14.8,unavailable,83.74,17.72,,insufficient_data,unknown,2,0,74,12.5,145.4,1.74,143.66,,,not_aligned_with_spill,2025-01-08,28.942782,-88.834958,57.677181,True,False,False,candidate_only
338099677,PATRIYACHTIK,,,37.0,290,3.1219103056563227,2025-01-08 19:37:34,30.43581,-88.84699,2025-01-08 00:04:33,30.43578,-88.847,3.122216015109868,2025-01-08 22:49:34,30.4358,-88.84702,3.122972115000673,-0.0007560998908049,stationary/near-stationary,93.76,50.0,58.0,unavailable,77.45,3.123,3.123,near_stationary,departing,13,7,290,0.0,172.9,179.6,6.7,90.0,89.6,heading_toward_spill,2025-01-08,28.942782,-88.834958,57.677181,True,False,True,candidate_only
636016288,STAR MISTRAL,IMO9684225,D5FJ8,70.0,177,3.2698029308291794,2025-01-08 17:28:31,27.65309,-88.85645,2025-01-08 08:03:22,29.27368,-89.34875,49.9193631632063,2025-01-08 20:51:52,27.04033,-88.55187,28.034824451661827,21.884538711544472,approaching,93.46,100.0,35.4,unavailable,86.39,9.009,,insufficient_data,unknown,4,0,177,11.6,157.6,0.84,156.76,,,not_aligned_with_spill,2025-01-08,28.942782,-88.834958,57.677181,True,False,False,candidate_only
477669700,DA MING SHAN,IMO9779745,VRPU5,80.0,65,3.4657293957834847,2025-01-08 07:34:37,27.89107,-88.8636,2025-01-08 06:26:28,27.67795,-88.74531,9.11225803070611,2025-01-08 13:47:28,28.87536,-89.34842,49.979846959012114,-40.867588928306006,departing,93.07,25.0,13.0,unavailable,64.04,,12.773,insufficient_data,unknown,0,6,65,12.6,333.6,1.37,27.77,,,heading_toward_spill,2025-01-08,28.942782,-88.834958,57.677181,True,False,True,candidate_only
367527750,TOMMY MUNRO,IMO8201088,WDG3603,59.0,359,3.538871606347328,2025-01-08 12:57:53,30.38973,-88.85725,2025-01-08 00:00:52,30.38975,-88.85726,3.539490278972255,2025-01-08 23:51:54,30.38974,-88.85725,3.538886939012281,0.0006033399599743,stationary/near-stationary,92.92,50.0,71.8,unavailable,79.02,3.539,3.54,near_stationary,approached_then_departed,18,17,359,0.2,153.6,179.23,25.63,90.0,89.23,heading_toward_spill,2025-01-08,28.942782,-88.834958,57.677181,True,True,True,candidate_only
338031736,ANGEL'S WING,,,37.0,28,3.567649823769502,2025-01-08 17:51:11,30.38958,-88.85774,2025-01-08 17:42:35,30.38963,-88.85775,3.568321921298469,2025-01-08 19:16:10,30.38961,-88.85778,3.570080729078999,-0.0017588077805297,stationary/near-stationary,92.86,50.0,5.6,unavailable,69.06,3.568,3.569,near_stationary,approached_then_departed,2,16,28,0.0,,179.21,,196.04,16.83,insufficient_data,2025-01-08,28.942782,-88.834958,57.677181,True,True,False,candidate_only
338190229,SWEET MELISSA,,,37.0,332,3.670769855734975,2025-01-08 05:56:21,30.39763,-88.85924,2025-01-08 00:05:21,30.3976,-88.85926,3.671960324809473,2025-01-08 22:59:22,30.39758,-88.85927,3.6725483750412833,-0.0005880502318107,stationary/near-stationary,92.66,50.0,66.4,unavailable,78.06,3.673,3.673,near_stationary,approached_then_departed,12,18,332,0.0,135.8,179.16,43.36,9.79,169.38,heading_toward_spill,2025-01-08,28.942782,-88.834958,57.677181,True,True,True,candidate_only
338215082,MAGGIE MAE,,,37.0,329,3.694163753716318,2025-01-08 14:49:27,30.39709,-88.85963,2025-01-08 00:04:24,30.39721,-88.85974,3.7012055992176704,2025-01-08 22:57:06,30.39722,-88.8598,3.7049722588209337,-0.0037666596032632,stationary/near-stationary,92.61,50.0,65.8,unavailable,77.94,3.702,3.701,near_stationary,approached_then_departed,16,19,329,0.0,,179.15,,286.16,107.01,insufficient_data,2025-01-08,28.942782,-88.834958,57.677181,True,True,False,candidate_only
368036740,COMPASS ROSE,,WDK2561,60.0,326,3.712208511149808,2025-01-08 07:37:40,30.38928,-88.8601,2025-01-08 00:00:38,30.38927,-88.86011,3.7128261267424025,2025-01-08 22:57:31,30.38929,-88.86013,3.714120152625808,-0.0012940258834053,stationary/near-stationary,92.58,50.0,65.2,unavailable,77.83,3.713,3.713,near_stationary,mixed,19,11,326,0.0,347.2,179.13,168.07,180.0,0.87,not_aligned_with_spill,2025-01-08,28.942782,-88.834958,57.677181,True,False,False,candidate_only
338156416,SOUTHERN MISS,,,37.0,288,3.714988451941916,2025-01-08 22:11:27,30.39721,-88.85996,2025-01-08 00:04:57,30.39716,-88.86006,3.72120343845416,2025-01-08 22:59:27,30.3971,-88.86005,3.720486105540596,0.0007173329135636,stationary/near-stationary,92.57,50.0,57.6,unavailable,76.68,3.722,3.72,near_stationary,departing,15,15,288,0.0,105.6,179.14,73.54,111.13,68.01,partially_aligned,2025-01-08,28.942782,-88.834958,57.677181,True,False,False,candidate_only
338384136,TIME CHANGE,,,30.0,117,3.7527894974924223,2025-01-08 16:06:42,30.39755,-88.86055,2025-01-08 00:00:42,30.39754,-88.86058,3.7546849357740792,2025-01-08 22:24:41,30.39752,-88.86057,3.754019119674225,0.000665816099854,stationary/near-stationary,92.49,50.0,23.4,unavailable,71.51,3.755,3.755,near_stationary,approached_then_departed,7,5,117,0.0,,179.12,,203.33,24.21,insufficient_data,2025-01-08,28.942782,-88.834958,57.677181,True,True,False,candidate_only
368230760,THE O SHEAUX,,WDM7085,37.0,348,3.7528911175679047,2025-01-08 07:41:07,30.39762,-88.86055,2025-01-08 00:05:12,30.39764,-88.86058,3.7548300317324106,2025-01-08 22:59:21,30.39765,-88.8606,3.756118492314159,-0.0012884605817484,stationary/near-stationary,92.49,50.0,69.6,unavailable,78.44,3.755,3.754,near_stationary,approaching,18,9,348,0.0,,179.12,,0.0,179.12,insufficient_data,2025-01-08,28.942782,-88.834958,57.677181,True,False,False,candidate_only
367338260,DUE SOUTH III,,WTC3165,60.0,301,3.7727282399893327,2025-01-08 18:33:04,30.38961,-88.86104,2025-01-08 00:03:04,30.3896,-88.86107,3.7746502510786577,2025-01-08 23:00:03,30.38961,-88.86108,3.7753103288364818,-0.000660077757824,stationary/near-stationary,92.45,50.0,60.2,unavailable,77.0,3.776,3.776,near_stationary,approached_then_departed,12,18,301,0.0,96.9,179.1,82.2,139.22,39.88,partially_aligned,2025-01-08,28.942782,-88.834958,57.677181,True,True,False,candidate_only
367057310,SUE ELLEN DIAMOND,,WDP5503,52.0,369,3.956509495414499,2025-01-08 08:14:43,30.28482,-88.86577,2025-01-08 03:27:44,30.18028,-89.35006,49.874786286374366,2025-01-08 13:12:04,30.255,-88.3227,49.588503019032935,0.2862832673414317,stationary/near-stationary,92.09,50.0,73.8,unavailable,78.82,13.938,7.894,approaching,approached_then_departed,52,2,369,5.9,86.6,178.85,92.25,88.4,90.44,not_aligned_with_spill,2025-01-08,28.942782,-88.834958,57.677181,True,True,False,candidate_only
367418240,SHELLEY LAB,IMO9447407,WNAO,90.0,775,4.077999902045412,2025-01-08 11:22:27,29.11805,-88.79316,2025-01-08 00:00:46,29.17646,-88.75494,7.790708846559029,2025-01-08 22:59:47,29.18001,-88.75458,7.825908015251259,-0.0351991686922303,stationary/near-stationary,91.84,50.0,100.0,unavailable,82.61,,6.467,insufficient_data,unknown,0,47,775,2.3,40.1,191.79,151.69,,,not_aligned_with_spill,2025-01-08,28.942782,-88.834958,57.677181,True,False,False,candidate_only
338302000,MAGNOLIA STATE,IMO9697997,KGNQ,80.0,10,4.092588000987505,2025-01-08 22:59:49,27.59167,-88.80287,2025-01-08 20:41:50,27.58839,-88.33226,49.29801801804693,2025-01-08 22:59:49,27.59167,-88.80287,4.092588000987505,45.20543001705943,approaching,91.81,100.0,2.0,unavailable,80.39,14.739,,insufficient_data,unknown,6,0,10,10.8,270.7,358.81,88.11,,,partially_aligned,2025-01-08,28.942782,-88.834958,57.677181,True,False,False,candidate_only
367471790,PRINCESS JASMINE II,IMO8969977,WDF6208,30.0,374,4.126894124140082,2025-01-08 12:44:24,30.088,-88.79902,2025-01-08 00:00:57,30.10901,-88.65278,17.7700378118913,2025-01-08 18:58:20,30.29463,-88.32464,49.39527957907226,-31.62524176718096,departing,91.75,25.0,74.8,unavailable,72.52,8.385,6.745,approaching,approached_then_departed,20,28,374,2.6,344.7,181.57,163.13,338.62,157.05,not_aligned_with_spill,2025-01-08,28.942782,-88.834958,57.677181,True,True,False,candidate_only
367483260,GOL COWBOY,IMO9617703,WDH2186,90.0,6,4.340617614947292,2025-01-08 00:51:40,28.58049,-88.8789,2025-01-08 00:03:07,28.63583,-89.01571,17.624423095435223,2025-01-08 00:51:40,28.58049,-88.8789,4.340617614947292,13.283805480487931,approaching,91.32,100.0,1.2,unavailable,79.97,17.624,,insufficient_data,unknown,5,0,6,10.7,75.9,6.06,69.84,,,partially_aligned,2025-01-08,28.942782,-88.834958,57.677181,True,False,False,candidate_only
338175814,DORIS M,,WCE8674,37.0,305,4.483949217744022,2025-01-08 12:51:52,30.3905,-88.87113,2025-01-08 00:05:50,30.39042,-88.87117,4.486865455544329,2025-01-08 22:54:50,30.39046,-88.87119,4.488420179755672,-0.0015547242113429,stationary/near-stationary,91.03,50.0,61.0,unavailable,76.27,4.487,4.487,near_stationary,approached_then_departed,15,15,305,0.0,34.8,178.75,143.95,23.33,155.42,not_aligned_with_spill,2025-01-08,28.942782,-88.834958,57.677181,True,True,False,candidate_only
234612057,,,,,2,4.635892474839688,2025-01-08 22:32:53,30.44113,-88.87234,2025-01-08 21:21:46,30.44075,-88.87244,4.642962272678741,2025-01-08 22:32:53,30.44113,-88.87234,4.635892474839688,0.007069797839053,stationary/near-stationary,90.73,50.0,0.4,unavailable,67.0,,,insufficient_data,unknown,0,0,2,0.4,12.5,178.75,166.25,,,not_aligned_with_spill,2025-01-08,28.942782,-88.834958,57.677181,True,False,False,candidate_only
636017828,STOLT KIRI,IMO9266231,D5MW8,82.0,83,4.763411091458011,2025-01-08 18:23:07,27.77239,-88.87775,2025-01-08 18:23:07,27.77239,-88.87775,4.763411091458011,2025-01-08 22:40:07,28.68237,-89.31684,46.95185802350285,-42.18844693204484,departing,90.47,25.0,16.6,unavailable,63.02,,13.582,insufficient_data,unknown,0,6,83,13.9,333.6,1.83,28.23,,,heading_toward_spill,2025-01-08,28.942782,-88.834958,57.677181,True,False,True,candidate_only
367185330,PHUOC THANH MAI III,IMO8941432,WDD7355,30.0,324,5.144152627392127,2025-01-08 03:37:02,30.41289,-88.87927,2025-01-08 00:01:02,30.41292,-88.87932,5.148204018892291,2025-01-08 22:58:04,30.41293,-88.87931,5.147410552372985,0.0007934665193056,stationary/near-stationary,89.71,50.0,64.8,unavailable,76.05,5.147,5.148,near_stationary,departing,15,17,324,0.0,120.8,178.49,57.69,156.67,21.81,partially_aligned,2025-01-08,28.942782,-88.834958,57.677181,True,False,False,candidate_only
367356340,SEA LION I,IMO8941468,WCY4101,30.0,351,5.20820051791383,2025-01-08 02:48:12,30.41325,-88.88006,2025-01-08 00:00:12,30.41314,-88.88021,5.220212844160124,2025-01-08 22:59:47,30.41318,-88.88017,5.217019446421602,0.0031933977385216,stationary/near-stationary,89.58,50.0,70.2,unavailable,76.78,5.217,5.441,near_stationary,departing,21,5,351,0.0,80.9,178.46,97.56,264.42,85.96,not_aligned_with_spill,2025-01-08,28.942782,-88.834958,57.677181,True,False,False,candidate_only
368252580,SEA LION VI,,WDM9431,30.0,128,5.230016904149961,2025-01-08 18:58:42,30.41323,-88.88033,2025-01-08 00:10:43,30.41324,-88.88038,5.234075501868015,2025-01-08 22:58:42,30.41321,-88.88038,5.234044323571454,3.117829656140714e-05,stationary/near-stationary,89.54,50.0,25.6,unavailable,70.06,5.234,5.235,near_stationary,approached_then_departed,7,7,128,0.0,,178.45,,270.0,91.55,insufficient_data,2025-01-08,28.942782,-88.834958,57.677181,True,True,False,candidate_only
366709000,LEGEND,IMO9601792,WDF9316,32.0,118,5.4637303912952575,2025-01-08 14:42:53,28.00772,-88.78223,2025-01-08 07:22:52,29.27134,-89.34689,49.73918904493817,2025-01-08 17:02:44,27.72171,-88.33882,48.61367359284271,1.125515452095463,stationary/near-stationary,89.07,50.0,23.6,unavailable,69.48,,23.802,insufficient_data,unknown,0,7,118,12.5,126.4,357.17,129.23,,,not_aligned_with_spill,2025-01-08,28.942782,-88.834958,57.677181,True,False,False,candidate_only
338300989,SHANNONIGANS,,,37.0,309,5.542540401967191,2025-01-08 17:39:27,30.39147,-88.8844,2025-01-08 00:03:27,30.39147,-88.88441,5.543372992952194,2025-01-08 22:57:27,30.39148,-88.88441,5.543382625195945,-9.632243751056537e-06,stationary/near-stationary,88.91,50.0,61.8,unavailable,75.12,5.544,5.544,near_stationary,approached_then_departed,15,16,309,0.1,112.4,178.29,65.89,0.0,178.29,partially_aligned,2025-01-08,28.942782,-88.834958,57.677181,True,True,False,candidate_only
368357320,MS TAYLOR,IMO8975287,WDP8746,70.0,444,6.000955988219074,2025-01-08 11:22:18,29.15143,-88.89655,2025-01-08 06:59:26,28.82424,-89.34702,49.85618342597642,2025-01-08 23:22:48,28.88993,-89.2501,40.40665082338938,9.44953260258704,approaching,88.0,100.0,88.8,unavailable,91.12,10.722,6.783,approaching,approached_then_departed,3,47,444,1.5,195.8,165.51,30.29,39.11,126.4,heading_toward_spill,2025-01-08,28.942782,-88.834958,57.677181,True,True,True,candidate_only
368304090,WENDY LOU,,WDN6970,70.0,797,6.162030935180059,2025-01-08 18:30:43,29.39744,-88.89777,2025-01-08 00:00:40,29.4181,-89.05358,21.244277948482097,2025-01-08 23:48:58,29.39112,-89.06779,22.62351238650928,-1.3792344380271793,stationary/near-stationary,87.68,50.0,100.0,unavailable,80.11,13.067,18.625,departing,approached_then_departed,36,31,797,14.6,34.2,173.11,138.91,331.43,158.33,not_aligned_with_spill,2025-01-08,28.942782,-88.834958,57.677181,True,True,False,candidate_only
368234960,COLONEL,IMO0628324,WDM7537,52.0,73,6.1800187361449135,2025-01-08 23:40:23,30.28499,-88.77698,2025-01-08 20:33:03,30.25897,-88.32214,49.64196537152841,2025-01-08 23:40:23,30.28499,-88.77698,6.1800187361449135,43.46194663538349,approaching,87.64,100.0,14.6,unavailable,79.77,16.834,,insufficient_data,unknown,6,0,73,7.6,276.7,182.17,94.53,,,not_aligned_with_spill,2025-01-08,28.942782,-88.834958,57.677181,True,False,False,candidate_only
368039220,JUSTIN DANG 2,,WDK2815,30.0,45,6.727227836387253,2025-01-08 18:39:56,30.13673,-88.76967,2025-01-08 07:10:54,30.03565,-88.62812,20.130573360618182,2025-01-08 18:39:56,30.13673,-88.76967,6.727227836387253,13.403345524230932,approaching,86.55,100.0,9.0,unavailable,78.28,8.467,,insufficient_data,unknown,7,0,45,9.0,244.6,182.74,61.86,,,partially_aligned,2025-01-08,28.942782,-88.834958,57.677181,True,False,False,candidate_only
367391924,,,,,1,7.353614743862512,2025-01-08 07:06:47,28.76384,-88.91038,2025-01-08 07:06:47,28.76384,-88.91038,7.353614743862512,2025-01-08 07:06:47,28.76384,-88.91038,7.353614743862512,0.0,stationary/near-stationary,85.29,50.0,0.2,unavailable,63.71,,,insufficient_data,unknown,0,0,1,10.0,68.1,20.24,47.86,,,partially_aligned,2025-01-08,28.942782,-88.834958,57.677181,True,False,False,candidate_only
366748650,DYLAN JOHN,IMO8977390,WDF9465,60.0,155,7.494024035567665,2025-01-08 14:52:31,28.93712,-88.91197,2025-01-08 09:59:19,29.27185,-89.34839,49.88479277029711,2025-01-08 17:57:44,29.27144,-89.34768,49.81591064896274,0.0688821213343686,stationary/near-stationary,85.01,50.0,31.0,unavailable,68.16,7.501,15.272,departing,approached_then_departed,10,6,155,0.1,132.8,85.18,47.62,229.4,144.22,partially_aligned,2025-01-08,28.942782,-88.834958,57.677181,True,True,False,candidate_only
368087000,C-CARRIER,IMO9205122,WCY2601,79.0,43,7.945037445345047,2025-01-08 22:42:12,28.22182,-88.75486,2025-01-08 16:30:57,28.20885,-88.7368,9.690100283670615,2025-01-08 22:42:12,28.22182,-88.75486,7.945037445345047,1.745062838325568,stationary/near-stationary,84.11,50.0,8.6,unavailable,64.26,9.716,,insufficient_data,unknown,1,0,43,5.9,19.6,354.45,25.15,,,heading_toward_spill,2025-01-08,28.942782,-88.834958,57.677181,True,False,True,candidate_only
367571450,EVEREADY,IMO8973447,WDG7850,60.0,165,8.308911319845068,2025-01-08 01:05:28,29.29739,-88.9202,2025-01-08 00:00:00,29.36473,-89.09211,24.98477909783671,2025-01-08 21:31:50,29.37922,-89.13718,29.35811545657926,-4.373336358742549,stationary/near-stationary,83.38,50.0,33.0,unavailable,67.48,22.134,9.979,approaching,approached_then_departed,52,48,165,0.7,1.3,168.12,166.82,119.83,48.29,not_aligned_with_spill,2025-01-08,28.942782,-88.834958,57.677181,True,True,False,candidate_only
369371000,RONNIE MURPH,IMO9836696,WDK5028,57.0,66,8.9949601573941,2025-01-08 23:56:54,28.97806,-88.92741,2025-01-08 21:37:54,28.6579,-89.3355,48.775983143644495,2025-01-08 23:56:54,28.97806,-88.92741,8.9949601573941,39.78102298625039,approaching,82.01,100.0,13.2,unavailable,76.19,29.224,,insufficient_data,unknown,25,0,66,13.6,58.2,113.54,55.34,,,partially_aligned,2025-01-08,28.942782,-88.834958,57.677181,True,False,False,candidate_only
367314340,CHIEF,IMO8988492,WDN9146,62.0,263,8.998574816607904,2025-01-08 13:39:03,29.17873,-88.92742,2025-01-08 08:54:53,29.2768,-89.34951,49.99250664242921,2025-01-08 16:14:37,29.29176,-89.34896,49.93580897756569,0.0566976648635204,stationary/near-stationary,82.0,50.0,52.6,unavailable,69.59,12.878,29.404,departing,approached_then_departed,50,32,263,18.8,8.7,161.07,152.37,1.46,159.61,not_aligned_with_spill,2025-01-08,28.942782,-88.834958,57.677181,True,True,False,candidate_only
366987910,MEMPHIS,IMO8765931,WDH2052,90.0,351,9.302353537372536,2025-01-08 22:59:28,29.22627,-88.93052,2025-01-08 00:03:26,29.31782,-89.07432,23.260555913938813,2025-01-08 22:59:28,29.22627,-88.93052,9.302353537372536,13.958202376566277,approaching,81.4,100.0,70.2,unavailable,84.37,16.308,,insufficient_data,unknown,47,0,351,5.0,154.4,163.56,9.16,,,heading_toward_spill,2025-01-08,28.942782,-88.834958,57.677181,True,False,True,candidate_only
367151180,SUN TRAE,IMO0001537,WRA5168,31.0,326,9.707401422029369,2025-01-08 17:15:46,29.35399,-88.93458,2025-01-08 12:01:16,29.29217,-89.34851,49.89200982513525,2025-01-08 21:48:31,29.30322,-89.32582,47.68580702752357,2.206202797611681,stationary/near-stationary,80.59,50.0,65.2,unavailable,70.63,13.127,21.247,departing,approached_then_departed,41,29,326,0.5,157.3,168.03,10.73,346.39,178.36,heading_toward_spill,2025-01-08,28.942782,-88.834958,57.677181,True,True,True,candidate_only
305246000,INDUSTRIAL KATHARINA,IMO9435129,V2DK9,71.0,14,10.041730266306988,2025-01-08 12:01:56,28.33588,-88.73277,2025-01-08 11:54:56,28.34148,-88.70168,13.058358804804438,2025-01-08 14:17:56,28.24382,-89.33026,48.375876518024725,-35.31751771322028,departing,79.92,25.0,2.8,unavailable,54.62,13.058,13.97,near_stationary,departing,1,2,14,14.3,258.7,351.62,92.92,260.01,91.61,not_aligned_with_spill,2025-01-08,28.942782,-88.834958,57.677181,False,False,False,candidate_only
367512520,ALPHA DOUCET,,WDG2137,52.0,377,10.343454687135704,2025-01-08 23:59:12,30.28506,-88.7314,2025-01-08 00:01:02,30.34497,-88.50425,32.07253847934737,2025-01-08 23:59:12,30.28506,-88.7314,10.343454687135704,21.729083792211668,approaching,79.31,100.0,75.4,unavailable,83.9,20.719,,insufficient_data,unknown,21,0,377,6.4,269.3,183.86,85.44,,,partially_aligned,2025-01-08,28.942782,-88.834958,57.677181,False,False,False,candidate_only
998975541,PATRONE,,,37.0,3,10.663462713970866,2025-01-08 13:56:38,30.78837,-88.73078,2025-01-08 13:55:10,30.69328,-88.52646,29.9506212864542,2025-01-08 14:02:14,27.41006,-88.36075,46.57067593559105,-16.62005464913685,departing,78.67,25.0,0.6,unavailable,53.54,29.951,46.571,departing,mixed,1,1,3,25.4,62.6,182.83,120.23,177.43,5.4,not_aligned_with_spill,2025-01-08,28.942782,-88.834958,57.677181,False,False,False,candidate_only
367558410,ERIN C GRENON,,WDN7382,52.0,190,10.883029253951603,2025-01-08 00:00:39,30.2815,-88.94429,2025-01-08 00:00:39,30.2815,-88.94429,10.883029253951603,2025-01-08 03:42:59,30.18046,-89.34923,49.794579573688125,-38.91155031973652,departing,78.23,25.0,38.0,unavailable,58.89,,22.379,insufficient_data,unknown,0,50,190,6.1,271.8,175.91,95.89,,,not_aligned_with_spill,2025-01-08,28.942782,-88.834958,57.677181,False,False,False,candidate_only
367452640,GULFPORT PILOT,,WDF4501,50.0,167,11.46953075430417,2025-01-08 04:25:01,30.14255,-88.95106,2025-01-08 02:00:01,30.35829,-89.0971,25.478045702683477,2025-01-08 05:24:43,30.35828,-89.0971,25.4780448972948,8.053886730863269e-07,stationary/near-stationary,77.06,50.0,33.4,unavailable,63.75,16.267,25.478,departing,approached_then_departed,52,39,167,10.7,145.6,175.16,29.56,157.34,17.82,motion_toward_spill,2025-01-08,28.942782,-88.834958,57.677181,False,True,True,candidate_only
366716000,CAPE DIAMOND,IMO7208443,WMHJ,70.0,9,11.50203470228129,2025-01-08 18:10:02,26.49422,-88.9414,2025-01-08 18:10:02,26.49422,-88.9414,11.50203470228129,2025-01-08 18:59:20,26.58256,-89.16524,32.810487382313184,-21.30845268003189,departing,77.0,25.0,1.8,unavailable,52.72,,32.81,insufficient_data,unknown,0,8,9,15.7,294.5,2.18,67.68,,,partially_aligned,2025-01-08,28.942782,-88.834958,57.677181,False,False,False,candidate_only
367626730,GROUPER,IMO7947661,WDH5317,52.0,339,12.1258365164921,2025-01-08 21:26:16,29.34099,-88.95956,2025-01-08 00:05:11,29.34105,-88.95964,12.133594087400953,2025-01-08 22:59:17,29.34103,-88.9596,12.129715945027936,0.0038781423730167,stationary/near-stationary,75.75,50.0,67.8,unavailable,68.12,12.135,12.131,near_stationary,approached_then_departed,14,18,339,0.0,262.7,164.68,98.02,156.45,8.23,not_aligned_with_spill,2025-01-08,28.942782,-88.834958,57.677181,False,True,False,candidate_only
367510030,MS MEGGIE,IMO9373759,WDF9903,70.0,426,12.496303195483703,2025-01-08 14:33:43,29.05662,-88.96343,2025-01-08 05:20:27,29.2717,-89.34922,49.96545475064766,2025-01-08 22:59:26,29.04249,-88.96815,12.955718896191811,37.00973585445585,approaching,75.01,100.0,85.2,unavailable,82.78,12.897,12.514,near_stationary,approached_then_departed,35,13,426,0.6,318.5,135.34,176.84,349.24,146.1,not_aligned_with_spill,2025-01-08,28.942782,-88.834958,57.677181,False,True,False,candidate_only
367790940,MISS CLEDA JO,IMO8939661,WDJ5752,30.0,154,12.646742500030264,2025-01-08 12:43:35,29.99923,-88.70604,2025-01-08 00:05:27,30.09022,-88.67767,15.380765015735529,2025-01-08 22:56:28,30.09699,-88.69513,13.71305346964676,1.667711546088766,stationary/near-stationary,74.71,50.0,30.8,unavailable,61.94,12.704,12.664,near_stationary,approached_then_departed,2,7,154,0.5,111.3,186.1,74.8,17.48,168.62,partially_aligned,2025-01-08,28.942782,-88.834958,57.677181,False,True,False,candidate_only
367471780,PRINCESS KELLY,IMO8969965,WDF6207,30.0,450,13.40416976568486,2025-01-08 00:00:05,30.00887,-88.69814,2025-01-08 00:00:05,30.00887,-88.69814,13.40416976568486,2025-01-08 22:58:34,29.38202,-89.1282,28.486298424980525,-15.082128659295664,departing,73.19,25.0,90.0,unavailable,63.66,,17.956,insufficient_data,unknown,0,31,450,3.0,142.1,186.41,44.31,,,heading_toward_spill,2025-01-08,28.942782,-88.834958,57.677181,False,False,True,candidate_only
368137880,LADY MAKAELA,,WDL5099,30.0,474,14.48465324339884,2025-01-08 00:03:20,30.03971,-88.68692,2025-01-08 00:03:20,30.03971,-88.68692,14.48465324339884,2025-01-08 22:59:44,29.34449,-89.0806,23.86875531143883,-9.38410206803999,departing,71.03,25.0,94.8,unavailable,63.09,,15.651,insufficient_data,unknown,0,19,474,2.9,156.2,186.74,30.54,,,heading_toward_spill,2025-01-08,28.942782,-88.834958,57.677181,False,False,True,candidate_only
368230010,CAPTAIN WALTER,IMO1321262,WDM7001,52.0,758,14.670706865209684,2025-01-08 00:00:04,30.28316,-88.68559,2025-01-08 00:00:04,30.28316,-88.68559,14.670706865209684,2025-01-08 23:59:55,30.35794,-88.50576,31.92720807409145,-17.256501208881765,departing,70.66,25.0,100.0,unavailable,63.65,,22.002,insufficient_data,unknown,0,36,758,4.8,103.6,185.57,81.97,,,partially_aligned,2025-01-08,28.942782,-88.834958,57.677181,False,False,False,candidate_only
369155000,HEATH WOOD,IMO9813216,WDI9776,52.0,7,15.071744939210586,2025-01-08 05:43:12,27.71198,-88.68291,2025-01-08 04:06:22,27.69996,-88.33479,49.01454843086972,2025-01-08 07:40:13,27.72181,-89.09984,26.031462022793672,22.98308640807605,approaching,69.86,100.0,1.4,unavailable,67.12,21.797,,insufficient_data,unknown,2,0,7,11.4,272.6,353.83,81.23,,,partially_aligned,2025-01-08,28.942782,-88.834958,57.677181,False,False,False,candidate_only
538009486,IONIAN SPIRIT,IMO9747235,V7A4801,70.0,4,15.720035456636587,2025-01-08 03:34:09,27.91168,-88.6755,2025-01-08 02:45:18,27.88842,-88.48531,34.25418262723698,2025-01-08 03:34:09,27.91168,-88.6755,15.720035456636587,18.53414717060039,approaching,68.56,100.0,0.8,unavailable,66.26,34.254,,insufficient_data,unknown,3,0,4,12.7,276.0,352.29,76.29,,,partially_aligned,2025-01-08,28.942782,-88.834958,57.677181,False,False,False,candidate_only
367330830,ODYSSEA DARWIN,IMO9343120,WDK2360,70.0,184,16.19684996551795,2025-01-08 20:51:25,28.43592,-89.0007,2025-01-08 00:05:26,28.44479,-89.00802,16.907902103884627,2025-01-08 22:59:46,28.4161,-89.01579,17.67011305908148,-0.7622109551968528,stationary/near-stationary,67.61,50.0,36.8,unavailable,58.58,18.889,17.553,approaching,approached_then_departed,20,24,184,3.1,25.3,15.97,9.33,193.99,178.02,heading_toward_spill,2025-01-08,28.942782,-88.834958,57.677181,False,True,True,candidate_only
368027650,PRINCESS CINDY,,WDJ9608,30.0,325,18.06608814450871,2025-01-08 13:59:49,29.93444,-88.64945,2025-01-08 00:00:39,30.05447,-88.59235,23.577168307287707,2025-01-08 22:59:49,29.93435,-88.64855,18.15273386403035,5.424434443257358,approaching,63.87,100.0,65.0,unavailable,73.07,18.079,18.077,near_stationary,approached_then_departed,13,11,325,0.2,,189.3,,90.0,99.3,insufficient_data,2025-01-08,28.942782,-88.834958,57.677181,False,True,False,candidate_only
367004080,WALTER,IMO5385613,WDF2436,52.0,96,18.33530526450525,2025-01-08 00:00:03,30.2819,-88.64719,2025-01-08 00:00:03,30.2819,-88.64719,18.33530526450525,2025-01-08 02:17:54,30.25536,-88.31875,49.969816918086735,-31.63451165358148,departing,63.33,25.0,19.2,unavailable,47.13,,31.563,insufficient_data,unknown,0,42,96,7.6,93.6,187.0,93.4,,,not_aligned_with_spill,2025-01-08,28.942782,-88.834958,57.677181,False,False,False,candidate_only
372321000,SIDER MOMPOX,IMO9656553,3FUY9,70.0,16,20.06406528389655,2025-01-08 01:24:57,28.388,-89.04031,2025-01-08 00:00:47,28.57994,-89.20054,35.64253238198998,2025-01-08 01:24:57,28.388,-89.04031,20.06406528389655,15.57846709809343,approaching,59.87,100.0,3.2,unavailable,61.4,30.671,,insufficient_data,unknown,9,0,16,10.2,146.7,17.94,128.76,,,not_aligned_with_spill,2025-01-08,28.942782,-88.834958,57.677181,False,False,False,candidate_only
368383090,ANNETTE ADAMS,,WDP7592,70.0,899,20.343271350518947,2025-01-08 04:46:25,29.29313,-89.04426,2025-01-08 00:00:45,29.30389,-89.05075,20.972961214552612,2025-01-08 23:59:16,29.38325,-89.19715,35.178695867164635,-14.20573465261202,departing,59.31,25.0,100.0,unavailable,56.84,20.796,21.416,near_stationary,approached_then_departed,51,35,899,1.2,282.8,152.39,130.41,328.21,175.83,not_aligned_with_spill,2025-01-08,28.942782,-88.834958,57.677181,False,True,False,candidate_only
368169020,BREANNA GRACE,,WDL8386,37.0,131,20.359876325905365,2025-01-08 15:33:26,29.20075,-89.04439,2025-01-08 14:32:28,29.26377,-89.33908,48.98212224107153,2025-01-08 21:37:20,29.27337,-89.34412,49.46966106737564,-0.4875388263041103,stationary/near-stationary,59.28,50.0,26.2,unavailable,52.0,47.783,20.362,approaching,approached_then_departed,34,9,131,0.0,,144.59,,180.0,35.41,insufficient_data,2025-01-08,28.942782,-88.834958,57.677181,False,True,False,candidate_only
367541980,EUGENIE J HUGER,,WDG4974,31.0,801,21.96844378357238,2025-01-08 00:00:06,30.25301,-88.60925,2025-01-08 00:00:06,30.25301,-88.60925,21.96844378357238,2025-01-08 23:58:29,30.33492,-88.50974,31.54390642436657,-9.57546264079419,departing,56.06,25.0,100.0,unavailable,54.89,,31.234,insufficient_data,unknown,0,45,801,6.2,104.3,188.57,84.27,,,partially_aligned,2025-01-08,28.942782,-88.834958,57.677181,False,False,False,candidate_only
338493525,TOMCAT,,,37.0,86,22.641767087549525,2025-01-08 13:15:41,30.28043,-88.60227,2025-01-08 12:08:11,30.29283,-88.59098,23.727395174699687,2025-01-08 15:43:42,30.27403,-88.32856,49.01993373745473,-25.29253856275504,departing,54.72,25.0,17.2,unavailable,41.66,23.726,31.803,departing,approached_then_departed,22,32,86,4.9,183.4,188.66,5.26,177.03,11.63,motion_toward_spill,2025-01-08,28.942782,-88.834958,57.677181,False,True,True,candidate_only
367507940,CAPT ANTHONY,IMO8958162,WDF9702,30.0,50,22.84435020287705,2025-01-08 00:01:20,30.25212,-88.60013,2025-01-08 00:01:20,30.25212,-88.60013,22.84435020287705,2025-01-08 01:56:49,30.31692,-88.31913,49.923744075670925,-27.07939387279388,departing,54.31,25.0,10.0,unavailable,40.34,,38.144,insufficient_data,unknown,0,27,50,8.4,94.3,188.92,94.62,,,not_aligned_with_spill,2025-01-08,28.942782,-88.834958,57.677181,False,False,False,candidate_only
367090310,SUN OF MAN,,WDC8620,67.0,343,23.090717746670546,2025-01-08 19:34:45,29.2649,-89.07254,2025-01-08 00:00:01,29.48262,-89.12361,28.033560731357063,2025-01-08 23:53:21,29.57821,-89.11765,27.45030574962192,0.5832549817351413,stationary/near-stationary,53.82,50.0,68.6,unavailable,55.08,36.888,24.349,approaching,approached_then_departed,40,24,343,13.7,176.6,147.14,29.46,178.83,31.68,motion_toward_spill,2025-01-08,28.942782,-88.834958,57.677181,False,True,True,candidate_only
367627370,MAN O WAR,IMO8765864,WDH5378,90.0,904,23.41173765213533,2025-01-08 03:54:29,29.24167,-89.07583,2025-01-08 00:00:30,29.24175,-89.07596,23.4243600380268,2025-01-08 23:49:51,29.24176,-89.07598,23.42630209578846,-0.0019420577616635,stationary/near-stationary,53.18,50.0,100.0,unavailable,59.41,23.425,23.422,near_stationary,departing,52,51,904,0.0,231.7,144.79,86.91,124.51,20.27,partially_aligned,2025-01-08,28.942782,-88.834958,57.677181,False,False,False,candidate_only
367744990,MISS TINA II,IMO8854471,WDI9075,30.0,731,24.204813329693334,2025-01-08 16:08:49,29.30795,-89.08404,2025-01-08 00:00:08,29.40534,-89.14316,29.936175343691417,2025-01-08 23:58:59,29.40953,-89.21927,37.32229877798237,-7.386123434290951,departing,51.59,25.0,100.0,unavailable,52.2,27.325,26.168,approaching,approached_then_departed,16,24,731,2.9,0.2,149.15,148.95,351.96,157.19,not_aligned_with_spill,2025-01-08,28.942782,-88.834958,57.677181,False,True,False,candidate_only
232052594,STENA EVOLUTION,IMO9744350,MOQX6,90.0,288,24.205614849403105,2025-01-08 18:31:12,28.15107,-89.08228,2025-01-08 00:04:02,28.15108,-89.08235,24.212435848489577,2025-01-08 23:56:03,28.15106,-89.0824,24.21731439470463,-0.0048785462150533,stationary/near-stationary,51.59,50.0,57.6,unavailable,52.09,24.212,24.212,near_stationary,approached_then_departed,14,40,288,0.0,76.4,15.29,61.11,163.62,148.34,partially_aligned,2025-01-08,28.942782,-88.834958,57.677181,False,True,False,candidate_only
366872570,DAY ANGEL,IMO8980036,WDB2127,30.0,77,24.300565796273517,2025-01-08 06:57:22,29.31392,-89.08503,2025-01-08 02:33:06,29.51643,-89.1322,28.86430759259629,2025-01-08 22:58:28,29.35043,-89.09518,25.28362966397942,3.5806779286168755,stationary/near-stationary,51.4,50.0,15.4,unavailable,45.65,27.677,25.462,approaching,approached_then_departed,12,12,77,2.7,339.7,149.46,169.76,351.75,157.71,not_aligned_with_spill,2025-01-08,28.942782,-88.834958,57.677181,False,True,False,candidate_only
367612490,HOS CALEDONIA,IMO9647629,WDH3937,70.0,12,24.349029554367707,2025-01-08 01:34:43,28.15055,-89.08375,2025-01-08 00:51:22,28.15072,-89.09136,25.09084678189033,2025-01-08 01:34:43,28.15055,-89.08375,24.349029554367707,0.741817227522624,stationary/near-stationary,51.3,50.0,2.4,unavailable,43.64,25.091,,insufficient_data,unknown,11,0,12,0.4,200.4,15.36,174.96,,,not_aligned_with_spill,2025-01-08,28.942782,-88.834958,57.677181,False,False,False,candidate_only
360000000,SOMMELIER,,,99.0,110,24.460703109719805,2025-01-08 22:59:25,30.36527,-89.0865,2025-01-08 00:00:04,30.36519,-89.08653,24.4635756011465,2025-01-08 22:59:25,30.36527,-89.0865,24.460703109719805,0.0028724914266931,stationary/near-stationary,51.08,50.0,22.0,unavailable,46.45,24.466,,insufficient_data,unknown,1,0,110,0.0,,171.2,,,,insufficient_data,2025-01-08,28.942782,-88.834958,57.677181,False,False,False,candidate_only
103669999,MILADY,,,37.0,38,24.50958442456579,2025-01-08 17:47:14,30.36441,-89.08701,2025-01-08 00:44:14,30.3644,-89.08702,24.51054355735799,2025-01-08 22:53:14,30.36442,-89.08701,24.509585371990063,0.0009581853679279,stationary/near-stationary,50.98,50.0,7.6,unavailable,44.23,24.511,24.51,near_stationary,approached_then_departed,3,7,38,0.0,74.1,171.18,97.08,23.34,147.84,not_aligned_with_spill,2025-01-08,28.942782,-88.834958,57.677181,False,True,False,candidate_only
338439123,CAJUN QUEEN,,,37.0,200,24.52404242643121,2025-01-08 15:45:23,30.36501,-89.08716,2025-01-08 00:03:29,30.365,-89.08722,24.529801963323,2025-01-08 22:55:22,30.36501,-89.08723,24.530762990869864,-0.0009610275468645,stationary/near-stationary,50.95,50.0,40.0,unavailable,49.07,24.529,24.527,near_stationary,approaching,9,12,200,0.0,,171.18,,180.0,8.82,insufficient_data,2025-01-08,28.942782,-88.834958,57.677181,False,False,False,candidate_only
368210220,REEL TIME,,WDM4836,37.0,136,24.572747437752643,2025-01-08 07:59:21,30.36224,-89.08767,2025-01-08 00:05:22,30.36223,-89.08768,24.57370664367136,2025-01-08 22:59:22,30.36222,-89.08768,24.573705708563853,9.351075043184663e-07,stationary/near-stationary,50.85,50.0,27.2,unavailable,47.09,24.577,24.574,near_stationary,approached_then_departed,7,2,136,0.1,,171.14,,139.21,31.93,insufficient_data,2025-01-08,28.942782,-88.834958,57.677181,False,True,False,candidate_only
367090590,CATHERINE B,IMO8983428,WCW4128,52.0,337,24.58597001040926,2025-01-08 21:18:09,30.34947,-89.08782,2025-01-08 00:00:45,30.35755,-89.08936,24.734591631121106,2025-01-08 22:59:22,30.35755,-89.08937,24.735551914647548,-0.0009602835264423,stationary/near-stationary,50.83,50.0,67.4,unavailable,53.11,24.788,24.734,near_stationary,approached_then_departed,22,24,337,0.2,82.2,171.06,88.86,337.27,166.21,partially_aligned,2025-01-08,28.942782,-88.834958,57.677181,False,True,False,candidate_only
338479922,SNEAKIN' OFF,,,36.0,247,24.595910376783195,2025-01-08 12:30:39,30.36352,-89.08791,2025-01-08 00:03:39,30.36354,-89.08793,24.59783251514656,2025-01-08 22:57:39,30.36354,-89.08792,24.59687237968295,0.0009601354636075,stationary/near-stationary,50.81,50.0,49.4,unavailable,50.39,24.597,24.598,near_stationary,approached_then_departed,11,10,247,0.0,,171.14,,270.0,98.86,insufficient_data,2025-01-08,28.942782,-88.834958,57.677181,False,True,False,candidate_only
366925000,SUSAN W,IMO8968783,WCW4123,31.0,348,24.70096288782624,2025-01-08 17:35:08,30.35734,-89.08901,2025-01-08 00:00:35,30.35728,-89.08911,24.710560157311708,2025-01-08 22:56:07,30.35725,-89.08911,24.71055743165199,2.7256597192604204e-06,stationary/near-stationary,50.6,50.0,69.6,unavailable,53.3,24.712,24.712,near_stationary,approached_then_departed,19,18,348,0.0,273.9,171.07,102.83,76.95,94.12,not_aligned_with_spill,2025-01-08,28.942782,-88.834958,57.677181,False,True,False,candidate_only
369493705,CG45705,,,55.0,684,24.739960642461337,2025-01-08 17:21:39,30.36379,-89.08941,2025-01-08 00:00:38,30.36381,-89.08955,24.753405345713723,2025-01-08 17:33:18,30.36374,-89.08943,24.741876478471127,0.0115288672425961,stationary/near-stationary,50.52,50.0,100.0,unavailable,57.81,24.751,24.742,near_stationary,approaching,47,10,684,0.0,233.1,171.09,62.01,339.71,168.61,partially_aligned,2025-01-08,28.942782,-88.834958,57.677181,False,False,False,candidate_only
366999701,CG MORAY,,NJPZ,55.0,311,24.74761671363617,2025-01-08 06:24:19,30.36351,-89.08949,2025-01-08 00:00:39,30.36352,-89.08955,24.753378892916725,2025-01-08 22:57:54,30.36351,-89.08955,24.753377980973458,9.119432675674944e-07,stationary/near-stationary,50.5,50.0,62.2,unavailable,52.13,24.753,24.751,near_stationary,approached_then_departed,16,14,311,0.0,302.1,171.09,131.01,180.0,8.91,not_aligned_with_spill,2025-01-08,28.942782,-88.834958,57.677181,False,True,False,candidate_only
369990120,CG29120,,CG29120,51.0,11,24.83595078812155,2025-01-08 17:53:49,30.36343,-89.09041,2025-01-08 17:42:59,30.36345,-89.09041,24.835952588862988,2025-01-08 17:54:59,30.36344,-89.09042,24.83691194231259,-0.0009593534496019,stationary/near-stationary,50.33,50.0,2.2,unavailable,43.03,24.836,24.837,near_stationary,mixed,9,1,11,0.0,225.0,171.06,53.94,139.21,31.84,partially_aligned,2025-01-08,28.942782,-88.834958,57.677181,False,False,False,candidate_only
338926648,CG27128,,,51.0,1,24.835958891922925,2025-01-08 13:49:48,30.36352,-89.09041,2025-01-08 13:49:48,30.36352,-89.09041,24.835958891922925,2025-01-08 13:49:48,30.36352,-89.09041,24.835958891922925,0.0,stationary/near-stationary,50.33,50.0,0.2,unavailable,42.73,,,insufficient_data,unknown,0,0,1,0.0,180.0,171.06,8.94,,,heading_toward_spill,2025-01-08,28.942782,-88.834958,57.677181,False,False,True,candidate_only
338926103,CG26103,,,51.0,28,24.867617914058076,2025-01-08 18:05:16,30.36319,-89.09074,2025-01-08 18:03:56,30.36329,-89.09108,24.900276346018344,2025-01-08 18:38:17,30.3635,-89.09096,24.88877169410185,0.0115046519164891,stationary/near-stationary,50.26,50.0,5.6,unavailable,43.5,24.9,24.889,near_stationary,departing,1,26,28,0.8,167.9,171.04,3.14,147.09,23.95,motion_toward_spill,2025-01-08,28.942782,-88.834958,57.677181,False,False,True,candidate_only
368139720,SIGNET VOLUNTEER,,WDL5289,52.0,726,25.15559895476387,2025-01-08 17:27:17,30.34349,-88.57616,2025-01-08 00:00:04,30.37101,-88.56434,26.293313649374145,2025-01-08 23:59:02,30.37099,-88.56433,26.294273022223575,-0.000959372849433,stationary/near-stationary,49.69,50.0,100.0,unavailable,57.31,26.205,26.294,near_stationary,approached_then_departed,26,36,726,3.2,219.6,189.19,30.41,166.39,22.79,motion_toward_spill,2025-01-08,28.942782,-88.834958,57.677181,False,True,True,candidate_only
366231000,CAPE ARUNDEL,IMO9126297,WCY2844,79.0,344,25.19467698635297,2025-01-08 02:22:57,30.33971,-88.57575,2025-01-08 00:02:00,30.33969,-88.57566,25.203321963483543,2025-01-08 23:56:04,30.33969,-88.5757,25.19947902149967,0.0038429419838763,stationary/near-stationary,49.61,50.0,68.8,unavailable,52.59,25.206,25.203,near_stationary,approaching,16,19,344,0.0,0.0,189.23,170.77,90.0,99.23,not_aligned_with_spill,2025-01-08,28.942782,-88.834958,57.677181,False,False,False,candidate_only
367758660,LADY S&Y,IMO8939752,WDJ2472,30.0,559,25.429136932758556,2025-01-08 23:06:15,29.33698,-89.09667,2025-01-08 00:00:24,29.49626,-89.1541,30.989597907335185,2025-01-08 23:56:45,29.35732,-89.10905,26.629477620301312,4.360120287033872,stationary/near-stationary,49.14,50.0,100.0,unavailable,56.99,28.004,26.629,approaching,approached_then_departed,25,5,559,2.6,154.6,149.83,4.77,305.03,155.21,heading_toward_spill,2025-01-08,28.942782,-88.834958,57.677181,False,True,True,candidate_only
249049000,IPSARION,IMO9985655,9HA6085,70.0,114,25.440767884124902,2025-01-08 22:58:45,28.40663,-89.09552,2025-01-08 17:26:35,29.27184,-89.34675,49.72547979243713,2025-01-08 22:58:45,28.40663,-89.09552,25.440767884124902,24.28471190831222,approaching,49.12,100.0,22.8,unavailable,57.89,34.465,,insufficient_data,unknown,36,0,114,11.1,142.7,23.03,119.67,,,not_aligned_with_spill,2025-01-08,28.942782,-88.834958,57.677181,False,False,False,candidate_only
367491710,SIGNET LEGEND,,WDF8130,31.0,743,25.46986482146496,2025-01-08 17:21:28,30.34483,-88.57289,2025-01-08 00:00:37,30.37111,-88.56448,26.279869601650773,2025-01-08 23:57:08,30.3711,-88.56447,26.280829681882857,-0.0009600802320832,stationary/near-stationary,49.06,50.0,100.0,unavailable,56.94,26.321,26.281,near_stationary,approached_then_departed,24,37,743,0.0,,189.29,,103.16,86.14,insufficient_data,2025-01-08,28.942782,-88.834958,57.677181,False,True,False,candidate_only
367415160,YELLOWFIN,IMO9565584,WDG9738,52.0,11,25.58287744076597,2025-01-08 00:04:28,28.12168,-88.57358,2025-01-08 00:04:28,28.12168,-88.57358,25.58287744076597,2025-01-08 01:37:08,27.96965,-88.37198,45.29821787658346,-19.71534043581749,departing,48.83,25.0,2.2,unavailable,35.88,,37.178,insufficient_data,unknown,0,6,11,8.8,133.4,344.44,148.96,,,not_aligned_with_spill,2025-01-08,28.942782,-88.834958,57.677181,False,False,False,candidate_only
369260000,BLIZZARD,IMO9652208,WDN9422,30.0,19,25.87527550376348,2025-01-08 17:51:18,28.16077,-89.09943,2025-01-08 13:00:34,28.23056,-89.3048,45.8948408415263,2025-01-08 20:50:03,28.16905,-89.22148,37.77962099749957,8.115219844026733,approaching,48.25,100.0,3.8,unavailable,54.52,37.964,,insufficient_data,unknown,2,0,19,0.3,220.7,16.48,155.78,,,not_aligned_with_spill,2025-01-08,28.942782,-88.834958,57.677181,False,False,False,candidate_only
366550000,CAPE HATTERAS,IMO9421374,WNSF,90.0,29,26.185869556084945,2025-01-08 22:07:09,28.15434,-89.1026,2025-01-08 14:42:51,28.15962,-89.18739,34.45541769527391,2025-01-08 22:44:40,28.15434,-89.10264,26.189769759055714,8.265647936218194,approaching,47.63,100.0,5.8,unavailable,54.45,26.193,26.19,near_stationary,approached_then_departed,17,4,29,0.9,191.7,16.54,175.16,196.38,179.84,not_aligned_with_spill,2025-01-08,28.942782,-88.834958,57.677181,False,True,False,candidate_only
368615000,NICKI CANDIES,IMO9517795,WDE5761,90.0,78,26.211624656173004,2025-01-08 18:57:01,28.14849,-89.10285,2025-01-08 00:38:23,28.16693,-89.22817,38.433034545536295,2025-01-08 23:50:01,28.14933,-89.10398,26.321608433227567,12.111426112308727,approaching,47.58,100.0,15.6,unavailable,55.89,26.213,26.215,near_stationary,departing,1,2,78,0.1,188.7,16.44,172.26,240.44,136.0,not_aligned_with_spill,2025-01-08,28.942782,-88.834958,57.677181,False,False,False,candidate_only
367063220,URSA TLP,,WDC6918,90.0,18,26.253240115037087,2025-01-08 22:05:01,28.15395,-89.10329,2025-01-08 19:25:28,28.15402,-89.10342,26.26589941972992,2025-01-08 22:59:21,28.15406,-89.10343,26.266865066478577,-0.0009656467486607,stationary/near-stationary,47.49,50.0,3.6,unavailable,41.54,26.264,26.267,near_stationary,departing,9,6,18,0.1,0.0,16.57,16.57,0.0,16.57,motion_toward_spill,2025-01-08,28.942782,-88.834958,57.677181,False,False,True,candidate_only
366193000,SIGNET TITAN,IMO9183958,WDH4915,31.0,317,26.260556573350648,2025-01-08 02:01:36,30.36976,-88.56468,2025-01-08 00:01:38,30.36973,-88.56458,26.27016250962985,2025-01-08 23:58:44,30.36974,-88.56459,26.26920241614864,0.0009600934812112,stationary/near-stationary,47.48,50.0,63.4,unavailable,50.5,26.27,26.264,near_stationary,approached_then_departed,15,10,317,0.0,211.9,189.41,22.49,0.0,170.59,heading_toward_spill,2025-01-08,28.942782,-88.834958,57.677181,False,True,True,candidate_only
368172960,SIGNET ATLANTIC,IMO7417305,WDL8794,31.0,924,26.30769363467573,2025-01-08 13:50:59,30.37056,-88.56419,2025-01-08 00:00:38,30.3706,-88.56418,26.30865730549568,2025-01-08 22:59:19,30.37059,-88.56417,26.309617408344707,-0.000960102849028,stationary/near-stationary,47.38,50.0,100.0,unavailable,55.93,26.31,26.31,near_stationary,approached_then_departed,48,39,924,0.0,3.4,189.43,173.97,90.0,99.43,not_aligned_with_spill,2025-01-08,28.942782,-88.834958,57.677181,False,True,False,candidate_only
367703560,JERRY TOROK,,WDI4934,31.0,128,26.36553873594689,2025-01-08 22:59:26,30.27768,-89.10639,2025-01-08 20:33:06,30.18004,-89.3262,47.570064591285856,2025-01-08 22:59:26,30.27768,-89.10639,26.36553873594689,21.204525855338968,approaching,47.27,100.0,25.6,unavailable,57.2,35.203,,insufficient_data,unknown,52,0,128,5.4,100.4,169.91,69.51,,,partially_aligned,2025-01-08,28.942782,-88.834958,57.677181,False,False,False,candidate_only
369970839,SOUTHERN JOURNEY,,KABM,99.0,339,26.373735843777837,2025-01-08 03:02:46,30.36693,-88.5635,2025-01-08 00:02:46,30.36693,-88.5634,26.38334474588064,2025-01-08 23:56:49,30.36691,-88.56339,26.38430424079484,-0.0009594949141984,stationary/near-stationary,47.25,50.0,67.8,unavailable,51.02,26.376,26.379,near_stationary,departing,19,13,339,0.0,262.9,189.47,73.43,90.0,99.47,partially_aligned,2025-01-08,28.942782,-88.834958,57.677181,False,False,False,candidate_only
303976000,OREGON II,IMO6728068,WTDO,99.0,320,26.381451637155998,2025-01-08 14:13:28,30.36734,-88.56342,2025-01-08 00:01:21,30.36734,-88.56333,26.3900996296102,2025-01-08 23:55:28,30.36733,-88.56335,26.388177151993677,0.001922477616528,stationary/near-stationary,47.24,50.0,64.0,unavailable,50.44,26.395,26.391,near_stationary,approached_then_departed,15,13,320,0.0,0.0,189.47,170.53,327.09,137.62,not_aligned_with_spill,2025-01-08,28.942782,-88.834958,57.677181,False,True,False,candidate_only
367581960,RV GLADYS REESE,IMO8964484,WDG8874,30.0,337,26.403605123482123,2025-01-08 00:58:18,30.3681,-88.56319,2025-01-08 00:01:22,30.3681,-88.56314,26.40840955748889,2025-01-08 23:58:27,30.36811,-88.56313,26.409371142596395,-0.0009615851075004,stationary/near-stationary,47.19,50.0,67.4,unavailable,50.93,26.408,26.409,near_stationary,approached_then_departed,11,11,337,0.0,240.3,189.48,50.82,0.0,170.52,partially_aligned,2025-01-08,28.942782,-88.834958,57.677181,False,True,False,candidate_only
241693000,DESERT HONOUR,IMO9861330,SVDG5,70.0,219,26.423407724506173,2025-01-08 14:11:49,30.12237,-88.56285,2025-01-08 12:10:08,29.95196,-88.32103,49.79927890474663,2025-01-08 23:54:05,30.1244,-88.56002,26.696232048478223,23.103046856268403,approaching,47.15,100.0,43.8,unavailable,59.86,35.82,26.536,approaching,approached_then_departed,35,19,219,2.2,7.4,191.42,175.98,8.54,177.12,not_aligned_with_spill,2025-01-08,28.942782,-88.834958,57.677181,False,True,False,candidate_only
367125970,BEAU RIVAGE,IMO8961298,WDD3117,30.0,616,26.44692647392332,2025-01-08 11:03:30,30.36927,-88.56274,2025-01-08 00:00:00,30.36937,-88.56265,26.455581417758115,2025-01-08 23:57:17,30.36936,-88.56261,26.4594242925848,-0.0038428748266809,stationary/near-stationary,47.11,50.0,100.0,unavailable,55.76,26.458,26.456,near_stationary,approaching,33,39,616,0.0,,189.48,,47.97,141.52,insufficient_data,2025-01-08,28.942782,-88.834958,57.677181,False,False,False,candidate_only
368298760,MR. NELSON,,WDN6403,30.0,75,26.468089630609093,2025-01-08 16:56:02,30.36961,-88.56252,2025-01-08 15:56:59,30.36964,-88.56251,26.469052598671315,2025-01-08 20:46:59,30.36964,-88.5625,26.470013491988524,-0.0009608933172096,stationary/near-stationary,47.06,50.0,15.0,unavailable,42.99,26.469,26.469,near_stationary,mixed,18,16,75,0.0,,189.49,,270.0,80.51,insufficient_data,2025-01-08,28.942782,-88.834958,57.677181,False,False,False,candidate_only
338879000,CALIFORNIA VOYAGER,IMO9710206,KCOJ,80.0,346,26.509447860521444,2025-01-08 18:03:11,30.15581,-88.56197,2025-01-08 00:01:45,30.33926,-88.50896,31.619031793448237,2025-01-08 19:47:24,29.94262,-88.32155,49.75059159526504,-18.13155980181681,departing,46.98,25.0,69.2,unavailable,44.82,31.238,40.398,departing,approached_then_departed,30,35,346,10.3,192.9,191.14,1.76,198.24,7.1,motion_toward_spill,2025-01-08,28.942782,-88.834958,57.677181,False,True,True,candidate_only
367105190,THANH NHUT II,IMO8854299,WDC9664,30.0,235,26.557147440387425,2025-01-08 22:15:16,29.37834,-89.10832,2025-01-08 09:20:34,29.5209,-89.14042,29.66102867408512,2025-01-08 23:59:46,29.37627,-89.10854,26.57864136001571,3.082387314069411,stationary/near-stationary,46.89,50.0,47.0,unavailable,47.68,29.935,30.053,near_stationary,approached_then_departed,35,34,235,3.4,186.9,151.21,35.69,186.35,35.14,motion_toward_spill,2025-01-08,28.942782,-88.834958,57.677181,False,True,True,candidate_only
366849480,MISSISSIPPI,IMO8938552,WDA7993,30.0,547,26.61333552314418,2025-01-08 23:23:51,29.3659,-89.10889,2025-01-08 00:00:50,29.48259,-89.13564,29.200303343488702,2025-01-08 23:59:26,29.38077,-89.13129,28.786306503330472,0.4139968401582301,stationary/near-stationary,46.77,50.0,100.0,unavailable,55.56,30.036,28.786,approaching,approached_then_departed,23,12,547,2.6,133.6,150.45,16.85,200.57,50.12,heading_toward_spill,2025-01-08,28.942782,-88.834958,57.677181,False,True,True,candidate_only
368395810,MISS MARLENI,,WDP9039,30.0,263,26.660484053247764,2025-01-08 06:31:03,30.37272,-88.56052,2025-01-08 00:01:03,30.37267,-88.56047,26.665285361331343,2025-01-08 22:58:48,30.37269,-88.56046,26.66624763661737,-0.0009622752860281,stationary/near-stationary,46.68,50.0,52.6,unavailable,48.4,26.665,26.665,near_stationary,approached_then_departed,14,14,263,0.2,134.8,189.54,54.74,270.0,80.46,partially_aligned,2025-01-08,28.942782,-88.834958,57.677181,False,True,False,candidate_only
319093800,STOLT PRIDE,IMO9680073,ZGEX9,81.0,213,27.17552537409499,2025-01-08 16:10:15,30.16473,-88.55506,2025-01-08 00:01:21,30.33314,-88.51033,31.48708858343007,2025-01-08 17:41:35,29.94715,-88.32077,49.82527083863394,-18.338182255203872,departing,45.65,25.0,42.6,unavailable,40.03,31.246,41.887,departing,approached_then_departed,28,26,213,11.7,212.8,191.34,21.46,184.0,7.33,motion_toward_spill,2025-01-08,28.942782,-88.834958,57.677181,False,True,True,candidate_only
367501540,OSG ENDURANCE,IMO9441477,WDF9078,52.0,1,27.239957826613,2025-01-08 18:46:42,26.30917,-88.56328,2025-01-08 18:46:42,26.30917,-88.56328,27.239957826613,2025-01-08 18:46:42,26.30917,-88.56328,27.239957826613,0.0,stationary/near-stationary,45.52,50.0,0.2,unavailable,39.84,,,insufficient_data,unknown,0,0,1,12.3,113.1,354.84,118.26,,,not_aligned_with_spill,2025-01-08,28.942782,-88.834958,57.677181,False,False,False,candidate_only
367153580,LA FORCE,IMO7326312,WDD5092,52.0,260,27.244350220523167,2025-01-08 17:26:36,30.17743,-88.55435,2025-01-08 11:06:01,30.11103,-88.3254,49.35016142009843,2025-01-08 23:51:05,30.34057,-88.50858,31.655625424696,17.694535995402433,approaching,45.51,100.0,52.0,unavailable,60.11,32.865,31.369,approaching,approached_then_departed,32,19,260,1.5,199.0,191.25,7.75,21.12,170.13,heading_toward_spill,2025-01-08,28.942782,-88.834958,57.677181,False,True,True,candidate_only
368399590,CHARISMA,,WDP9473,36.0,13,27.28084082687677,2025-01-08 16:49:40,30.34768,-88.55405,2025-01-08 16:34:58,30.34766,-88.554,27.28564704024908,2025-01-08 17:04:41,30.34768,-88.554,27.28564815843237,-1.118183288184582e-06,stationary/near-stationary,45.44,50.0,2.6,unavailable,40.15,27.286,27.286,near_stationary,approached_then_departed,5,7,13,0.0,,189.93,,220.79,30.87,insufficient_data,2025-01-08,28.942782,-88.834958,57.677181,False,True,False,candidate_only
368343550,JACK NASH,IMO1340414,WDP3236,52.0,96,27.391711476347435,2025-01-08 00:00:06,30.25444,-88.55285,2025-01-08 00:00:06,30.25444,-88.55285,27.391711476347435,2025-01-08 02:15:26,30.25385,-88.32013,49.836810746872736,-22.4450992705253,departing,45.22,25.0,19.2,unavailable,36.26,,37.801,insufficient_data,unknown,0,39,96,5.6,87.4,190.66,103.26,,,not_aligned_with_spill,2025-01-08,28.942782,-88.834958,57.677181,False,False,False,candidate_only
338422116,SINGING RIVER ISLAND,,,50.0,705,28.67245649258672,2025-01-08 16:03:55,30.18185,-88.53953,2025-01-08 00:00:01,30.35207,-88.50805,31.706721494266663,2025-01-08 21:23:21,30.34295,-88.5092,31.595948881189816,0.1107726130768469,stationary/near-stationary,42.66,50.0,100.0,unavailable,53.09,31.215,31.336,near_stationary,approached_then_departed,17,25,705,15.4,335.0,191.79,143.21,17.54,174.25,not_aligned_with_spill,2025-01-08,28.942782,-88.834958,57.677181,False,True,False,candidate_only
367706810,HARVEST MAIDEN,,WDI5263,52.0,1,28.733788444710367,2025-01-08 09:59:31,36.96379,-89.09471,2025-01-08 09:59:31,36.96379,-89.09471,28.733788444710367,2025-01-08 09:59:31,36.96379,-89.09471,28.733788444710367,0.0,stationary/near-stationary,42.53,50.0,0.2,unavailable,38.05,,,insufficient_data,unknown,0,0,1,0.0,30.2,178.37,148.17,,,not_aligned_with_spill,2025-01-08,28.942782,-88.834958,57.677181,False,False,False,candidate_only
538007571,SEAPEARL,IMO9594468,V7FT5,70.0,84,28.85584836769853,2025-01-08 23:58:24,28.3544,-89.13044,2025-01-08 18:42:23,29.2653,-89.33902,48.97596488534792,2025-01-08 23:58:24,28.3544,-89.13044,28.85584836769853,20.120116517649382,approaching,42.29,100.0,16.8,unavailable,52.89,39.174,,insufficient_data,unknown,21,0,84,11.3,154.5,23.71,130.79,,,not_aligned_with_spill,2025-01-08,28.942782,-88.834958,57.677181,False,False,False,candidate_only
367765490,AMERICAN STRONG,,WDJ3172,31.0,1,28.90714994122919,2025-01-08 14:16:40,36.96598,-89.0969,2025-01-08 14:16:40,36.96598,-89.0969,28.90714994122919,2025-01-08 14:16:40,36.96598,-89.0969,28.90714994122919,0.0,stationary/near-stationary,42.19,50.0,0.2,unavailable,37.84,,,insufficient_data,unknown,0,0,1,7.7,160.8,178.36,17.56,,,heading_toward_spill,2025-01-08,28.942782,-88.834958,57.677181,False,False,True,candidate_only
367533940,TAMPA,,WDG4190,31.0,64,28.982266611399524,2025-01-08 00:00:16,30.25419,-88.53633,2025-01-08 00:00:16,30.25419,-88.53633,28.982266611399524,2025-01-08 01:31:46,30.25546,-88.32059,49.79215041063143,-20.809883799231905,departing,42.04,25.0,12.8,unavailable,33.39,,42.738,insufficient_data,unknown,0,40,64,7.7,94.8,191.27,96.47,,,not_aligned_with_spill,2025-01-08,28.942782,-88.834958,57.677181,False,False,False,candidate_only
563483000,PICO BASILE,IMO9776250,9V5042,89.0,109,29.07736860319592,2025-01-08 23:59:46,28.33532,-89.13267,2025-01-08 18:04:06,29.27402,-89.34799,49.84546050951136,2025-01-08 23:59:46,28.33532,-89.13267,29.07736860319592,20.76809190631544,approaching,41.85,100.0,21.8,unavailable,53.38,36.558,,insufficient_data,unknown,32,0,109,10.6,153.8,23.2,130.6,,,not_aligned_with_spill,2025-01-08,28.942782,-88.834958,57.677181,False,False,False,candidate_only
366984950,NEW DAWN,IMO5103211,WDB9910,52.0,4,29.11545798180984,2025-01-08 09:37:01,36.9332,-89.09993,2025-01-08 03:08:49,36.93327,-89.10037,29.15016163470911,2025-01-08 10:03:31,36.9332,-89.10002,29.12254231176436,0.0276193229447514,stationary/near-stationary,41.77,50.0,0.8,unavailable,37.68,,29.123,insufficient_data,unknown,0,2,4,0.1,271.8,178.33,93.47,,,not_aligned_with_spill,2025-01-08,28.942782,-88.834958,57.677181,False,False,False,candidate_only
271042996,BEYLERBEYI,IMO9480370,TCSK7,84.0,27,29.1883015938577,2025-01-08 12:42:59,28.35001,-89.13384,2025-01-08 07:35:06,29.26958,-89.34515,49.5705420061557,2025-01-08 12:42:59,28.35001,-89.13384,29.1883015938577,20.382240412298,approaching,41.62,100.0,5.4,unavailable,50.78,38.201,,insufficient_data,unknown,1,0,27,11.7,153.7,23.8,129.9,,,not_aligned_with_spill,2025-01-08,28.942782,-88.834958,57.677181,False,False,False,candidate_only
367336000,RESOLVE,IMO9369382,WDD7117,52.0,135,29.369282346475558,2025-01-08 20:01:27,30.18214,-88.5323,2025-01-08 18:06:28,29.96785,-88.32152,49.749125050069935,2025-01-08 23:54:37,30.33332,-88.51019,31.50056927126321,18.248555778806725,approaching,41.26,100.0,27.0,unavailable,53.81,36.491,31.434,approaching,approached_then_departed,29,26,135,11.1,358.2,192.07,166.13,11.34,179.27,not_aligned_with_spill,2025-01-08,28.942782,-88.834958,57.677181,False,True,False,candidate_only
366984980,SIERRA DAWN,,WDB9913,31.0,29,29.777734963109364,2025-01-08 02:45:09,36.98208,-89.10777,2025-01-08 02:45:09,36.98208,-89.10777,29.777734963109364,2025-01-08 12:30:49,36.98242,-89.10829,29.819219650182344,-0.0414846870729803,stationary/near-stationary,40.44,50.0,5.8,unavailable,37.64,,29.779,insufficient_data,unknown,0,4,29,0.0,110.0,178.29,68.29,,,partially_aligned,2025-01-08,28.942782,-88.834958,57.677181,False,False,False,candidate_only
367141370,MISS JACKIE BROWN,,WDD4184,31.0,4,30.28996654750141,2025-01-08 13:14:44,41.30207,-88.62979,2025-01-08 13:14:44,41.30207,-88.62979,30.28996654750141,2025-01-08 15:48:21,41.36582,-88.37333,48.08074063132728,-17.790774083825863,departing,39.42,25.0,0.8,unavailable,30.02,,,insufficient_data,unknown,0,0,4,4.6,151.3,180.84,29.54,,,heading_toward_spill,2025-01-08,28.942782,-88.834958,57.677181,False,False,True,candidate_only
366877090,SIMPLE MAN,IMO8036512,WDB2544,30.0,34,30.414243435215308,2025-01-08 23:37:03,30.19092,-88.52146,2025-01-08 22:08:12,30.17975,-88.31886,49.97108517221011,2025-01-08 23:58:53,30.22603,-88.50554,31.94874494899501,18.0223402232151,approaching,39.17,100.0,6.8,unavailable,49.52,43.417,31.949,approaching,approached_then_departed,16,3,34,7.3,279.1,192.4,86.7,338.39,145.99,partially_aligned,2025-01-08,28.942782,-88.834958,57.677181,False,True,False,candidate_only
368006590,WINCHESTER,,WDJ7427,31.0,13,30.52305736583122,2025-01-08 10:24:50,36.75914,-89.11944,2025-01-08 01:21:52,36.59984,-89.33391,48.81972149811346,2025-01-08 11:54:01,36.84856,-89.13446,31.81321277975666,17.0065087183568,approaching,38.95,100.0,2.6,unavailable,48.76,33.545,,insufficient_data,unknown,1,0,13,5.3,28.1,178.17,150.07,,,not_aligned_with_spill,2025-01-08,28.942782,-88.834958,57.677181,False,False,False,candidate_only
367727150,LUCKY JEAN II,IMO8969367,WDI7283,30.0,69,30.559152605740845,2025-01-08 00:00:38,28.95155,-89.14902,2025-01-08 00:00:38,28.95155,-89.14902,30.559152605740845,2025-01-08 01:40:07,28.92932,-89.34663,49.792500380946855,-19.23334777520601,departing,38.88,25.0,13.8,unavailable,31.65,,43.391,insufficient_data,unknown,0,41,69,8.9,262.3,91.75,170.55,,,not_aligned_with_spill,2025-01-08,28.942782,-88.834958,57.677181,False,False,False,candidate_only
367702540,SAFETY STAR,,WDI4837,31.0,102,30.891945558435765,2025-01-08 23:00:01,30.27634,-89.15341,2025-01-08 21:03:22,30.18061,-89.34893,49.765575873767645,2025-01-08 23:00:01,30.27634,-89.15341,30.891945558435765,18.87363031533188,approaching,38.22,100.0,20.4,unavailable,50.99,39.991,,insufficient_data,unknown,52,0,102,6.3,53.4,168.19,114.79,,,not_aligned_with_spill,2025-01-08,28.942782,-88.834958,57.677181,False,False,False,candidate_only
368339350,JUST ONE MORE DAY,,,37.0,200,30.89731616640353,2025-01-08 23:56:48,29.74641,-89.15333,2025-01-08 15:49:47,29.00792,-89.34892,49.996512263980094,2025-01-08 23:56:48,29.74641,-89.15333,30.89731616640353,19.09919609757656,approaching,38.21,100.0,40.0,unavailable,53.92,34.827,,insufficient_data,unknown,15,0,200,6.1,5.3,160.87,155.57,,,not_aligned_with_spill,2025-01-08,28.942782,-88.834958,57.677181,False,False,False,candidate_only
367702070,WILLIAM B KLUNK,,WDI4795,31.0,11,30.981856341426127,2025-01-08 11:33:20,36.86845,-89.12402,2025-01-08 07:50:59,36.60186,-89.20488,37.54460030094077,2025-01-08 11:33:20,36.86845,-89.12402,30.981856341426127,6.562743959514645,approaching,38.04,100.0,2.2,unavailable,48.15,,,insufficient_data,unknown,0,0,11,5.1,11.4,178.17,166.77,,,not_aligned_with_spill,2025-01-08,28.942782,-88.834958,57.677181,False,False,False,candidate_only
367308990,SAWYER WILLIAM,,WDD9255,31.0,696,31.208807550766988,2025-01-08 02:00:02,30.3294,-88.51322,2025-01-08 00:00:06,30.25644,-88.40167,41.96577591487639,2025-01-08 20:00:15,30.25749,-88.33294,48.599514121403104,-6.633738206526715,departing,37.58,25.0,100.0,unavailable,43.8,32.966,31.743,approaching,approached_then_departed,35,27,696,1.4,171.0,191.48,20.48,144.83,46.65,heading_toward_spill,2025-01-08,28.942782,-88.834958,57.677181,False,True,True,candidate_only
366986140,GRAND CALLIOU,IMO7201677,WX9284,30.0,786,31.22270787209149,2025-01-08 07:03:02,30.42441,-88.51309,2025-01-08 00:00:01,30.42444,-88.51298,31.23328849631357,2025-01-08 23:59:32,30.42442,-88.51296,31.235211741186543,-0.0019232448729766,stationary/near-stationary,37.55,50.0,100.0,unavailable,50.03,31.237,31.232,near_stationary,approached_then_departed,33,37,786,0.0,357.6,190.77,166.83,189.78,0.98,not_aligned_with_spill,2025-01-08,28.942782,-88.834958,57.677181,False,True,False,candidate_only
367506850,SIGNET VICTORY,IMO8968208,WDF9599,52.0,745,31.232917456658576,2025-01-08 16:37:11,30.33375,-88.51297,2025-01-08 00:00:02,30.34452,-88.50731,31.77791950416884,2025-01-08 23:51:21,30.34454,-88.50731,31.77791960395404,-9.978519344144845e-08,stationary/near-stationary,37.53,50.0,100.0,unavailable,50.02,31.778,31.779,near_stationary,approached_then_departed,24,47,745,1.4,269.8,191.46,78.34,342.3,150.84,partially_aligned,2025-01-08,28.942782,-88.834958,57.677181,False,True,False,candidate_only
367105180,JOHN REID GOLDING,,WDC9663,31.0,541,31.23755732023779,2025-01-08 14:07:18,30.31243,-88.51292,2025-01-08 00:00:08,30.34934,-88.50552,31.95027580833993,2025-01-08 16:03:39,30.25917,-88.32059,49.79158138271151,-17.84130557437158,departing,37.52,25.0,100.0,unavailable,43.76,31.97,38.918,departing,approached_then_departed,35,25,541,5.9,180.8,191.63,10.83,179.6,12.03,motion_toward_spill,2025-01-08,28.942782,-88.834958,57.677181,False,True,True,candidate_only
367314430,MOBILE,,WDD9649,31.0,402,31.24418034397071,2025-01-08 13:07:23,30.29156,-88.51285,2025-01-08 11:37:34,30.25832,-88.31943,49.90370659469879,2025-01-08 23:59:13,30.3401,-88.50815,31.69702280671236,18.20668378798643,approaching,37.51,100.0,80.4,unavailable,59.57,43.042,31.715,approaching,approached_then_departed,38,31,402,7.4,3.0,191.81,171.19,1.18,169.37,not_aligned_with_spill,2025-01-08,28.942782,-88.834958,57.677181,False,True,False,candidate_only
368262180,TOM MCCOIN,IMO0003358,WDN2445,31.0,1,31.261267413156823,2025-01-08 03:50:19,36.98597,-89.1263,2025-01-08 03:50:19,36.98597,-89.1263,31.261267413156823,2025-01-08 03:50:19,36.98597,-89.1263,31.261267413156823,0.0,stationary/near-stationary,37.48,50.0,0.2,unavailable,35.02,,,insufficient_data,unknown,0,0,1,5.5,285.4,178.18,107.22,,,not_aligned_with_spill,2025-01-08,28.942782,-88.834958,57.677181,False,False,False,candidate_only
367331210,SEA BEE,IMO7513379,WCY2047,30.0,824,31.26888233712948,2025-01-08 21:13:04,30.42476,-88.51261,2025-01-08 00:00:03,30.42485,-88.51252,31.27754055249685,2025-01-08 23:59:44,30.42491,-88.51251,31.27850355273172,-0.0009630002348686,stationary/near-stationary,37.46,50.0,100.0,unavailable,49.98,31.281,31.279,near_stationary,approached_then_departed,32,30,824,0.0,294.9,190.78,104.12,234.07,43.28,not_aligned_with_spill,2025-01-08,28.942782,-88.834958,57.677181,False,True,False,candidate_only
366760680,VANGUARD,IMO9178379,WDF2026,52.0,329,31.29072404430068,2025-01-08 11:12:34,30.33824,-88.51237,2025-01-08 00:00:31,30.33825,-88.51228,31.29938865951335,2025-01-08 23:57:34,30.33828,-88.51229,31.298426212313377,0.0009624471999742,stationary/near-stationary,37.42,50.0,65.8,unavailable,44.82,31.296,31.3,near_stationary,approached_then_departed,9,16,329,0.0,222.7,191.44,31.26,90.0,101.44,heading_toward_spill,2025-01-08,28.942782,-88.834958,57.677181,False,True,True,candidate_only
367380320,HARVEY RAIDER,IMO9555759,WDH2198,70.0,829,31.31094440702965,2025-01-08 14:34:52,30.33858,-88.51216,2025-01-08 00:00:03,30.33874,-88.512,31.32634947989876,2025-01-08 23:59:23,30.33873,-88.51202,31.324423935911337,0.0019255439874221,stationary/near-stationary,37.38,50.0,100.0,unavailable,49.93,31.324,31.329,near_stationary,departing,26,28,829,0.0,251.6,191.45,60.15,212.91,21.47,partially_aligned,2025-01-08,28.942782,-88.834958,57.677181,False,False,False,candidate_only
367491660,SIGNET RELIANCE,IMO9548677,WDF8126,31.0,127,31.31281603441738,2025-01-08 16:40:14,30.33247,-88.51214,2025-01-08 03:58:43,30.34483,-88.50728,31.78080936235446,2025-01-08 23:37:15,30.34482,-88.5073,31.77888377440865,0.0019255879458057,stationary/near-stationary,37.37,50.0,25.4,unavailable,38.73,31.781,31.779,near_stationary,approached_then_departed,25,3,127,1.3,205.5,191.49,14.01,15.91,175.58,heading_toward_spill,2025-01-08,28.942782,-88.834958,57.677181,False,True,True,candidate_only
367088210,RACHEL BURTON,IMO7308061,WX9277,30.0,475,31.33718142162779,2025-01-08 02:07:24,30.42522,-88.5119,2025-01-08 00:00:03,30.42524,-88.51188,31.33910548144204,2025-01-08 22:41:04,30.42524,-88.51185,31.341991005353183,-0.00288552391115,stationary/near-stationary,37.33,50.0,95.0,unavailable,49.15,31.339,31.339,near_stationary,mixed,33,31,475,0.0,21.7,190.8,169.1,0.0,169.2,not_aligned_with_spill,2025-01-08,28.942782,-88.834958,57.677181,False,False,False,candidate_only
367139590,BRANDYWINE,IMO9378761,WDD4054,52.0,339,31.35043462464909,2025-01-08 15:14:04,30.34064,-88.51175,2025-01-08 00:02:02,30.34083,-88.51152,31.37257875809368,2025-01-08 23:41:08,30.34068,-88.51165,31.360062124914048,0.0125166331796293,stationary/near-stationary,37.3,50.0,67.8,unavailable,45.05,31.371,31.36,near_stationary,approached_then_departed,17,14,339,0.0,305.3,191.44,113.86,270.0,78.56,not_aligned_with_spill,2025-01-08,28.942782,-88.834958,57.677181,False,True,False,candidate_only
368300510,SAN TOMAS,,WDN6588,52.0,325,31.38309265043968,2025-01-08 18:28:38,30.3315,-88.51141,2025-01-08 00:02:48,30.33485,-88.50975,31.542943166283983,2025-01-08 22:58:07,30.33003,-88.51117,31.40618952107821,0.136753645205772,stationary/near-stationary,37.23,50.0,65.0,unavailable,44.59,32.105,31.402,near_stationary,approached_then_departed,13,19,325,1.1,189.8,191.53,1.73,184.82,6.71,motion_toward_spill,2025-01-08,28.942782,-88.834958,57.677181,False,True,True,candidate_only
357449000,BLUEFIN PEARL,IMO9397808,3EZV4,80.0,338,31.41292651614948,2025-01-08 17:06:27,30.32963,-88.5111,2025-01-08 00:01:48,30.32963,-88.51103,31.419666391706876,2025-01-08 23:57:29,30.32957,-88.51102,31.42062881210851,-0.0009624204016382,stationary/near-stationary,37.17,50.0,67.6,unavailable,44.94,31.42,31.421,near_stationary,approached_then_departed,20,11,338,0.0,276.5,191.55,84.95,0.0,168.45,partially_aligned,2025-01-08,28.942782,-88.834958,57.677181,False,True,False,candidate_only
368174620,BUCK,,WDL8965,31.0,313,31.527671684565256,2025-01-08 22:11:37,30.35264,-88.50991,2025-01-08 00:02:38,30.35986,-88.50658,31.848281094788803,2025-01-08 23:47:47,30.35263,-88.50989,31.52959686606296,0.3186842287258464,stationary/near-stationary,36.94,50.0,62.6,unavailable,44.06,31.85,31.53,near_stationary,approaching,13,12,313,0.0,,191.41,,270.0,78.59,insufficient_data,2025-01-08,28.942782,-88.834958,57.677181,False,False,False,candidate_only
311000899,LAKE PEARL,IMO9401984,C6EH8,79.0,342,31.57954398134192,2025-01-08 14:40:10,30.3371,-88.50937,2025-01-08 00:01:11,30.3374,-88.5092,31.59591344934219,2025-01-08 23:58:11,30.33713,-88.5093,31.586283779671675,0.0096296696705167,stationary/near-stationary,36.84,50.0,68.4,unavailable,44.86,31.589,31.594,near_stationary,departing,13,15,342,0.0,201.0,191.55,9.45,270.0,78.45,heading_toward_spill,2025-01-08,28.942782,-88.834958,57.677181,False,False,True,candidate_only
367534010,SOPHIA GOLDING,,WDG4196,31.0,344,31.656605686664754,2025-01-08 22:51:15,30.3435,-88.50857,2025-01-08 00:00:16,30.34839,-88.50592,31.91176161429761,2025-01-08 23:38:01,30.34983,-88.50523,31.978197702049314,-0.0664360877517005,stationary/near-stationary,36.69,50.0,68.8,unavailable,44.83,31.977,31.978,near_stationary,departing,11,10,344,0.3,123.8,191.53,67.73,207.3,15.77,partially_aligned,2025-01-08,28.942782,-88.834958,57.677181,False,False,False,candidate_only
367677560,FLORIDA VOYAGER,IMO9698018,WBYQ,80.0,337,31.684518388650385,2025-01-08 00:04:50,30.34224,-88.50828,2025-01-08 00:04:50,30.34224,-88.50828,31.684518388650385,2025-01-08 22:58:50,30.34224,-88.50822,31.690295033125867,-0.0057766444754818,stationary/near-stationary,36.63,50.0,67.4,unavailable,44.59,,31.691,insufficient_data,unknown,0,18,337,0.2,236.8,191.55,45.25,,,partially_aligned,2025-01-08,28.942782,-88.834958,57.677181,False,False,False,candidate_only
366601000,MISSISSIPPI RESPONDE,IMO9044671,WBO8584,90.0,338,31.699897022987155,2025-01-08 00:19:22,30.33734,-88.50812,2025-01-08 00:01:30,30.3373,-88.50801,31.71048792580273,2025-01-08 23:58:35,30.33738,-88.50809,31.70278569962404,0.0077022261786972,stationary/near-stationary,36.6,50.0,67.6,unavailable,44.6,31.71,31.71,near_stationary,approached_then_departed,6,8,338,0.0,159.6,191.59,31.99,167.82,23.77,motion_toward_spill,2025-01-08,28.942782,-88.834958,57.677181,False,True,True,candidate_only
367047370,SIGNET CHALLENGER,IMO8983090,WDC5854,52.0,804,31.752883251040107,2025-01-08 09:51:14,30.3437,-88.50757,2025-01-08 00:00:03,30.34374,-88.50729,31.7798412071836,2025-01-08 23:59:41,30.34372,-88.50725,31.783692231310148,-0.0038510241265505,stationary/near-stationary,36.49,50.0,100.0,unavailable,49.4,31.781,31.778,near_stationary,approached_then_departed,49,48,804,0.1,273.2,191.56,81.64,23.34,168.22,partially_aligned,2025-01-08,28.942782,-88.834958,57.677181,False,True,False,candidate_only
367491650,SIGNET RESOLUTE,IMO7626229,WDF8125,31.0,599,31.766361960082037,2025-01-08 05:37:08,30.34367,-88.50743,2025-01-08 00:07:47,30.34368,-88.50738,31.771175899796116,2025-01-08 22:58:58,30.34368,-88.50738,31.771175899796116,0.0,stationary/near-stationary,36.47,50.0,100.0,unavailable,49.38,31.767,31.769,near_stationary,departing,18,29,599,0.1,0.0,191.57,168.43,0.0,168.43,not_aligned_with_spill,2025-01-08,28.942782,-88.834958,57.677181,False,False,False,candidate_only
368293260,SIGNET MISCHIEF,IMO9819349,WDN5804,52.0,765,31.77887980099757,2025-01-08 04:13:22,30.34402,-88.5073,2025-01-08 00:00:02,30.34403,-88.50728,31.780805404012703,2025-01-08 23:59:22,30.34403,-88.50728,31.780805404012703,0.0,stationary/near-stationary,36.44,50.0,100.0,unavailable,49.37,31.781,31.784,near_stationary,departing,24,16,765,0.0,29.8,191.57,161.77,0.0,168.43,not_aligned_with_spill,2025-01-08,28.942782,-88.834958,57.677181,False,False,False,candidate_only
367506840,SIGNET VALIANT,IMO8964551,WDF9598,31.0,713,31.779844056393028,2025-01-08 01:29:26,30.34432,-88.50729,2025-01-08 00:00:16,30.3443,-88.50727,31.781769506340883,2025-01-08 23:58:26,30.3443,-88.50726,31.782732281080897,-0.0009627747400138,stationary/near-stationary,36.44,50.0,100.0,unavailable,49.36,31.782,31.784,near_stationary,approached_then_departed,31,33,713,0.0,,191.57,,0.0,168.43,insufficient_data,2025-01-08,28.942782,-88.834958,57.677181,False,True,False,candidate_only
367400840,DRY TORTUGAS,IMO9585089,WDL3669,79.0,716,31.8242013583979,2025-01-08 11:57:13,30.35758,-88.50683,2025-01-08 00:00:04,30.35759,-88.50678,31.829014677134,2025-01-08 23:58:44,30.3576,-88.50678,31.829014736568624,-5.9434626109577955e-08,stationary/near-stationary,36.35,50.0,100.0,unavailable,49.31,31.829,31.827,near_stationary,approaching,41,39,716,,,191.48,,32.91,158.57,insufficient_data,2025-01-08,28.942782,-88.834958,57.677181,False,False,False,candidate_only
368097590,GRAYSON,,WDK8807,57.0,343,31.846279633192847,2025-01-08 06:57:04,30.34517,-88.5066,2025-01-08 00:03:08,30.34517,-88.50657,31.849167975150287,2025-01-08 23:59:11,30.34533,-88.50516,31.984922679789342,-0.1357547046390586,stationary/near-stationary,36.31,50.0,68.6,unavailable,44.57,31.848,31.849,near_stationary,mixed,19,17,343,0.0,203.0,191.58,11.42,139.21,52.38,heading_toward_spill,2025-01-08,28.942782,-88.834958,57.677181,False,False,True,candidate_only
366805390,MALLORY GRACE,,WDF9232,60.0,293,31.907954079399115,2025-01-08 22:58:05,30.35782,-88.50596,2025-01-08 00:01:05,30.35787,-88.50586,31.917581021166605,2025-01-08 23:58:08,30.35786,-88.50586,31.917580970632248,5.05343571433059e-08,stationary/near-stationary,36.18,50.0,58.6,unavailable,43.0,31.918,31.92,near_stationary,departing,15,4,293,0.0,,191.5,,180.0,11.5,insufficient_data,2025-01-08,28.942782,-88.834958,57.677181,False,False,False,candidate_only
367584630,MADISON GAIL,IMO0000258,WDG9129,60.0,705,31.909879569408467,2025-01-08 10:38:23,30.35785,-88.50594,2025-01-08 00:00:03,30.35787,-88.50591,31.912767676353333,2025-01-08 23:54:02,30.35787,-88.50591,31.912767676353333,0.0,stationary/near-stationary,36.18,50.0,100.0,unavailable,49.21,31.913,31.915,near_stationary,departing,19,27,705,0.0,,191.51,,300.09,108.58,insufficient_data,2025-01-08,28.942782,-88.834958,57.677181,False,False,False,candidate_only
311000240,Q5000,IMO8772104,C6BES,90.0,2,32.07629407323517,2025-01-08 21:51:08,28.00899,-89.16262,2025-01-08 21:51:08,28.00899,-89.16262,32.07629407323517,2025-01-08 22:38:57,28.00899,-89.16263,32.07726989251627,-0.000975819281102,stationary/near-stationary,35.85,50.0,0.4,unavailable,34.07,,32.077,insufficient_data,unknown,0,1,2,0.0,193.9,17.06,176.84,,,not_aligned_with_spill,2025-01-08,28.942782,-88.834958,57.677181,False,False,False,candidate_only
367614550,RON HUNTER,IMO0812506,WDH4137,52.0,1,32.09021398100857,2025-01-08 09:52:17,36.74218,-89.13884,2025-01-08 09:52:17,36.74218,-89.13884,32.09021398100857,2025-01-08 09:52:17,36.74218,-89.13884,32.09021398100857,0.0,stationary/near-stationary,35.82,50.0,0.2,unavailable,34.02,,,insufficient_data,unknown,0,0,1,6.1,65.2,178.04,112.84,,,not_aligned_with_spill,2025-01-08,28.942782,-88.834958,57.677181,False,False,False,candidate_only
368196410,C-CONSTRUCTOR,IMO9763746,WDM3339,90.0,125,32.55436097366695,2025-01-08 15:46:17,28.22509,-88.50185,2025-01-08 01:45:17,28.22499,-88.50041,32.69485735007048,2025-01-08 22:59:47,28.22501,-88.50042,32.693877129292666,0.0009802207778122,stationary/near-stationary,34.89,50.0,25.0,unavailable,37.18,32.706,32.67,near_stationary,approached_then_departed,10,17,125,0.0,126.3,337.91,148.39,210.43,127.48,not_aligned_with_spill,2025-01-08,28.942782,-88.834958,57.677181,False,True,False,candidate_only
366866280,AMETHYST,IMO9269817,WDA9537,60.0,34,32.69172457111198,2025-01-08 01:17:54,30.08427,-88.49787,2025-01-08 00:46:19,30.10481,-88.32613,49.28060505906305,2025-01-08 02:03:44,30.0874,-88.33113,48.80010720811756,0.4804978509454898,stationary/near-stationary,34.62,50.0,6.8,unavailable,34.29,49.281,48.8,near_stationary,approached_then_departed,19,14,34,2.9,124.9,194.5,69.6,312.81,118.31,partially_aligned,2025-01-08,28.942782,-88.834958,57.677181,False,True,False,candidate_only
366967470,WILLARD HAMMOND,,WDK9929,31.0,1,32.78071516242638,2025-01-08 08:44:28,36.83595,-89.14639,2025-01-08 08:44:28,36.83595,-89.14639,32.78071516242638,2025-01-08 08:44:28,36.83595,-89.14639,32.78071516242638,0.0,stationary/near-stationary,34.44,50.0,0.2,unavailable,33.19,,,insufficient_data,unknown,0,0,1,0.0,277.1,178.02,99.08,,,not_aligned_with_spill,2025-01-08,28.942782,-88.834958,57.677181,False,False,False,candidate_only
354747000,TBC PRIME,IMO9618501,3FVT3,70.0,93,32.87633345562858,2025-01-08 07:53:00,28.20183,-89.17131,2025-01-08 02:00:01,29.21325,-89.28287,43.53096971434801,2025-01-08 21:53:11,29.01528,-89.34462,49.576498490885776,-6.045528776537765,departing,34.25,25.0,18.6,unavailable,29.59,33.425,39.977,departing,approached_then_departed,14,4,93,11.3,181.2,21.66,159.54,181.12,159.47,not_aligned_with_spill,2025-01-08,28.942782,-88.834958,57.677181,False,True,False,candidate_only
367702260,GARRON L SNEED,,WDI4812,31.0,1,32.894998420001585,2025-01-08 12:29:06,36.68795,-89.14908,2025-01-08 12:29:06,36.68795,-89.14908,32.894998420001585,2025-01-08 12:29:06,36.68795,-89.14908,32.894998420001585,0.0,stationary/near-stationary,34.21,50.0,0.2,unavailable,33.06,,,insufficient_data,unknown,0,0,1,6.0,354.1,177.96,176.14,,,not_aligned_with_spill,2025-01-08,28.942782,-88.834958,57.677181,False,False,False,candidate_only
367162280,SEA SCOUT,,WDJ5661,52.0,1,32.91813674486116,2025-01-08 13:00:21,30.16158,-88.4955,2025-01-08 13:00:21,30.16158,-88.4955,32.91813674486116,2025-01-08 13:00:21,30.16158,-88.4955,32.91813674486116,0.0,stationary/near-stationary,34.16,50.0,0.2,unavailable,33.03,,,insufficient_data,unknown,0,0,1,5.4,224.6,193.7,30.9,,,heading_toward_spill,2025-01-08,28.942782,-88.834958,57.677181,False,False,True,candidate_only
367565660,GABE GATTLE,,WDI8818,31.0,10,32.93705221019192,2025-01-08 03:37:29,36.6865,-89.1496,2025-01-08 03:18:30,36.72511,-89.15968,33.80188818845628,2025-01-08 04:08:49,36.62794,-89.19695,36.88228995467208,-3.080401766215793,stationary/near-stationary,34.13,50.0,2.0,unavailable,33.28,33.802,36.882,departing,departing,2,7,10,7.5,183.2,177.96,5.24,170.46,7.5,motion_toward_spill,2025-01-08,28.942782,-88.834958,57.677181,False,False,True,candidate_only
366047800,THUNDERHORSE PDQ,,WPXF501,90.0,20,33.24930087686724,2025-01-08 18:38:02,28.19083,-88.49481,2025-01-08 14:56:01,28.19076,-88.49478,33.252244540139664,2025-01-08 20:02:05,28.19074,-88.49478,33.2522493484344,-4.808294733038565e-06,stationary/near-stationary,33.5,50.0,4.0,unavailable,33.2,33.251,33.253,near_stationary,mixed,4,5,20,0.0,25.7,338.41,47.29,221.39,117.02,partially_aligned,2025-01-08,28.942782,-88.834958,57.677181,False,False,False,candidate_only
367789310,FANTASY ISLAND,IMO9788344,WDJ5586,70.0,2,33.32237808125825,2025-01-08 18:51:50,28.19122,-88.49406,2025-01-08 16:33:30,28.1852,-88.49259,33.46724570680124,2025-01-08 18:51:50,28.19122,-88.49406,33.32237808125825,0.1448676255429859,stationary/near-stationary,33.36,50.0,0.4,unavailable,32.57,,,insufficient_data,unknown,0,0,2,0.0,8.7,338.36,30.34,,,heading_toward_spill,2025-01-08,28.942782,-88.834958,57.677181,False,False,True,candidate_only
367793240,RIVER SPIRIT,,WDJ5987,52.0,1,34.47511620903488,2025-01-08 14:29:02,41.32343,-89.10922,2025-01-08 14:29:02,41.32343,-89.10922,34.47511620903488,2025-01-08 14:29:02,41.32343,-89.10922,34.47511620903488,0.0,stationary/near-stationary,31.05,50.0,0.2,unavailable,31.16,,,insufficient_data,unknown,0,0,1,1.1,162.8,178.88,16.08,,,heading_toward_spill,2025-01-08,28.942782,-88.834958,57.677181,False,False,True,candidate_only
367610280,J W HUNTER,,WDH3730,31.0,30,34.5928706043987,2025-01-08 13:31:50,41.32143,-88.55884,2025-01-08 13:31:50,41.32143,-88.55884,34.5928706043987,2025-01-08 16:07:10,41.36375,-88.38192,47.41112056004679,-12.818249955648092,departing,30.81,25.0,6.0,unavailable,25.64,,40.13,insufficient_data,unknown,0,19,30,4.3,65.5,181.13,115.63,,,not_aligned_with_spill,2025-01-08,28.942782,-88.834958,57.677181,False,False,False,candidate_only
367533050,SALLY BROMFIELD,IMO8836649,WDK9621,31.0,5,35.04915677108824,2025-01-08 03:24:14,36.64369,-89.17521,2025-01-08 03:24:14,36.64369,-89.17521,35.04915677108824,2025-01-08 04:03:14,36.56638,-89.22897,39.59836195646292,-4.549205185374674,stationary/near-stationary,29.9,50.0,1.0,unavailable,30.59,,39.598,insufficient_data,unknown,0,4,5,8.8,222.0,177.78,44.22,,,heading_toward_spill,2025-01-08,28.942782,-88.834958,57.677181,False,False,True,candidate_only
366992040,OCEAN PRIDE,,WDL6170,52.0,358,35.38733774995453,2025-01-08 18:45:59,29.24575,-89.19911,2025-01-08 13:14:49,29.27051,-89.34713,49.7626848993923,2025-01-08 22:34:28,29.2649,-89.3404,49.11011333133875,0.6525715680535455,stationary/near-stationary,29.23,50.0,71.6,unavailable,40.78,37.611,39.544,departing,approached_then_departed,29,48,358,0.4,323.5,133.51,170.01,355.17,138.33,not_aligned_with_spill,2025-01-08,28.942782,-88.834958,57.677181,False,True,False,candidate_only
367506940,DONNA H FURLONG,,WDF9608,31.0,3,35.63243109501925,2025-01-08 12:57:07,41.32575,-88.5431,2025-01-08 12:57:07,41.32575,-88.5431,35.63243109501925,2025-01-08 14:14:27,41.34813,-88.45393,41.939182238906206,-6.306751143886956,departing,28.74,25.0,0.6,unavailable,23.58,,39.661,insufficient_data,unknown,0,1,3,3.3,73.5,181.19,107.69,,,not_aligned_with_spill,2025-01-08,28.942782,-88.834958,57.677181,False,False,False,candidate_only
367120990,AMERICAN INTEGRITY,IMO7514696,WDD2875,70.0,96,35.99214824800683,2025-01-08 19:13:26,47.48854,-88.83413,2025-01-08 17:50:16,47.44573,-89.23514,49.61170970470587,2025-01-08 20:36:28,47.53027,-88.433,49.81621058219236,-0.2045008774864882,stationary/near-stationary,28.02,50.0,19.2,unavailable,32.19,43.5,41.123,approaching,approached_then_departed,40,35,96,11.7,79.6,180.0,100.4,80.68,99.32,not_aligned_with_spill,2025-01-08,28.942782,-88.834958,57.677181,False,True,False,candidate_only
366971350,PHILIP R CLARKE,IMO5277062,WDH7554,70.0,113,36.002598846899275,2025-01-08 15:10:05,47.4939,-88.83388,2025-01-08 13:50:45,47.44288,-89.23629,49.67628434129186,2025-01-08 16:29:03,47.54533,-88.43213,49.885259056621614,-0.2089747153297523,stationary/near-stationary,27.99,50.0,22.6,unavailable,32.69,44.054,44.392,near_stationary,approached_then_departed,41,42,113,12.5,78.3,180.0,101.7,78.4,101.6,not_aligned_with_spill,2025-01-08,28.942782,-88.834958,57.677181,False,True,False,candidate_only
338888000,CLYDE S VAN ENKEVORT,IMO9618484,WDJ4194,31.0,124,36.04623465566186,2025-01-08 15:56:54,47.51599,-88.83791,2025-01-08 14:34:44,47.47504,-89.23392,49.57445715705184,2025-01-08 17:19:54,47.55406,-88.43614,49.65975207011996,-0.0852949130681182,stationary/near-stationary,27.91,50.0,24.8,unavailable,32.96,43.709,43.366,near_stationary,approached_then_departed,44,43,124,11.9,81.4,179.99,98.59,81.13,98.86,not_aligned_with_spill,2025-01-08,28.942782,-88.834958,57.677181,False,True,False,candidate_only
366971330,EDGAR B SPEER,IMO7625952,WDH7562,79.0,169,36.08148692583951,2025-01-08 06:56:12,47.53427,-88.83751,2025-01-08 05:19:41,47.47504,-89.23859,49.850158433552174,2025-01-08 08:31:51,47.59408,-88.43431,49.814613526521605,0.0355449070305695,stationary/near-stationary,27.84,50.0,33.8,unavailable,34.27,41.908,41.961,near_stationary,approached_then_departed,52,52,169,10.5,78.6,179.99,101.39,78.26,101.73,not_aligned_with_spill,2025-01-08,28.942782,-88.834958,57.677181,False,True,False,candidate_only
367383680,RIVER DOCKS III,,WDN5528,31.0,2,36.1417752616568,2025-01-08 15:43:02,41.32009,-89.13452,2025-01-08 15:43:02,41.32009,-89.13452,36.1417752616568,2025-01-08 15:50:32,41.32009,-89.13453,36.14244881027296,-0.000673548616163,stationary/near-stationary,27.72,50.0,0.4,unavailable,29.19,,36.142,insufficient_data,unknown,0,1,2,0.0,0.0,178.78,178.78,,,not_aligned_with_spill,2025-01-08,28.942782,-88.834958,57.677181,False,False,False,candidate_only
367050550,STEWART J CORT,IMO7105495,WDC6055,70.0,117,36.47478080720183,2025-01-08 14:18:12,47.73713,-88.83657,2025-01-08 12:59:03,47.8664,-88.43728,49.96714680132862,2025-01-08 15:36:32,47.60922,-89.23443,49.76365023815215,0.203496563176472,stationary/near-stationary,27.05,50.0,23.4,unavailable,32.24,44.599,44.515,near_stationary,approached_then_departed,47,40,117,13.6,245.5,180.0,65.5,245.03,65.04,partially_aligned,2025-01-08,28.942782,-88.834958,57.677181,False,True,False,candidate_only
366101000,VITO FPU,,WRAT995,90.0,40,36.62504194355158,2025-01-08 22:34:56,28.02543,-89.20927,2025-01-08 00:31:53,28.02547,-89.20936,36.63381673447934,2025-01-08 22:50:03,28.02551,-89.20936,36.63380617158565,1.0562893692167565e-05,stationary/near-stationary,26.75,50.0,8.0,unavailable,29.75,36.634,36.634,near_stationary,departing,10,2,40,0.0,0.0,19.64,19.64,90.0,70.36,heading_toward_spill,2025-01-08,28.942782,-88.834958,57.677181,False,False,True,candidate_only
367005480,CREOLE SHAWNEE,,WDC3301,31.0,70,36.67657028282979,2025-01-08 22:19:28,29.14999,-89.21223,2025-01-08 21:41:00,29.1499,-89.21351,36.80100489993595,2025-01-08 23:59:38,29.23563,-89.30546,45.72162098482602,-8.92061608489007,departing,26.65,25.0,14.0,unavailable,24.34,36.801,41.7,departing,approached_then_departed,29,25,70,3.1,72.9,122.05,49.15,53.36,68.68,partially_aligned,2025-01-08,28.942782,-88.834958,57.677181,False,True,False,candidate_only
368132210,ENTERPRISE,,WDL4517,37.0,292,36.69979213748503,2025-01-08 07:06:59,29.15067,-89.21247,2025-01-08 00:01:04,29.15065,-89.2125,36.70271137541115,2025-01-08 23:52:03,29.15065,-89.21249,36.70173934459167,0.0009720308194829,stationary/near-stationary,26.6,50.0,58.4,unavailable,37.22,36.703,36.701,near_stationary,mixed,15,15,292,0.0,,122.12,,180.0,57.88,insufficient_data,2025-01-08,28.942782,-88.834958,57.677181,False,False,False,candidate_only
366917110,FRANK STEGBAUER,,WCX7185,31.0,1,37.07773145332376,2025-01-08 12:58:12,41.31694,-89.14833,2025-01-08 12:58:12,41.31694,-89.14833,37.07773145332376,2025-01-08 12:58:12,41.31694,-89.14833,37.07773145332376,0.0,stationary/near-stationary,25.84,50.0,0.2,unavailable,28.04,,,insufficient_data,unknown,0,0,1,0.7,91.3,178.72,87.42,,,partially_aligned,2025-01-08,28.942782,-88.834958,57.677181,False,False,False,candidate_only
366904890,HON JAMES L OBERSTAR,IMO5322518,WL3108,70.0,131,37.28249385892968,2025-01-08 00:44:50,48.15199,-88.84038,2025-01-08 00:00:00,48.20965,-88.68591,39.4754808257147,2025-01-08 02:39:00,48.00745,-89.22721,49.8271224814512,-10.3516416557365,departing,25.44,25.0,26.2,unavailable,25.44,39.475,41.11,departing,approached_then_departed,37,49,131,9.5,241.1,179.99,61.11,240.95,60.96,partially_aligned,2025-01-08,28.942782,-88.834958,57.677181,False,True,False,candidate_only
367773570,MS TAMI,IMO8739293,WDJ4014,20.0,42,37.32672198500978,2025-01-08 09:01:01,29.40557,-89.21931,2025-01-08 07:30:31,29.29302,-89.3482,49.861713682121454,2025-01-08 09:01:01,29.40557,-89.21931,37.32672198500978,12.534991697111671,approaching,25.35,100.0,8.4,unavailable,41.47,45.31,,insufficient_data,unknown,14,0,42,10.1,119.6,143.96,24.36,,,heading_toward_spill,2025-01-08,28.942782,-88.834958,57.677181,False,False,True,candidate_only
367348220,PRESQUE ISLE,IMO7303877,WDH7560,79.0,149,37.44175745769258,2025-01-08 10:13:12,48.23428,-88.83996,2025-01-08 08:46:02,48.3871,-88.44969,49.90555627912402,2025-01-08 11:40:12,48.08192,-89.22829,49.97981037751457,-0.074254098390547,stationary/near-stationary,25.12,50.0,29.8,unavailable,32.04,43.668,43.894,near_stationary,approached_then_departed,50,51,149,12.6,239.8,179.99,59.81,240.11,60.12,partially_aligned,2025-01-08,28.942782,-88.834958,57.677181,False,True,False,candidate_only
316053597,ALGOMA BEAR,IMO9619309,VBAC,70.0,366,37.49779444410151,2025-01-08 18:07:45,48.26429,-88.8335,2025-01-08 00:01:39,48.44792,-89.18237,47.949440093534726,2025-01-08 19:14:41,48.22977,-88.45135,49.61559531739159,-1.6661552238568618,stationary/near-stationary,25.0,50.0,73.2,unavailable,38.48,43.357,46.696,departing,approached_then_departed,36,39,366,13.6,96.4,180.0,83.6,96.46,83.54,partially_aligned,2025-01-08,28.942782,-88.834958,57.677181,False,True,False,candidate_only
316014160,MANITOULIN,IMO8810918,XJBX,70.0,115,37.49789237656004,2025-01-08 03:45:53,48.2642,-88.83273,2025-01-08 02:09:19,48.355,-89.22106,49.91157018840085,2025-01-08 05:01:13,48.22904,-88.44877,49.758734756489744,0.1528354319111073,stationary/near-stationary,25.0,50.0,23.0,unavailable,30.95,44.323,45.464,departing,approached_then_departed,37,41,115,12.4,98.1,180.01,81.91,97.98,82.03,partially_aligned,2025-01-08,28.942782,-88.834958,57.677181,False,True,False,candidate_only
316052496,NORTHERN VENTURE,IMO9167681,VDAK,70.0,157,37.52643008218595,2025-01-08 06:20:18,48.27915,-88.83487,2025-01-08 05:08:58,48.24753,-88.44967,49.73155876059372,2025-01-08 15:48:09,48.35439,-89.2224,49.98541227694361,-0.253853516349892,stationary/near-stationary,24.95,50.0,31.4,unavailable,32.18,46.32,45.305,approaching,approached_then_departed,50,51,157,13.1,276.6,180.0,96.6,276.72,96.72,not_aligned_with_spill,2025-01-08,28.942782,-88.834958,57.677181,False,True,False,candidate_only
316009457,KAMINISTIQUA,IMO8119285,CFN4612,70.0,60,37.65818966994408,2025-01-08 00:00:03,48.26129,-88.79329,2025-01-08 00:00:03,48.26129,-88.79329,37.65818966994408,2025-01-08 01:14:42,48.22788,-88.44624,49.89908736642519,-12.240897696481106,departing,24.68,25.0,12.0,unavailable,22.86,,46.327,insufficient_data,unknown,0,48,60,11.1,96.4,180.11,83.71,,,partially_aligned,2025-01-08,28.942782,-88.834958,57.677181,False,False,False,candidate_only
367101870,MARS TLP,,WDC9410,90.0,147,37.92289053390285,2025-01-08 23:00:42,28.16978,-89.22295,2025-01-08 00:27:41,28.16978,-89.22304,37.93167349008453,2025-01-08 23:58:40,28.16983,-89.22303,37.930684919013146,0.0009885710713817,stationary/near-stationary,24.15,50.0,29.4,unavailable,31.4,37.927,37.931,near_stationary,departing,12,8,147,0.0,40.6,23.7,16.9,41.4,17.7,motion_toward_spill,2025-01-08,28.942782,-88.834958,57.677181,False,False,True,candidate_only
366919170,CHARLES SOUTHERN,,WY2704,31.0,1,38.365166301415016,2025-01-08 03:33:28,36.57456,-89.21462,2025-01-08 03:33:28,36.57456,-89.21462,38.365166301415016,2025-01-08 03:33:28,36.57456,-89.21462,38.365166301415016,0.0,stationary/near-stationary,23.27,50.0,0.2,unavailable,26.49,,,insufficient_data,unknown,0,0,1,8.8,208.2,177.5,30.7,,,heading_toward_spill,2025-01-08,28.942782,-88.834958,57.677181,False,False,True,candidate_only
636020363,AQUASMERALDA,IMO9884801,D5YW3,80.0,619,38.87215666938598,2025-01-08 16:27:03,30.10988,-88.43385,2025-01-08 00:00:03,30.08556,-88.37731,44.33714756937225,2025-01-08 23:59:23,30.07546,-88.36285,45.73596855256149,-1.398820983189239,stationary/near-stationary,22.26,50.0,100.0,unavailable,40.85,46.237,39.484,approaching,approached_then_departed,26,19,619,1.4,170.9,196.75,25.85,193.37,3.37,motion_toward_spill,2025-01-08,28.942782,-88.834958,57.677181,False,True,True,candidate_only
338196000,STORM,IMO9717711,WTIE,70.0,178,38.99990743503075,2025-01-08 14:14:11,28.16367,-89.23397,2025-01-08 13:17:50,28.25737,-89.3458,49.88860662652577,2025-01-08 23:43:51,28.16097,-89.23831,39.42416747325648,10.464439153269296,approaching,22.0,100.0,35.6,unavailable,43.54,49.889,39.061,approaching,approaching,4,2,178,0.5,179.1,24.13,154.97,132.31,108.18,not_aligned_with_spill,2025-01-08,28.942782,-88.834958,57.677181,False,False,False,candidate_only
367794230,BABE,,WDJ6087,37.0,121,39.42253960586602,2025-01-08 17:47:30,30.314,-89.24193,2025-01-08 00:02:30,30.31405,-89.24198,39.42735746634907,2025-01-08 22:59:30,30.31404,-89.24196,39.42542962983886,0.0019278365102124,stationary/near-stationary,21.15,50.0,24.2,unavailable,28.82,39.425,39.425,near_stationary,approaching,3,5,121,0.0,63.3,165.43,102.13,220.8,55.37,not_aligned_with_spill,2025-01-08,28.942782,-88.834958,57.677181,False,False,False,candidate_only
367571850,TRINITY,,WDG7888,60.0,313,39.5123713180615,2025-01-08 16:25:39,29.15351,-89.24141,2025-01-08 00:03:30,29.16756,-89.26659,41.95733890009874,2025-01-08 22:57:30,29.14235,-89.24782,40.13740391876427,1.8199349813344696,stationary/near-stationary,20.98,50.0,62.6,unavailable,34.48,40.776,39.982,near_stationary,approached_then_departed,33,32,313,5.6,51.1,120.57,69.47,13.64,106.94,partially_aligned,2025-01-08,28.942782,-88.834958,57.677181,False,True,False,candidate_only
338183549,MISSISSIPPI GIRL,,,37.0,312,39.6125882611451,2025-01-08 17:52:31,30.31278,-89.2439,2025-01-08 00:05:30,30.31277,-89.24392,39.61451756178452,2025-01-08 22:59:33,30.31276,-89.24393,39.61548256719145,-0.0009650054069325,stationary/near-stationary,20.77,50.0,62.4,unavailable,34.32,39.615,39.615,near_stationary,approached_then_departed,18,18,312,0.0,,165.35,,343.95,178.59,insufficient_data,2025-01-08,28.942782,-88.834958,57.677181,False,True,False,candidate_only
367423530,SIDNEY T,,WDE9980,52.0,467,39.74992016822514,2025-01-08 19:58:33,29.15135,-89.24385,2025-01-08 00:02:40,29.15201,-89.2476,40.11431777852427,2025-01-08 22:56:36,29.15093,-89.24613,39.971617810302426,0.1426999682218408,stationary/near-stationary,20.5,50.0,93.4,unavailable,38.81,39.883,39.917,near_stationary,approached_then_departed,29,19,467,1.0,152.7,120.16,32.54,197.72,77.56,heading_toward_spill,2025-01-08,28.942782,-88.834958,57.677181,False,True,True,candidate_only
367596190,MISS SYDNEY,,WDH2300,31.0,732,39.78290157561579,2025-01-08 22:53:36,29.15174,-89.24419,2025-01-08 00:00:36,29.15182,-89.24743,40.09782656461481,2025-01-08 23:50:15,29.15112,-89.24575,39.9346471586651,0.1631794059497124,stationary/near-stationary,20.43,50.0,100.0,unavailable,39.76,39.939,39.935,near_stationary,departing,28,13,732,3.6,207.2,120.19,87.01,162.04,41.85,partially_aligned,2025-01-08,28.942782,-88.834958,57.677181,False,False,False,candidate_only
367789790,MISS BRENDA,,WDJ5638,60.0,344,39.79964885076132,2025-01-08 19:08:32,29.15046,-89.24436,2025-01-08 00:02:48,29.14249,-89.24791,40.14612794595836,2025-01-08 23:22:12,29.15838,-89.25557,40.88788564954736,-0.7417577035889948,stationary/near-stationary,20.4,50.0,68.8,unavailable,35.06,40.168,40.148,near_stationary,approached_then_departed,19,17,344,4.4,13.9,120.03,106.13,45.11,74.91,not_aligned_with_spill,2025-01-08,28.942782,-88.834958,57.677181,False,True,False,candidate_only
368287070,BOYCE B,,WDN5104,52.0,754,39.80427761904789,2025-01-08 22:49:52,29.15179,-89.24441,2025-01-08 00:01:00,29.15244,-89.24777,40.13076680501317,2025-01-08 23:57:46,29.15122,-89.24646,40.00364430287711,0.1271225021360607,stationary/near-stationary,20.39,50.0,100.0,unavailable,39.73,40.014,40.008,near_stationary,approached_then_departed,27,28,754,0.9,122.5,120.18,2.32,146.01,25.83,motion_toward_spill,2025-01-08,28.942782,-88.834958,57.677181,False,True,True,candidate_only
367398920,LOUIE C,,WDL2368,31.0,957,39.88779229003831,2025-01-08 20:52:18,29.15225,-89.24527,2025-01-08 00:01:19,29.14562,-89.24912,40.26319570900012,2025-01-08 22:58:58,29.2453,-89.31332,46.48334587094534,-6.22015016194522,departing,20.22,25.0,100.0,unavailable,33.38,40.152,40.938,near_stationary,approached_then_departed,24,50,957,4.8,207.6,120.18,87.42,173.9,53.72,partially_aligned,2025-01-08,28.942782,-88.834958,57.677181,False,True,False,candidate_only
366955430,R S WEEKS,,WCK9505,33.0,638,39.90357513204189,2025-01-08 23:50:25,29.15093,-89.24543,2025-01-08 00:00:04,29.1515,-89.2473,40.08524627283253,2025-01-08 23:59:16,29.15024,-89.24612,39.970766486457656,0.1144797863748721,stationary/near-stationary,20.19,50.0,100.0,unavailable,39.62,39.943,39.971,near_stationary,approached_then_departed,27,5,638,0.3,17.7,120.02,102.32,41.13,78.88,not_aligned_with_spill,2025-01-08,28.942782,-88.834958,57.677181,False,True,False,candidate_only
338356526,WATER EXPRESS II,,WDG2786,60.0,223,39.90846674968103,2025-01-08 22:23:19,29.15075,-89.24548,2025-01-08 12:36:46,29.26432,-89.33992,49.06360766897763,2025-01-08 22:49:19,29.26769,-89.34317,49.37860533716616,-0.3149976681885249,stationary/near-stationary,20.18,50.0,44.6,unavailable,31.3,40.503,49.379,departing,approached_then_departed,20,17,223,4.5,282.7,119.99,162.71,94.81,25.18,not_aligned_with_spill,2025-01-08,28.942782,-88.834958,57.677181,False,True,False,candidate_only
367014390,OSCAR WALTERS,,WDC3799,52.0,749,40.00871000185951,2025-01-08 13:05:24,29.13898,-89.24649,2025-01-08 00:00:04,29.14108,-89.24747,40.10360506219568,2025-01-08 23:59:45,29.14109,-89.24746,40.10263120765355,0.0009738545421242,stationary/near-stationary,19.98,50.0,100.0,unavailable,39.49,40.104,44.388,departing,approached_then_departed,38,41,749,0.1,336.6,118.5,141.9,41.14,77.37,not_aligned_with_spill,2025-01-08,28.942782,-88.834958,57.677181,False,True,False,candidate_only
338138688,CREWS CONTROL,,WCO9048,37.0,174,40.03221952895272,2025-01-08 17:41:04,30.31073,-89.24825,2025-01-08 00:05:03,30.31074,-89.24828,40.03511185508537,2025-01-08 22:56:05,30.31074,-89.24828,40.03511185508537,0.0,stationary/near-stationary,19.94,50.0,34.8,unavailable,29.68,40.035,40.034,near_stationary,approached_then_departed,8,9,174,0.0,68.8,165.18,96.38,90.0,75.18,not_aligned_with_spill,2025-01-08,28.942782,-88.834958,57.677181,False,True,False,candidate_only
368336340,JETTY,,WDP2442,49.0,13,40.08035780347154,2025-01-08 13:06:34,29.14061,-89.24723,2025-01-08 13:06:34,29.14061,-89.24723,40.08035780347154,2025-01-08 17:08:31,29.19558,-89.27805,43.0659072266108,-2.985549423139254,stationary/near-stationary,19.84,50.0,2.6,unavailable,24.79,,47.171,insufficient_data,unknown,0,8,13,0.8,161.9,118.66,43.24,,,heading_toward_spill,2025-01-08,28.942782,-88.834958,57.677181,False,False,True,candidate_only
368336310,OUACHITA,,OUACHIT,90.0,896,40.08907663946307,2025-01-08 07:59:52,29.14078,-89.24732,2025-01-08 00:00:03,29.14076,-89.24735,40.09199644234714,2025-01-08 23:41:41,29.14076,-89.24735,40.09199644234714,0.0,stationary/near-stationary,19.82,50.0,100.0,unavailable,39.39,40.096,40.091,near_stationary,approached_then_departed,51,13,896,0.0,,118.68,,138.87,20.19,insufficient_data,2025-01-08,28.942782,-88.834958,57.677181,False,True,False,candidate_only
338409803,SUPERIOR LCM,,,99.0,306,40.20688261555273,2025-01-08 18:36:50,47.1269,-88.61041,2025-01-08 00:00:50,47.12688,-88.61029,40.21178498096813,2025-01-08 23:51:48,47.12685,-88.61032,40.21050262403685,0.0012823569312843,stationary/near-stationary,19.59,50.0,61.2,unavailable,33.43,40.211,40.21,near_stationary,approaching,11,13,306,0.0,,180.63,,0.0,179.37,insufficient_data,2025-01-08,28.942782,-88.834958,57.677181,False,False,False,candidate_only
366991440,T0BIN,,WDC2341,40.0,123,40.231270043919295,2025-01-08 15:35:00,29.15578,-89.24881,2025-01-08 14:02:12,29.27113,-89.34691,49.741177780608126,2025-01-08 17:48:58,29.27171,-89.3463,49.6817936236469,0.0593841569612223,stationary/near-stationary,19.54,50.0,24.6,unavailable,27.91,42.509,46.993,departing,approached_then_departed,30,32,123,8.7,136.5,120.39,16.11,246.08,125.7,heading_toward_spill,2025-01-08,28.942782,-88.834958,57.677181,False,True,True,candidate_only
316001890,CCGS SAMUEL RISLEY,IMO8322442,CG2960,51.0,530,40.31542447000618,2025-01-08 16:50:02,48.40738,-89.00114,2025-01-08 00:00:08,48.36522,-89.17336,47.37101781317194,2025-01-08 23:59:48,48.40906,-89.21615,49.70798633898384,-2.336968525811905,stationary/near-stationary,19.37,50.0,100.0,unavailable,39.12,48.875,49.704,near_stationary,approached_then_departed,46,46,530,12.2,358.8,179.56,179.24,359.64,179.93,not_aligned_with_spill,2025-01-08,28.942782,-88.834958,57.677181,False,True,False,candidate_only
367371520,GAN EDEN,,WDE5779,37.0,1,40.535499656460026,2025-01-08 15:23:47,8.05757,-88.83988,2025-01-08 15:23:47,8.05757,-88.83988,40.535499656460026,2025-01-08 15:23:47,8.05757,-88.83988,40.535499656460026,0.0,stationary/near-stationary,18.93,50.0,0.2,unavailable,23.89,,,insufficient_data,unknown,0,0,1,47.3,184.9,0.01,175.11,,,not_aligned_with_spill,2025-01-08,28.942782,-88.834958,57.677181,False,False,False,candidate_only
368235660,DARAH B,,WDM7609,60.0,216,40.58754184915383,2025-01-08 20:53:58,29.59827,-89.2532,2025-01-08 12:15:23,29.29172,-89.34874,49.914448442865925,2025-01-08 23:17:01,29.29409,-89.34558,49.606995883313246,0.3074525595526793,stationary/near-stationary,18.82,50.0,43.2,unavailable,30.27,47.597,45.057,approaching,approached_then_departed,24,32,216,0.3,74.1,150.8,76.7,254.04,103.24,partially_aligned,2025-01-08,28.942782,-88.834958,57.677181,False,True,False,candidate_only
366916840,EULA B DEVALL,IMO8983064,WDB6046,31.0,34,40.61844252901945,2025-01-08 23:10:10,30.20868,-89.25424,2025-01-08 22:05:49,30.18037,-89.35052,49.91920817080674,2025-01-08 23:10:10,30.20868,-89.25424,40.61844252901945,9.300765641787294,approaching,18.76,100.0,6.8,unavailable,37.28,49.223,,insufficient_data,unknown,29,0,34,5.1,53.6,163.83,110.23,,,not_aligned_with_spill,2025-01-08,28.942782,-88.834958,57.677181,False,False,False,candidate_only
367090270,TITUS,,WCV9471,60.0,50,40.70700461166156,2025-01-08 02:34:38,29.15343,-89.2537,2025-01-08 02:09:14,29.26879,-89.34322,49.38322427896504,2025-01-08 03:03:20,29.00816,-89.34893,49.99742813949427,-0.6142038605292299,stationary/near-stationary,18.59,50.0,10.0,unavailable,25.15,49.383,49.997,near_stationary,approached_then_departed,23,26,50,13.7,180.0,119.82,60.18,181.72,61.9,partially_aligned,2025-01-08,28.942782,-88.834958,57.677181,False,True,False,candidate_only
636017070,ARMIA KRAJOWA,IMO9708033,D5JD7,70.0,81,40.76574680087836,2025-01-08 08:12:27,29.16196,-89.25432,2025-01-08 07:09:52,29.01132,-89.34756,49.86341379344244,2025-01-08 09:04:03,29.27235,-89.34705,49.75451141577315,0.1089023776692883,stationary/near-stationary,18.47,50.0,16.2,unavailable,26.01,49.273,49.755,near_stationary,approached_then_departed,36,41,81,9.6,354.7,120.77,126.07,349.64,131.13,not_aligned_with_spill,2025-01-08,28.942782,-88.834958,57.677181,False,True,False,candidate_only
241845000,ELYTIS,IMO9946702,SVDS7,80.0,56,40.78441069937327,2025-01-08 03:09:24,29.16086,-89.25451,2025-01-08 00:00:05,28.66828,-89.33107,48.34173253540563,2025-01-08 03:54:35,29.26433,-89.33743,48.8217093347734,-0.4799767993677619,stationary/near-stationary,18.43,50.0,11.2,unavailable,25.24,49.861,48.822,approaching,approached_then_departed,21,26,56,10.1,3.9,120.63,116.73,358.55,122.08,not_aligned_with_spill,2025-01-08,28.942782,-88.834958,57.677181,False,True,False,candidate_only
367643990,JAVA,IMO9724245,WDH7025,70.0,55,40.78796963334021,2025-01-08 08:57:18,29.15726,-89.25454,2025-01-08 08:16:47,29.27568,-89.34822,49.867439959180565,2025-01-08 09:33:54,29.03373,-89.3278,47.93621340375629,1.9312265554242811,stationary/near-stationary,18.42,50.0,11.0,unavailable,25.2,49.867,47.936,approaching,approached_then_departed,31,23,55,12.9,178.2,120.21,57.99,178.35,58.14,partially_aligned,2025-01-08,28.942782,-88.834958,57.677181,False,True,False,candidate_only
367052130,FREEDOM,IMO8998186,WDC6155,52.0,51,40.79091428504525,2025-01-08 21:40:17,29.15167,-89.25456,2025-01-08 20:57:16,29.27219,-89.34762,49.80991798662443,2025-01-08 23:57:16,28.9071,-89.27205,42.53948922384552,7.270428762778913,approaching,18.42,100.0,10.2,unavailable,37.58,49.81,49.446,near_stationary,approached_then_departed,19,29,51,11.4,185.3,119.56,65.74,169.73,50.18,partially_aligned,2025-01-08,28.942782,-88.834958,57.677181,False,True,False,candidate_only
477142500,BOCHEM MARENGO,IMO9749025,VRQY7,80.0,56,40.79662830890751,2025-01-08 17:27:19,29.15776,-89.25463,2025-01-08 16:47:58,29.27403,-89.34922,49.96494332613218,2025-01-08 18:09:57,29.0135,-89.34612,49.72282574756656,0.2421175785656188,stationary/near-stationary,18.41,50.0,11.2,unavailable,25.22,49.965,49.723,near_stationary,approached_then_departed,25,30,56,12.9,181.0,120.27,60.73,178.01,57.74,partially_aligned,2025-01-08,28.942782,-88.834958,57.677181,False,True,False,candidate_only
352898696,NORD ALLEGRO,IMO9914498,3E3607,70.0,59,40.79848824769431,2025-01-08 07:07:34,28.55709,-89.25339,2025-01-08 03:00:02,29.25156,-89.3207,47.19906896165035,2025-01-08 07:07:34,28.55709,-89.25339,40.79848824769431,6.400580713956039,approaching,18.4,100.0,11.8,unavailable,37.81,49.791,,insufficient_data,unknown,13,0,59,11.3,153.7,43.47,110.23,,,not_aligned_with_spill,2025-01-08,28.942782,-88.834958,57.677181,False,False,False,candidate_only
538008573,ELISA,IMO9730232,V7A2527,70.0,57,40.80467786893441,2025-01-08 03:23:44,29.16167,-89.25472,2025-01-08 00:00:04,28.6586,-89.30729,46.02721956344215,2025-01-08 04:14:16,29.27031,-89.34432,49.48975357515957,-3.4625340117174237,stationary/near-stationary,18.39,50.0,11.4,unavailable,25.24,42.86,49.49,departing,approached_then_departed,11,28,57,9.9,357.9,120.71,122.81,358.22,122.5,not_aligned_with_spill,2025-01-08,28.942782,-88.834958,57.677181,False,True,False,candidate_only
538009715,PS IMABARI,IMO9908504,V7A5077,80.0,84,40.811233418920125,2025-01-08 01:28:24,29.15762,-89.25478,2025-01-08 00:32:57,29.01042,-89.34803,49.90934545020174,2025-01-08 21:06:42,29.27379,-89.34837,49.88242493852477,0.0269205116769697,stationary/near-stationary,18.38,50.0,16.8,unavailable,26.05,49.909,49.691,near_stationary,approached_then_departed,42,40,84,11.0,3.4,120.24,116.84,359.13,121.11,not_aligned_with_spill,2025-01-08,28.942782,-88.834958,57.677181,False,True,False,candidate_only
367527930,SAMUEL A CHURCH,,WDG3619,50.0,702,40.831240257638456,2025-01-08 21:57:10,29.16533,-89.255,2025-01-08 00:00:00,29.2655,-89.331,48.196808360737926,2025-01-08 23:47:38,29.179,-89.25967,41.28268545785855,6.914122902879377,approaching,18.34,100.0,100.0,unavailable,51.0,41.137,41.137,near_stationary,mixed,51,46,702,20.8,179.7,121.12,58.58,0.0,121.12,partially_aligned,2025-01-08,28.942782,-88.834958,57.677181,False,False,False,candidate_only
369043000,AMERICAN LIBERTY,IMO9763851,KLIO,80.0,41,40.83532596784203,2025-01-08 20:39:01,29.14794,-89.25501,2025-01-08 00:59:51,29.0089,-89.34886,49.99044349327345,2025-01-08 21:30:21,29.27208,-89.3456,49.61371269766858,0.3767307956048711,stationary/near-stationary,18.33,50.0,8.2,unavailable,24.73,47.413,49.614,departing,approached_then_departed,3,5,41,10.9,1.2,119.09,117.89,352.11,126.98,not_aligned_with_spill,2025-01-08,28.942782,-88.834958,57.677181,False,True,False,candidate_only
538008270,YASA FLAMINGO,IMO9857236,V7A2171,80.0,43,40.8433400378096,2025-01-08 20:58:33,29.15745,-89.25511,2025-01-08 20:33:04,29.23277,-89.29717,44.91671390471317,2025-01-08 21:49:23,29.01691,-89.34307,49.42534548539589,-4.508631580682717,stationary/near-stationary,18.31,50.0,8.6,unavailable,24.78,44.917,49.425,departing,approached_then_departed,22,20,43,11.7,180.7,120.2,60.5,180.2,60.0,partially_aligned,2025-01-08,28.942782,-88.834958,57.677181,False,True,False,candidate_only
538008696,HALIFAX EAGLE,IMO9855862,V7A2666,70.0,157,40.84351553434683,2025-01-08 14:10:27,29.15647,-89.25511,2025-01-08 13:32:31,29.27403,-89.34706,49.755116032123134,2025-01-08 23:59:46,28.89795,-89.34706,49.84194997552077,-0.0868339433976359,stationary/near-stationary,18.31,50.0,31.4,unavailable,28.2,49.755,47.972,approaching,approached_then_departed,25,7,157,14.5,179.5,120.09,59.41,180.21,60.12,partially_aligned,2025-01-08,28.942782,-88.834958,57.677181,False,True,False,candidate_only
477885200,THERESA EMPAT,IMO9931173,VRVF9,80.0,50,40.84617370242552,2025-01-08 17:42:37,29.15791,-89.25514,2025-01-08 16:53:09,29.01455,-89.34435,49.55040603173489,2025-01-08 18:28:20,29.27542,-89.3477,49.81698324863263,-0.266577216897744,stationary/near-stationary,18.31,50.0,10.0,unavailable,24.98,49.55,49.817,near_stationary,approached_then_departed,24,25,50,12.0,5.9,120.25,114.35,356.68,123.58,not_aligned_with_spill,2025-01-08,28.942782,-88.834958,57.677181,False,True,False,candidate_only
636019794,LORI,IMO9631125,D5WE7,71.0,52,40.847319394050295,2025-01-08 06:45:02,29.15694,-89.25515,2025-01-08 05:54:32,29.01045,-89.34782,49.88891067477826,2025-01-08 07:31:01,29.27086,-89.3438,49.43911940310968,0.4497912716685803,stationary/near-stationary,18.31,50.0,10.4,unavailable,25.04,49.889,49.439,near_stationary,approached_then_departed,24,27,52,11.5,8.1,120.14,112.04,356.78,123.36,not_aligned_with_spill,2025-01-08,28.942782,-88.834958,57.677181,False,True,False,candidate_only
367420350,THOMAS K,IMO5168091,WDE9709,31.0,1,40.84769362430199,2025-01-08 10:00:34,36.56499,-89.24339,2025-01-08 10:00:34,36.56499,-89.24339,40.84769362430199,2025-01-08 10:00:34,36.56499,-89.24339,40.84769362430199,0.0,stationary/near-stationary,18.3,50.0,0.2,unavailable,23.51,,,insufficient_data,unknown,0,0,1,4.5,87.8,177.31,89.51,,,partially_aligned,2025-01-08,28.942782,-88.834958,57.677181,False,False,False,candidate_only
368381310,CRESPILOT,,WDP7381,50.0,366,40.85247186861967,2025-01-08 03:24:20,29.16618,-89.25522,2025-01-08 00:00:27,29.16834,-89.25769,41.09215848915902,2025-01-08 22:56:46,29.17903,-89.25807,41.12717691861096,-0.035018429451938,stationary/near-stationary,18.3,50.0,73.2,unavailable,34.46,41.131,41.142,near_stationary,departing,22,23,366,27.4,159.9,121.2,38.7,166.88,45.68,heading_toward_spill,2025-01-08,28.942782,-88.834958,57.677181,False,False,True,candidate_only
538003870,GAS FLAWLESS,IMO9354222,V7TS2,80.0,26,40.863772304036594,2025-01-08 23:32:03,29.16277,-89.25533,2025-01-08 22:56:21,29.27084,-89.34698,49.74804119304159,2025-01-08 23:37:36,29.14174,-89.25637,40.96864631198696,8.779394881054628,approaching,18.27,100.0,5.2,unavailable,36.74,49.748,40.969,approaching,approached_then_departed,23,2,26,14.0,164.8,120.8,44.0,170.59,49.79,heading_toward_spill,2025-01-08,28.942782,-88.834958,57.677181,False,True,True,candidate_only
319515000,STOLT VIKING,IMO9196711,ZCON9,80.0,24,40.87151417580675,2025-01-08 23:53:13,29.16296,-89.25541,2025-01-08 23:15:32,29.26981,-89.34405,49.46363315734928,2025-01-08 23:59:31,29.14033,-89.25659,40.99028774386745,8.47334541348183,approaching,18.26,100.0,4.8,unavailable,36.67,49.464,40.99,approaching,approached_then_departed,21,2,24,13.1,164.4,120.82,43.58,175.69,54.87,heading_toward_spill,2025-01-08,28.942782,-88.834958,57.677181,False,True,True,candidate_only
374495000,OCEAN HARVEST,IMO9747467,3FRD4,70.0,62,40.87885955872194,2025-01-08 22:14:25,29.15451,-89.25547,2025-01-08 21:19:36,29.01168,-89.34677,49.78648225884927,2025-01-08 23:06:16,29.27652,-89.34841,49.88571298840972,-0.0992307295604462,stationary/near-stationary,18.24,50.0,12.4,unavailable,25.31,49.786,49.886,near_stationary,approached_then_departed,28,33,62,10.7,2.6,119.84,117.24,358.54,121.3,not_aligned_with_spill,2025-01-08,28.942782,-88.834958,57.677181,False,True,False,candidate_only
311046100,PODLASIE,IMO9346811,C6WT9,70.0,51,40.88791611419249,2025-01-08 18:17:54,29.15821,-89.25557,2025-01-08 17:36:33,29.2729,-89.34742,49.790334156826304,2025-01-08 19:08:33,29.0124,-89.34696,49.80479455922735,-0.014460402401049,stationary/near-stationary,18.22,50.0,10.2,unavailable,24.96,49.79,49.805,near_stationary,approached_then_departed,28,22,51,12.0,182.0,120.26,61.74,179.88,59.61,partially_aligned,2025-01-08,28.942782,-88.834958,57.677181,False,True,False,candidate_only
367570970,MISSISSIPPI DELTA,,WDG7800,60.0,24,40.93935747619231,2025-01-08 19:53:21,29.16405,-89.25611,2025-01-08 19:34:29,29.27538,-89.34151,49.215686428535264,2025-01-08 20:01:03,29.10907,-89.27229,42.52243839492226,6.693248033613003,approaching,18.12,100.0,4.8,unavailable,36.59,49.216,42.522,approaching,approached_then_departed,15,8,24,26.7,183.0,120.9,62.1,177.59,56.68,partially_aligned,2025-01-08,28.942782,-88.834958,57.677181,False,True,False,candidate_only
368199380,MISS TENA,,WDM3674,30.0,406,40.96787720719489,2025-01-08 18:22:18,29.15138,-89.25638,2025-01-08 00:02:37,29.33956,-89.30611,45.76444364028456,2025-01-08 19:28:20,29.01103,-89.34869,49.97340234920616,-4.2089587089216,stationary/near-stationary,18.06,50.0,81.2,unavailable,35.52,49.586,48.687,near_stationary,approached_then_departed,42,41,406,8.0,181.6,119.42,62.18,179.34,59.93,partially_aligned,2025-01-08,28.942782,-88.834958,57.677181,False,True,False,candidate_only
366957490,WILLIAM H JOHNSON,,WDB8368,60.0,28,40.979649339828256,2025-01-08 00:51:43,29.15618,-89.25651,2025-01-08 00:23:36,29.013,-89.3443,49.545905722568506,2025-01-08 20:01:00,29.25872,-89.33207,48.30218699864943,1.2437187239190737,stationary/near-stationary,18.04,50.0,5.6,unavailable,24.16,49.546,43.744,approaching,approached_then_departed,17,8,28,20.5,352.9,119.97,127.07,355.99,123.98,not_aligned_with_spill,2025-01-08,28.942782,-88.834958,57.677181,False,True,False,candidate_only
368042990,P/V ASSISTANT,,WDK3212,50.0,28,41.00325135647034,2025-01-08 18:50:16,29.15466,-89.25675,2025-01-08 18:25:04,29.01178,-89.34474,49.58899238619127,2025-01-08 19:10:20,29.25368,-89.32557,47.6717634572448,1.9172289289464644,stationary/near-stationary,17.99,50.0,5.6,unavailable,24.14,49.589,47.672,approaching,approached_then_departed,10,17,28,24.5,0.3,119.78,119.48,18.93,100.85,not_aligned_with_spill,2025-01-08,28.942782,-88.834958,57.677181,False,True,False,candidate_only
367475170,FEDERAL PILOT 1,,WDF6525,60.0,35,41.00397795365132,2025-01-08 13:23:27,29.15063,-89.25675,2025-01-08 12:54:52,29.01558,-89.34513,49.6260369838121,2025-01-08 13:50:33,29.26565,-89.34153,49.21972726657488,0.406309717237221,stationary/near-stationary,17.99,50.0,7.0,unavailable,24.35,49.626,49.22,near_stationary,approached_then_departed,21,13,35,22.0,7.3,119.31,112.01,10.31,108.99,not_aligned_with_spill,2025-01-08,28.942782,-88.834958,57.677181,False,True,False,candidate_only
538009340,SDTR ALICE,IMO9877834,V7A4615,70.0,31,41.01264480478052,2025-01-08 00:00:03,29.1673,-89.25687,2025-01-08 00:00:03,29.1673,-89.25687,41.01264480478052,2025-01-08 15:21:12,29.25736,-89.32844,47.94981849831537,-6.937173693534852,departing,17.97,25.0,6.2,unavailable,17.96,,47.602,insufficient_data,unknown,0,29,31,9.9,343.2,121.23,138.03,,,not_aligned_with_spill,2025-01-08,28.942782,-88.834958,57.677181,False,False,False,candidate_only
366999615,CG SAWFISH,IMO0000001,NBCU,51.0,35,41.03407236870239,2025-01-08 15:44:51,29.14547,-89.25705,2025-01-08 15:14:09,29.27145,-89.34545,49.59927830080967,2025-01-08 16:34:53,29.02083,-89.34063,49.1870922840563,0.4121860167533739,stationary/near-stationary,17.93,50.0,7.0,unavailable,24.31,49.599,49.187,near_stationary,approached_then_departed,9,25,35,19.0,183.3,118.68,64.62,171.59,52.92,partially_aligned,2025-01-08,28.942782,-88.834958,57.677181,False,True,False,candidate_only
367187330,MISS KIMBERLY,,WDD7503,30.0,72,41.0853148697671,2025-01-08 15:38:07,29.15237,-89.25759,2025-01-08 14:42:06,29.27128,-89.349,49.944175355558734,2025-01-08 16:45:06,29.01324,-89.34684,49.79292373021144,0.1512516253472995,stationary/near-stationary,17.83,50.0,14.4,unavailable,25.36,49.944,48.247,approaching,approached_then_departed,39,28,72,7.8,192.3,119.46,72.84,192.82,73.36,partially_aligned,2025-01-08,28.942782,-88.834958,57.677181,False,True,False,candidate_only
367452650,PORTPILOT,,WDF4502,50.0,921,41.16999218669688,2025-01-08 14:05:41,29.17874,-89.25851,2025-01-08 00:00:02,29.17873,-89.25857,41.17582535384927,2025-01-08 23:45:41,29.17875,-89.2586,41.178737461339686,-0.0029121074904168,stationary/near-stationary,17.66,50.0,100.0,unavailable,38.1,41.181,41.182,near_stationary,approached_then_departed,49,50,921,0.0,269.7,122.41,147.29,270.0,147.59,not_aligned_with_spill,2025-01-08,28.942782,-88.834958,57.677181,False,True,False,candidate_only
368061080,JUDITH ANN,IMO9852614,WDK5040,30.0,45,41.21015288569903,2025-01-08 05:20:26,29.13407,-89.25884,2025-01-08 00:00:02,29.40357,-89.30877,46.0105285182002,2025-01-08 19:22:42,29.30971,-89.32185,47.29890160034558,-1.2883730821453838,stationary/near-stationary,17.58,50.0,9.0,unavailable,24.4,49.944,49.784,near_stationary,approached_then_departed,12,26,45,17.7,197.0,117.2,79.8,167.7,50.5,partially_aligned,2025-01-08,28.942782,-88.834958,57.677181,False,True,False,candidate_only
367143710,MICHAEL A NADICKSBER,,WDD4358,31.0,4,41.25407244155203,2025-01-08 15:09:34,41.3456,-88.46322,2025-01-08 15:09:34,41.3456,-88.46322,41.25407244155203,2025-01-08 15:47:22,41.36174,-88.39269,46.57651134991835,-5.322438908366316,departing,17.49,25.0,0.8,unavailable,16.87,,46.577,insufficient_data,unknown,0,3,4,5.2,69.7,181.51,111.81,,,not_aligned_with_spill,2025-01-08,28.942782,-88.834958,57.677181,False,False,False,candidate_only
367192710,BAR PILOT,IMO1199636,WDD7896,60.0,180,41.39129622691921,2025-01-08 22:22:23,29.17495,-89.26078,2025-01-08 00:00:38,29.17335,-89.26217,41.52668275257419,2025-01-08 22:41:39,29.27205,-89.34778,49.82549153202108,-8.298808779446894,departing,17.22,25.0,36.0,unavailable,21.98,49.766,49.825,near_stationary,approached_then_departed,29,6,180,8.2,335.9,121.85,145.95,351.98,129.87,not_aligned_with_spill,2025-01-08,28.942782,-88.834958,57.677181,False,True,False,candidate_only
368207090,CAPT. BOB MOORE,,WDM4514,50.0,45,41.455060844092166,2025-01-08 16:29:12,29.17169,-89.26143,2025-01-08 16:00:30,29.01242,-89.34505,49.61899701655939,2025-01-08 19:14:36,29.01347,-89.34373,49.49034979731445,0.1286472192449395,stationary/near-stationary,17.09,50.0,9.0,unavailable,24.1,49.619,49.661,near_stationary,approached_then_departed,12,7,45,24.6,334.9,121.45,146.55,355.2,126.24,not_aligned_with_spill,2025-01-08,28.942782,-88.834958,57.677181,False,True,False,candidate_only
368199000,AMERICAN PRIDE,IMO9763863,KAPD,80.0,17,41.51584270690388,2025-01-08 23:59:45,29.17954,-89.26207,2025-01-08 23:28:43,29.27253,-89.34703,49.75252924570138,2025-01-08 23:59:45,29.17954,-89.26207,41.51584270690388,8.236686538797507,approaching,16.97,100.0,3.4,unavailable,35.69,49.753,,insufficient_data,unknown,16,0,17,13.6,159.3,122.28,37.02,,,heading_toward_spill,2025-01-08,28.942782,-88.834958,57.677181,False,False,True,candidate_only
367701220,MISS MARY ANN,,WDI4703,31.0,1,41.73926842464518,2025-01-08 15:48:14,41.31175,-89.21372,2025-01-08 15:48:14,41.31175,-89.21372,41.73926842464518,2025-01-08 15:48:14,41.31175,-89.21372,41.73926842464518,0.0,stationary/near-stationary,16.52,50.0,0.2,unavailable,22.44,,,insufficient_data,unknown,0,0,1,0.2,,178.45,,,,insufficient_data,2025-01-08,28.942782,-88.834958,57.677181,False,False,False,candidate_only
366967580,ERNA E HONEYCUTT,,WDK9894,31.0,1,43.02150642521968,2025-01-08 14:40:38,41.34958,-88.43937,2025-01-08 14:40:38,41.34958,-88.43937,43.02150642521968,2025-01-08 14:40:38,41.34958,-88.43937,43.02150642521968,0.0,stationary/near-stationary,13.96,50.0,0.2,unavailable,20.9,,,insufficient_data,unknown,0,0,1,3.4,250.8,181.61,69.19,,,partially_aligned,2025-01-08,28.942782,-88.834958,57.677181,False,False,False,candidate_only
366968740,NOLA,,WDB9045,30.0,8,43.27591601459433,2025-01-08 03:01:05,29.20537,-89.28023,2025-01-08 02:48:43,29.26886,-89.34464,49.52115479761783,2025-01-08 22:35:31,29.2657,-89.34127,49.19445839823045,0.326696399387373,stationary/near-stationary,13.45,50.0,1.6,unavailable,20.81,49.521,,insufficient_data,unknown,2,0,8,24.9,147.6,123.9,23.7,,,heading_toward_spill,2025-01-08,28.942782,-88.834958,57.677181,False,False,True,candidate_only
368069440,PORTIER1,,WDK5909,52.0,348,43.35472849788118,2025-01-08 17:55:47,29.07443,-89.28078,2025-01-08 00:06:29,29.05836,-89.30284,45.50329793781614,2025-01-08 23:51:25,29.05836,-89.30284,45.50329793781614,0.0,stationary/near-stationary,13.29,50.0,69.6,unavailable,30.91,43.361,43.357,near_stationary,approaching,16,13,348,0.0,134.7,108.55,26.15,270.0,161.45,heading_toward_spill,2025-01-08,28.942782,-88.834958,57.677181,False,False,True,candidate_only
303104000,SEABULK CHALLENGE,IMO7816551,KNJL,80.0,14,43.52743324819826,2025-01-08 20:47:00,29.21654,-89.28284,2025-01-08 01:00:00,29.04654,-89.31731,46.91310860251654,2025-01-08 21:09:31,29.26757,-89.34114,49.18142603702878,-2.268317434512241,stationary/near-stationary,12.95,50.0,2.8,unavailable,20.69,43.785,49.181,departing,mixed,1,1,14,12.3,327.8,124.86,157.06,345.21,139.65,not_aligned_with_spill,2025-01-08,28.942782,-88.834958,57.677181,False,False,False,candidate_only
367472120,ISLAND TRADER,,WDF6238,52.0,21,44.20135925447224,2025-01-08 00:00:39,30.18817,-89.29133,2025-01-08 00:00:39,30.18817,-89.29133,44.20135925447224,2025-01-08 00:26:29,30.1809,-89.34928,49.799339819093184,-5.597980564620947,departing,11.6,25.0,4.2,unavailable,13.84,,49.799,insufficient_data,unknown,0,20,21,7.4,237.4,162.21,75.19,,,partially_aligned,2025-01-08,28.942782,-88.834958,57.677181,False,False,False,candidate_only
366997450,LA BELLE,IMO0000097,WDC2767,31.0,695,45.30800430248309,2025-01-08 15:01:25,29.35524,-89.30144,2025-01-08 00:00:24,29.29614,-89.3415,49.21026056196279,2025-01-08 23:59:45,29.29532,-89.34439,49.49114421781256,-0.2808836558497702,stationary/near-stationary,9.38,50.0,100.0,unavailable,33.13,49.919,47.824,approaching,approached_then_departed,21,17,695,7.3,4.1,135.24,131.14,1.19,134.05,not_aligned_with_spill,2025-01-08,28.942782,-88.834958,57.677181,False,True,False,candidate_only
368185780,OSPREY,,WDM2178,33.0,30,45.33116888889429,2025-01-08 19:10:28,29.35082,-89.30167,2025-01-08 18:36:28,29.29287,-89.34795,49.83746323426224,2025-01-08 19:37:58,29.22857,-89.34896,49.94972392788286,-0.1122606936206196,stationary/near-stationary,9.34,50.0,6.0,unavailable,19.0,49.837,49.95,near_stationary,approached_then_departed,19,10,30,19.1,172.6,134.92,37.68,182.35,47.43,heading_toward_spill,2025-01-08,28.942782,-88.834958,57.677181,False,True,True,candidate_only
368109220,CHAMPION,,WDL2110,37.0,180,45.3375174348078,2025-01-08 19:41:11,29.35836,-89.30175,2025-01-08 13:12:29,29.29252,-89.3484,49.88124900675872,2025-01-08 22:21:42,29.29438,-89.34597,49.64481447967415,0.2364345270845618,stationary/near-stationary,9.32,50.0,36.0,unavailable,23.49,49.676,45.474,approaching,approaching,23,10,180,34.3,353.8,135.44,141.64,357.29,138.15,not_aligned_with_spill,2025-01-08,28.942782,-88.834958,57.677181,False,False,False,candidate_only
368116290,COLENEL,,WDL2887,60.0,139,45.34602045360519,2025-01-08 16:22:40,29.3493,-89.30182,2025-01-08 13:18:16,29.29477,-89.34518,49.5679964059933,2025-01-08 22:21:12,29.29494,-89.34492,49.54270560139415,0.0252908045991517,stationary/near-stationary,9.31,50.0,27.8,unavailable,22.25,49.85,49.273,near_stationary,approached_then_departed,23,6,139,30.6,184.7,134.8,49.9,189.09,54.29,partially_aligned,2025-01-08,28.942782,-88.834958,57.677181,False,True,False,candidate_only
368237370,FRED A SETTOON,IMO1061278,WDM7801,31.0,67,45.35744259732719,2025-01-08 20:58:42,29.35567,-89.30195,2025-01-08 19:40:33,29.45804,-89.34703,49.71317605880586,2025-01-08 22:09:33,29.27477,-89.34953,49.99489496922296,-0.2817189104170907,stationary/near-stationary,9.29,50.0,13.4,unavailable,20.08,47.534,49.773,departing,approached_then_departed,25,30,67,4.9,184.9,135.24,49.66,180.17,44.93,partially_aligned,2025-01-08,28.942782,-88.834958,57.677181,False,True,False,candidate_only
368284000,LANEY CHOUEST,IMO9271690,WDN5472,30.0,1,45.36924154319017,2025-01-08 23:50:07,28.25786,-89.29949,2025-01-08 23:50:07,28.25786,-89.29949,45.36924154319017,2025-01-08 23:50:07,28.25786,-89.29949,45.36924154319017,0.0,stationary/near-stationary,9.26,50.0,0.2,unavailable,18.09,,,insufficient_data,unknown,0,0,1,11.5,125.2,30.66,94.54,,,not_aligned_with_spill,2025-01-08,28.942782,-88.834958,57.677181,False,False,False,candidate_only
238179000,TROGIR,IMO9222572,9A7311,70.0,10,45.86716692216698,2025-01-08 23:59:03,29.06223,-89.30659,2025-01-08 23:36:22,29.00879,-89.34882,49.98657853614042,2025-01-08 23:59:03,29.06223,-89.30659,45.86716692216698,4.1194116139734405,stationary/near-stationary,8.27,50.0,2.0,unavailable,17.76,49.987,,insufficient_data,unknown,9,0,10,10.0,44.1,106.04,61.94,,,partially_aligned,2025-01-08,28.942782,-88.834958,57.677181,False,False,False,candidate_only
366963070,PHILIP M PFEFFER,,WDL2015,31.0,1,45.90511815103832,2025-01-08 21:48:14,41.35973,-88.4014,2025-01-08 21:48:14,41.35973,-88.4014,45.90511815103832,2025-01-08 21:48:14,41.35973,-88.4014,45.90511815103832,0.0,stationary/near-stationary,8.19,50.0,0.2,unavailable,17.44,,,insufficient_data,unknown,0,0,1,3.9,245.0,181.76,63.24,,,partially_aligned,2025-01-08,28.942782,-88.834958,57.677181,False,False,False,candidate_only
367606270,MS JOLIE,IMO9667772,WDH3295,60.0,33,46.07067694851112,2025-01-08 18:49:49,28.33469,-89.30689,2025-01-08 16:38:43,28.35284,-89.32739,48.06567123633017,2025-01-08 22:37:33,28.3357,-89.30863,46.24015715000864,1.825514086321533,stationary/near-stationary,7.86,50.0,6.6,unavailable,18.21,46.073,,insufficient_data,unknown,1,0,33,1.1,246.8,34.15,147.35,,,not_aligned_with_spill,2025-01-08,28.942782,-88.834958,57.677181,False,False,False,candidate_only
538010623,NOBLE  VALIANT,IMO9624158,V7A7162,90.0,176,46.20385029375793,2025-01-08 23:49:18,28.33649,-89.30826,2025-01-08 00:50:49,28.3366,-89.30875,46.25162378059039,2025-01-08 23:57:19,28.3365,-89.30832,46.209701034188,0.0419227464023919,stationary/near-stationary,7.59,50.0,35.2,unavailable,22.34,46.208,46.21,near_stationary,approached_then_departed,24,5,176,0.0,127.3,34.3,93.0,240.4,153.9,not_aligned_with_spill,2025-01-08,28.942782,-88.834958,57.677181,False,True,False,candidate_only
369240000,PEYTON CANDIES,IMO9551507,WTAF,70.0,44,46.31525212785847,2025-01-08 01:46:34,28.33579,-89.3094,2025-01-08 00:07:14,28.33583,-89.30946,46.32109487191128,2025-01-08 05:47:26,28.33658,-89.31035,46.4077202088705,-0.0866253369592229,stationary/near-stationary,7.37,50.0,8.8,unavailable,18.24,46.321,46.32,near_stationary,departing,8,10,44,0.2,191.7,34.34,157.36,55.72,21.38,not_aligned_with_spill,2025-01-08,28.942782,-88.834958,57.677181,False,False,False,candidate_only
367652000,PELICAN,IMO8517009,WDD6114,39.0,41,46.94064751120551,2025-01-08 03:17:35,29.04514,-89.31759,2025-01-08 02:51:37,29.01024,-89.34767,49.87436908640888,2025-01-08 03:42:56,29.01064,-89.34818,49.923884626986656,-0.0495155405777723,stationary/near-stationary,6.12,50.0,8.2,unavailable,17.4,49.874,49.924,near_stationary,approached_then_departed,18,22,41,2.7,28.4,103.51,75.11,2.09,101.43,partially_aligned,2025-01-08,28.942782,-88.834958,57.677181,False,True,False,candidate_only
338334012,SOMEDAY CAME,,,37.0,257,47.14393243467047,2025-01-08 15:59:42,30.30993,-89.32197,2025-01-08 00:02:43,30.30991,-89.32199,47.145864958454645,2025-01-08 22:56:43,30.30991,-89.32199,47.145864958454645,0.0,stationary/near-stationary,5.71,50.0,51.4,unavailable,23.64,47.147,47.145,near_stationary,approached_then_departed,13,11,257,0.0,,162.67,,180.0,17.33,insufficient_data,2025-01-08,28.942782,-88.834958,57.677181,False,True,False,candidate_only
338161000,VOODOO,,WCZ4546,37.0,279,47.356233619671386,2025-01-08 14:41:42,30.30986,-89.32417,2025-01-08 00:05:40,30.30982,-89.32419,47.35816884578897,2025-01-08 22:59:41,30.30983,-89.3242,47.359132495681656,-0.0009636498926894,stationary/near-stationary,5.29,50.0,55.8,unavailable,24.04,47.357,47.359,near_stationary,departing,11,14,279,0.0,141.4,162.6,21.2,0.0,162.6,heading_toward_spill,2025-01-08,28.942782,-88.834958,57.677181,False,False,True,candidate_only
316001094,FLORENCE M,IMO5118797,VC3962,52.0,17,47.58205132796007,2025-01-08 15:07:30,48.43965,-89.17548,2025-01-08 14:40:30,48.39119,-89.21746,49.75760807725826,2025-01-08 23:47:41,48.38963,-89.21832,49.80316996010475,-0.0455618828464921,stationary/near-stationary,4.84,50.0,3.4,unavailable,15.91,49.758,,insufficient_data,unknown,5,0,17,9.1,18.3,179.11,160.81,,,not_aligned_with_spill,2025-01-08,28.942782,-88.834958,57.677181,False,False,False,candidate_only
316032539,POINT VALOUR,IMO5118759,VC3237,52.0,13,47.69814922681292,2025-01-08 16:31:36,48.37871,-89.17934,2025-01-08 15:49:05,48.35213,-89.19832,48.66476487532074,2025-01-08 17:04:35,48.41276,-89.21533,49.66755057317104,-1.0027856978502996,stationary/near-stationary,4.6,50.0,2.6,unavailable,15.65,48.665,49.668,departing,approached_then_departed,8,4,13,11.5,8.5,179.09,170.59,331.89,152.8,not_aligned_with_spill,2025-01-08,28.942782,-88.834958,57.677181,False,True,False,candidate_only
636017335,CHEM BARCELONA,IMO9725835,D5KK6,80.0,328,47.81981252780191,2025-01-08 06:03:48,28.90903,-89.32631,2025-01-08 00:00:48,28.90927,-89.3265,47.83824785619366,2025-01-08 23:39:48,28.91056,-89.32712,47.89828668234816,-0.0600388261545035,stationary/near-stationary,4.36,50.0,65.6,unavailable,24.96,47.84,47.835,near_stationary,approached_then_departed,14,16,328,0.1,159.6,85.39,74.21,285.94,159.45,partially_aligned,2025-01-08,28.942782,-88.834958,57.677181,False,True,False,candidate_only
538004245,FEDERAL YOSHINO,IMO9218416,V7VY9,70.0,206,47.85826347668004,2025-01-08 01:02:11,48.45188,-89.18051,2025-01-08 00:02:11,48.4519,-89.18057,47.86139978230466,2025-01-08 23:56:11,48.4519,-89.18056,47.86088157135689,0.0005182109477672,stationary/near-stationary,4.28,50.0,41.2,unavailable,21.25,47.861,47.862,near_stationary,approached_then_departed,8,7,206,0.0,214.3,179.09,35.21,270.0,90.91,heading_toward_spill,2025-01-08,28.942782,-88.834958,57.677181,False,True,True,candidate_only
538011304,MANTA KEREM,IMO9539535,V7A6931,70.0,297,48.002876775534105,2025-01-08 11:03:10,28.88788,-89.32814,2025-01-08 00:03:10,28.88815,-89.32839,48.02714626987821,2025-01-08 23:57:10,28.8897,-89.3291,48.095886659025226,-0.0687403891470168,stationary/near-stationary,3.99,50.0,59.4,unavailable,23.81,48.035,48.037,near_stationary,approached_then_departed,7,13,297,0.0,137.0,82.63,54.37,312.42,130.22,partially_aligned,2025-01-08,28.942782,-88.834958,57.677181,False,True,False,candidate_only
352003083,KATAGALAN BRAVE,IMO9950533,3E5970,70.0,4,48.39406823215272,2025-01-08 23:57:12,29.26066,-89.33302,2025-01-08 23:51:50,29.27272,-89.3477,49.81757351862985,2025-01-08 23:57:12,29.26066,-89.33302,48.39406823215272,1.4235052864771305,stationary/near-stationary,3.21,50.0,0.8,unavailable,14.55,49.818,,insufficient_data,unknown,3,0,4,12.0,130.3,126.02,4.28,,,heading_toward_spill,2025-01-08,28.942782,-88.834958,57.677181,False,False,True,candidate_only
232006316,VS PROSPERA,IMO9298313,MAOT6,89.0,331,48.51778497435765,2025-01-08 05:54:55,28.86333,-89.33337,2025-01-08 00:00:52,28.86334,-89.33348,48.528490375578656,2025-01-08 23:58:01,28.86445,-89.33423,48.60123179755102,-0.0727414219723669,stationary/near-stationary,2.96,50.0,66.2,unavailable,24.21,48.547,48.534,near_stationary,approached_then_departed,12,20,331,0.0,300.6,79.56,138.96,264.56,175.0,not_aligned_with_spill,2025-01-08,28.942782,-88.834958,57.677181,False,True,False,candidate_only
311000716,ARIANA,IMO9828297,C6DM3,70.0,1,48.72068711661302,2025-01-08 00:51:25,27.50045,-88.33846,2025-01-08 00:51:25,27.50045,-88.33846,48.72068711661302,2025-01-08 00:51:25,27.50045,-88.33846,48.72068711661302,0.0,stationary/near-stationary,2.56,50.0,0.2,unavailable,14.07,,,insufficient_data,unknown,0,0,1,12.1,146.3,343.24,163.06,,,not_aligned_with_spill,2025-01-08,28.942782,-88.834958,57.677181,False,False,False,candidate_only
367041150,DIXIE,,WDC5441,52.0,326,48.97795957665987,2025-01-08 17:44:55,29.29689,-89.33911,2025-01-08 00:01:07,29.29541,-89.34368,49.422161903618566,2025-01-08 23:59:13,29.29603,-89.34141,49.20154234591847,0.2206195577000969,stationary/near-stationary,2.04,50.0,65.2,unavailable,23.51,49.997,49.606,near_stationary,approached_then_departed,11,22,326,0.6,271.3,128.68,142.62,72.55,56.13,not_aligned_with_spill,2025-01-08,28.942782,-88.834958,57.677181,False,True,False,candidate_only
367074940,MASTER LANDIN,,WDC7667,52.0,610,49.12095055647453,2025-01-08 21:43:22,29.20169,-89.34037,2025-01-08 00:00:48,29.15714,-89.34906,49.97549482994489,2025-01-08 23:58:00,29.14834,-89.34729,49.80544014579432,0.1700546841505712,stationary/near-stationary,1.76,50.0,100.0,unavailable,28.55,49.64,49.877,near_stationary,approached_then_departed,16,32,610,6.5,177.3,120.25,57.05,177.88,57.63,partially_aligned,2025-01-08,28.942782,-88.834958,57.677181,False,True,False,candidate_only
367398940,MR MILTON,,WDL2074,52.0,570,49.13815279138365,2025-01-08 06:36:56,29.19859,-89.34054,2025-01-08 06:13:37,29.24032,-89.34393,49.45840251065132,2025-01-08 23:59:37,29.14892,-89.34708,49.784895220832325,-0.3264927101810073,stationary/near-stationary,1.72,50.0,100.0,unavailable,28.53,49.458,49.839,near_stationary,approached_then_departed,10,43,570,6.3,190.9,119.94,70.96,182.97,63.03,partially_aligned,2025-01-08,28.942782,-88.834958,57.677181,False,True,False,candidate_only
367653490,CHRISTI C,IMO0000041,WDH7980,31.0,702,49.15100675264689,2025-01-08 18:51:10,29.29616,-89.34089,2025-01-08 01:00:09,29.29534,-89.34383,49.43674659424974,2025-01-08 23:59:39,29.29557,-89.34395,49.44835280666639,-0.0116062124166447,stationary/near-stationary,1.7,50.0,100.0,unavailable,28.52,49.219,49.358,near_stationary,departing,31,24,702,0.3,343.8,128.52,144.72,59.84,68.68,not_aligned_with_spill,2025-01-08,28.942782,-88.834958,57.677181,False,False,False,candidate_only
368177390,LIGHTNING P,,WDL9252,60.0,64,49.173664940602606,2025-01-08 14:04:13,29.20503,-89.34092,2025-01-08 00:03:37,29.15727,-89.34893,49.9628289978335,2025-01-08 23:11:14,29.23374,-89.34206,49.27814945945562,0.6846795383778783,stationary/near-stationary,1.65,50.0,12.8,unavailable,15.41,49.42,49.966,near_stationary,approached_then_departed,5,17,64,27.9,170.4,120.55,49.85,177.03,56.48,partially_aligned,2025-01-08,28.942782,-88.834958,57.677181,False,True,False,candidate_only
367423260,WILLIAM,IMO0000138,WDF2392,31.0,3,49.25646453748822,2025-01-08 00:00:01,30.18085,-89.34366,2025-01-08 00:00:01,30.18085,-89.34366,49.25646453748822,2025-01-08 00:02:31,30.18096,-89.34907,49.77904440203898,-0.5225798645507567,stationary/near-stationary,1.49,50.0,0.6,unavailable,13.48,,49.779,insufficient_data,unknown,0,2,3,6.8,272.4,160.21,112.19,,,not_aligned_with_spill,2025-01-08,28.942782,-88.834958,57.677181,False,False,False,candidate_only
367156710,JOAN CENAC,,WDD5325,31.0,264,49.47074672128564,2025-01-08 07:03:07,29.29532,-89.34418,2025-01-08 00:00:03,29.29536,-89.34425,49.47753727180715,2025-01-08 23:56:54,29.29536,-89.34466,49.51736094931388,-0.0398236775067317,stationary/near-stationary,1.06,50.0,52.8,unavailable,21.06,49.481,49.481,near_stationary,approached_then_departed,17,19,264,0.0,216.7,128.27,88.43,249.08,120.81,partially_aligned,2025-01-08,28.942782,-88.834958,57.677181,False,True,False,candidate_only
316026694,CSL ST-LAURENT,IMO9665281,CFK5152,70.0,314,49.61501624963442,2025-01-08 16:18:00,48.40517,-89.21455,2025-01-08 00:06:00,48.40518,-89.21456,49.6155785308765,2025-01-08 23:59:59,48.40518,-89.21456,49.6155785308765,0.0,stationary/near-stationary,0.77,50.0,62.8,unavailable,22.38,49.616,49.616,near_stationary,mixed,6,12,314,0.0,241.0,179.0,62.0,0.0,179.0,partially_aligned,2025-01-08,28.942782,-88.834958,57.677181,False,False,False,candidate_only
367474890,MASTER MYLES,,WDF6498,52.0,569,49.78003262770757,2025-01-08 17:46:26,29.14893,-89.34703,2025-01-08 00:00:05,29.14826,-89.34712,49.78893312609656,2025-01-08 23:59:26,29.14818,-89.34712,49.788951266755824,-1.814065926453168e-05,stationary/near-stationary,0.44,50.0,100.0,unavailable,27.76,49.79,49.786,near_stationary,approached_then_departed,19,24,569,0.0,237.9,114.6,123.3,16.23,98.37,not_aligned_with_spill,2025-01-08,28.942782,-88.834958,57.677181,False,True,False,candidate_only
316033712,TECLUTSA,,CFA2341,52.0,35,49.81556501679389,2025-01-08 08:14:03,48.38937,-89.21855,2025-01-08 00:13:45,48.38935,-89.21858,49.81719966237126,2025-01-08 23:17:00,48.38935,-89.21858,49.81719966237126,0.0,stationary/near-stationary,0.37,50.0,7.0,unavailable,13.77,,49.818,insufficient_data,unknown,0,1,35,0.0,,178.99,,,,insufficient_data,2025-01-08,28.942782,-88.834958,57.677181,False,False,False,candidate_only
366941450,RP HEPLER,,WDN7019,37.0,7,49.90070687440758,2025-01-08 14:24:31,29.22615,-89.34845,2025-01-08 00:23:24,29.22857,-89.34893,49.94680894976701,2025-01-08 19:47:56,29.22475,-89.34897,49.95154535506689,-0.0047364052998801,stationary/near-stationary,0.2,50.0,1.4,unavailable,12.83,,,insufficient_data,unknown,0,0,7,17.5,1.4,122.15,120.75,,,not_aligned_with_spill,2025-01-08,28.942782,-88.834958,57.677181,False,False,False,candidate_only
367697130,BLAKE DENTON,,WDI4288,52.0,1,49.90864179155274,2025-01-08 03:18:37,36.59415,-89.34618,2025-01-08 03:18:37,36.59415,-89.34618,49.90864179155274,2025-01-08 03:18:37,36.59415,-89.34618,49.90864179155274,0.0,stationary/near-stationary,0.18,50.0,0.2,unavailable,12.64,,,insufficient_data,unknown,0,0,1,9.3,229.0,176.64,52.36,,,partially_aligned,2025-01-08,28.942782,-88.834958,57.677181,False,False,False,candidate_only
368264020,MS.ALICE,IMO0000103,WDN2632,31.0,2,49.92655965682232,2025-01-08 20:01:05,29.22787,-89.34872,2025-01-08 16:23:55,29.2236,-89.34928,49.981923602896266,2025-01-08 20:01:05,29.22787,-89.34872,49.92655965682232,0.0553639460739461,stationary/near-stationary,0.15,50.0,0.4,unavailable,12.65,,,insufficient_data,unknown,0,0,2,7.4,163.8,122.29,41.51,,,heading_toward_spill,2025-01-08,28.942782,-88.834958,57.677181,False,False,True,candidate_only
